id_cliente;id_empresa;cargo;departamento;e-mail
s/i;;;;
1;5;Especialista;Segurança do Trabalho;cliente1@empresa5.com
2;215;Analista;Recursos Humanos;cliente2@empresa215.com
3;7;Gerente;Recursos Humanos;cliente3@empresa7.com
4;8;Analista;Recursos Humanos;cliente4@empresa8.com
5;142;Analista;Recursos Humanos;cliente5@empresa142.com
6;579;Farmacêutico (a) Responsável;Assuntos Regulatórios;cliente6@empresa579.com
7;9;Gerente;Jurídico;cliente7@empresa9.com
8;10;Diretor (a) / Vice Presidente;Recursos Humanos;cliente8@empresa10.com
9;11;Médico (a);Médico;cliente9@empresa11.com
10;12;Coordenador (a) / Supervisor (a);Recursos Humanos;cliente10@empresa12.com
11;13;Gerente;Segurança do Trabalho;cliente11@empresa13.com
12;16;Coordenador (a) / Supervisor (a);Administrativo;cliente12@empresa16.com
13;18;Analista;Recursos Humanos;cliente13@empresa18.com
14;33;Coordenador (a) / Supervisor (a);Recursos Humanos;cliente14@empresa33.com
15;23;Gerente;Médico;cliente15@empresa23.com
16;26;Diretor (a) / Vice Presidente;Recursos Humanos;cliente16@empresa26.com
17;29;Analista;Recursos Humanos;cliente17@empresa29.com
18;30;Gerente;Jurídico;cliente18@empresa30.com
19;658;Coordenador (a) / Supervisor (a);Recursos Humanos;cliente19@empresa658.com
20;34;Coordenador (a) / Supervisor (a);Médico;cliente20@empresa34.com
21;610;Assistente / Assessor (a) / Auxiliar;Recursos Humanos;cliente21@empresa610.com
22;44;Coordenador (a) / Supervisor (a);Segurança do Trabalho;cliente22@empresa44.com
23;47;Gerente;Treinamento de Força de Vendas;cliente23@empresa47.com
24;48;Coordenador (a) / Supervisor (a);Administrativo;cliente24@empresa48.com
25;769;Coordenador (a) / Supervisor (a);Garantia / Controle de Qualidade;cliente25@empresa769.com
26;52;Gerente;Segurança do Trabalho;cliente26@empresa52.com
27;54;Analista;Recursos Humanos;cliente27@empresa54.com
28;56;Coordenador (a) / Supervisor (a);Recursos Humanos;cliente28@empresa56.com
29;57;Analista;Compras / Suprimentos;cliente29@empresa57.com
30;862;Diretor (a) / Vice Presidente;Assuntos Regulatórios;cliente30@empresa862.com
31;60;Gerente;Médico;cliente31@empresa60.com
32;62;Técnico;Segurança do Trabalho;cliente32@empresa62.com
33;715;Analista;Recursos Humanos;cliente33@empresa715.com
34;749;Gerente;Garantia / Controle de Qualidade;cliente34@empresa749.com
35;882;Analista;Recursos Humanos;cliente35@empresa882.com
36;65;Gerente;Recursos Humanos;cliente36@empresa65.com
37;67;Especialista;Segurança do Trabalho;cliente37@empresa67.com
38;68;Coordenador (a) / Supervisor (a);Recursos Humanos;cliente38@empresa68.com
39;69;Técnico;Recursos Humanos;cliente39@empresa69.com
40;73;Gerente;Jurídico;cliente40@empresa73.com
41;77;Analista;Recursos Humanos;cliente41@empresa77.com
42;79;Diretor (a) / Vice Presidente;Recursos Humanos;cliente42@empresa79.com
43;80;Gerente;Recursos Humanos;cliente43@empresa80.com
44;661;Analista;Recursos Humanos;cliente44@empresa661.com
45;83;Gerente;Assuntos Regulatórios;cliente45@empresa83.com
46;85;Médico (a);Recursos Humanos;cliente46@empresa85.com
47;426;Coordenador (a) / Supervisor (a);Segurança do Trabalho;cliente47@empresa426.com
48;1043;Presidente;Presidência;cliente48@empresa1043.com
49;100;Coordenador (a) / Supervisor (a);Médico;cliente49@empresa100.com
50;59;Analista;Recursos Humanos;cliente50@empresa59.com
51;457;Analista;Recursos Humanos;cliente51@empresa457.com
52;106;Médico (a);Médico;cliente52@empresa106.com
53;108;Especialista;Recursos Humanos;cliente53@empresa108.com
54;123;Médico (a);Médico;cliente54@empresa123.com
55;110;Gerente;Recursos Humanos;cliente55@empresa110.com
56;737;Coordenador (a) / Supervisor (a);Recursos Humanos;cliente56@empresa737.com
57;114;Gerente;Recursos Humanos;cliente57@empresa114.com
58;501;Coordenador (a) / Supervisor (a);Recursos Humanos;cliente58@empresa501.com
59;107;Gerente;Treinamento de Força de Vendas;cliente59@empresa107.com
60;96;Gerente;Segurança do Trabalho;cliente60@empresa96.com
61;541;Advogado (a);Jurídico;cliente61@empresa541.com
62;118;Técnico;Segurança do Trabalho;cliente62@empresa118.com
63;121;Gerente;Segurança do Trabalho;cliente63@empresa121.com
64;909;Coordenador (a) / Supervisor (a);Recursos Humanos;cliente64@empresa909.com
65;582;Médico (a);Recursos Humanos;cliente65@empresa582.com
66;128;Analista;Administrativo;cliente66@empresa128.com
67;130;Gerente;Recursos Humanos;cliente67@empresa130.com
68;132;Gerente;Recursos Humanos;cliente68@empresa132.com
69;592;Gerente;Recursos Humanos;cliente69@empresa592.com
70;708;Técnico;Segurança do Trabalho;cliente70@empresa708.com
71;689;Analista;Recursos Humanos;cliente71@empresa689.com
72;139;Técnico;Segurança do Trabalho;cliente72@empresa139.com
73;601;Gerente;Recursos Humanos;cliente73@empresa601.com
74;141;Gerente;Jurídico;cliente74@empresa141.com
75;143;Coordenador (a) / Supervisor (a);Recursos Humanos;cliente75@empresa143.com
76;5;Gerente;Fiscal;cliente76@empresa5.com
77;7;Coordenador (a) / Supervisor (a);Garantia / Controle de Qualidade;cliente77@empresa7.com
78;142;Gerente;Recursos Humanos;cliente78@empresa142.com
79;13;Gerente;Recursos Humanos;cliente79@empresa13.com
80;16;Analista;Recursos Humanos;cliente80@empresa16.com
81;256;Diretor (a) / Vice Presidente;Recursos Humanos;cliente81@empresa256.com
82;30;Especialista;Controladoria;cliente82@empresa30.com
83;669;Analista;Recursos Humanos;cliente83@empresa669.com
84;48;Coordenador (a) / Supervisor (a);Recursos Humanos;cliente84@empresa48.com
85;49;Gerente;Recursos Humanos;cliente85@empresa49.com
86;52;Analista;Recursos Humanos;cliente86@empresa52.com
87;62;Coordenador (a) / Supervisor (a);Fiscal;cliente87@empresa62.com
88;65;Gerente;Fiscal;cliente88@empresa65.com
89;68;Gerente;Recursos Humanos;cliente89@empresa68.com
90;670;Analista;Recursos Humanos;cliente90@empresa670.com
91;661;Analista;Recursos Humanos;cliente91@empresa661.com
92;85;Gerente;Recursos Humanos;cliente92@empresa85.com
93;426;Gerente;Recursos Humanos;cliente93@empresa426.com
94;88;Assistente / Assessor (a) / Auxiliar;Recursos Humanos;cliente94@empresa88.com
95;100;Analista;Recursos Humanos;cliente95@empresa100.com
96;59;Coordenador (a) / Supervisor (a);Recursos Humanos;cliente96@empresa59.com
97;457;Diretor (a) / Vice Presidente;Recursos Humanos;cliente97@empresa457.com
98;633;Coordenador (a) / Supervisor (a);Recursos Humanos;cliente98@empresa633.com
99;106;Gerente;Projetos;cliente99@empresa106.com
100;112;Gerente;Recursos Humanos;cliente100@empresa112.com
101;114;Gerente;Jurídico;cliente101@empresa114.com
102;501;Coordenador (a) / Supervisor (a);Recursos Humanos;cliente102@empresa501.com
103;118;Gerente;Fiscal;cliente103@empresa118.com
104;121;Gerente;Recursos Humanos;cliente104@empresa121.com
105;584;Coordenador (a) / Supervisor (a);Fiscal;cliente105@empresa584.com
106;128;Coordenador (a) / Supervisor (a);Recursos Humanos;cliente106@empresa128.com
107;129;Coordenador (a) / Supervisor (a);Recursos Humanos;cliente107@empresa129.com
108;592;Coordenador (a) / Supervisor (a);Projetos;cliente108@empresa592.com
109;139;Coordenador (a) / Supervisor (a);Recursos Humanos;cliente109@empresa139.com
110;5;Contador (a);Financeiro;cliente110@empresa5.com
111;8;Técnico;Segurança do Trabalho;cliente111@empresa8.com
112;11;Analista;Recursos Humanos;cliente112@empresa11.com
113;16;Coordenador (a) / Supervisor (a);Recursos Humanos;cliente113@empresa16.com
114;18;Analista;Recursos Humanos;cliente114@empresa18.com
115;19;Gerente;Recursos Humanos;cliente115@empresa19.com
116;93;Gerente;Recursos Humanos;cliente116@empresa93.com
117;33;Assistente / Assessor (a) / Auxiliar;Presidência;cliente117@empresa33.com
118;23;Gerente;Recursos Humanos;cliente118@empresa23.com
119;90;Coordenador (a) / Supervisor (a);Tecnologia da Informação;cliente119@empresa90.com
120;28;Gerente;Recursos Humanos;cliente120@empresa28.com
121;30;Analista;Recursos Humanos;cliente121@empresa30.com
122;286;Analista;Recursos Humanos;cliente122@empresa286.com
123;37;Analista;Jurídico;cliente123@empresa37.com
124;44;Gerente;Recursos Humanos;cliente124@empresa44.com
125;47;Analista;Recursos Humanos;cliente125@empresa47.com
126;52;Coordenador (a) / Supervisor (a);Recursos Humanos;cliente126@empresa52.com
127;54;Analista;Recursos Humanos;cliente127@empresa54.com
128;1027;Analista;Recursos Humanos;cliente128@empresa1027.com
129;56;Coordenador (a) / Supervisor (a);Segurança do Trabalho;cliente129@empresa56.com
130;60;Gerente;Recursos Humanos;cliente130@empresa60.com
131;62;Coordenador (a) / Supervisor (a);Recursos Humanos;cliente131@empresa62.com
132;65;Especialista;Recursos Humanos;cliente132@empresa65.com
133;66;Coordenador (a) / Supervisor (a);Recursos Humanos;cliente133@empresa66.com
134;661;Gerente;Recursos Humanos;cliente134@empresa661.com
135;612;Coordenador (a) / Supervisor (a);Segurança do Trabalho;cliente135@empresa612.com
136;85;Coordenador (a) / Supervisor (a);Recursos Humanos;cliente136@empresa85.com
137;426;Coordenador (a) / Supervisor (a);Recursos Humanos;cliente137@empresa426.com
138;102;Coordenador (a) / Supervisor (a);Recursos Humanos;cliente138@empresa102.com
139;633;Gerente;Recursos Humanos;cliente139@empresa633.com
140;106;Coordenador (a) / Supervisor (a);Segurança do Trabalho;cliente140@empresa106.com
141;111;Coordenador (a) / Supervisor (a);Recursos Humanos;cliente141@empresa111.com
142;851;Gerente;Recursos Humanos;cliente142@empresa851.com
143;107;Gerente;Recursos Humanos;cliente143@empresa107.com
144;538;Coordenador (a) / Supervisor (a);Recursos Humanos;cliente144@empresa538.com
145;884;Gerente;Recursos Humanos;cliente145@empresa884.com
146;118;Analista;Recursos Humanos;cliente146@empresa118.com
147;121;Técnico;Segurança do Trabalho;cliente147@empresa121.com
148;567;Diretor (a) / Vice Presidente;Comercial / Vendas;cliente148@empresa567.com
149;584;Coordenador (a) / Supervisor (a);Recursos Humanos;cliente149@empresa584.com
150;126;Gerente;Recursos Humanos;cliente150@empresa126.com
151;582;Coordenador (a) / Supervisor (a);Recursos Humanos;cliente151@empresa582.com
152;708;Gerente;Recursos Humanos;cliente152@empresa708.com
153;141;Analista;Recursos Humanos;cliente153@empresa141.com
154;5;Diretor (a) / Vice Presidente;Recursos Humanos;cliente154@empresa5.com
155;6;Diretor (a) / Vice Presidente;Recursos Humanos;cliente155@empresa6.com
156;8;Coordenador (a) / Supervisor (a);Recursos Humanos;cliente156@empresa8.com
157;12;Coordenador (a) / Supervisor (a);Recursos Humanos;cliente157@empresa12.com
158;16;Analista;Recursos Humanos;cliente158@empresa16.com
159;29;Diretor (a) / Vice Presidente;Recursos Humanos;cliente159@empresa29.com
160;37;Analista;Recursos Humanos;cliente160@empresa37.com
161;48;Analista;Recursos Humanos;cliente161@empresa48.com
162;49;Gerente;Recursos Humanos;cliente162@empresa49.com
163;52;Coordenador (a) / Supervisor (a);Jurídico;cliente163@empresa52.com
164;54;Coordenador (a) / Supervisor (a);Recursos Humanos;cliente164@empresa54.com
165;958;Analista;Recursos Humanos;cliente165@empresa958.com
166;62;Gerente;Recursos Humanos;cliente166@empresa62.com
167;66;Gerente;Recursos Humanos;cliente167@empresa66.com
168;69;Gerente;Recursos Humanos;cliente168@empresa69.com
169;612;Coordenador (a) / Supervisor (a);Recursos Humanos;cliente169@empresa612.com
170;85;Coordenador (a) / Supervisor (a);Recursos Humanos;cliente170@empresa85.com
171;59;Coordenador (a) / Supervisor (a);Recursos Humanos;cliente171@empresa59.com
172;108;Gerente;Recursos Humanos;cliente172@empresa108.com
173;123;Estagiário (a);Recursos Humanos;cliente173@empresa123.com
174;111;Analista;Recursos Humanos;cliente174@empresa111.com
175;112;Consultor (a);Recursos Humanos;cliente175@empresa112.com
176;114;Gerente;Recursos Humanos;cliente176@empresa114.com
177;501;Gerente;Recursos Humanos;cliente177@empresa501.com
178;972;Sócio (a);Presidência;cliente178@empresa972.com
179;541;Gerente;Recursos Humanos;cliente179@empresa541.com
180;121;Gerente;Jurídico;cliente180@empresa121.com
181;50;Diretor (a) / Vice Presidente;Recursos Humanos;cliente181@empresa50.com
182;584;Analista;Recursos Humanos;cliente182@empresa584.com
183;909;Especialista;Recursos Humanos;cliente183@empresa909.com
184;582;Coordenador (a) / Supervisor (a);Recursos Humanos;cliente184@empresa582.com
185;801;Diretor (a) / Vice Presidente;Presidência;cliente185@empresa801.com
186;966;Gerente;Recursos Humanos;cliente186@empresa966.com
187;143;Advogado (a);Jurídico;cliente187@empresa143.com
188;16;Coordenador (a) / Supervisor (a);Recursos Humanos;cliente188@empresa16.com
189;22;Gerente;Recursos Humanos;cliente189@empresa22.com
190;29;Diretor (a) / Vice Presidente;Recursos Humanos;cliente190@empresa29.com
191;34;Coordenador (a) / Supervisor (a);Recursos Humanos;cliente191@empresa34.com
192;37;Analista;Recursos Humanos;cliente192@empresa37.com
193;47;Analista;Recursos Humanos;cliente193@empresa47.com
194;48;Gerente;Recursos Humanos;cliente194@empresa48.com
195;52;Gerente;Recursos Humanos;cliente195@empresa52.com
196;54;Coordenador (a) / Supervisor (a);Recursos Humanos;cliente196@empresa54.com
197;57;Analista;Recursos Humanos;cliente197@empresa57.com
198;94;Diretor (a) / Vice Presidente;Recursos Humanos;cliente198@empresa94.com
199;66;Analista;Recursos Humanos;cliente199@empresa66.com
200;79;Analista;Recursos Humanos;cliente200@empresa79.com
201;1033;Gerente;Administrativo;cliente201@empresa1033.com
202;102;Analista;Recursos Humanos;cliente202@empresa102.com
203;106;Analista;Recursos Humanos;cliente203@empresa106.com
204;799;Gerente;Garantia / Controle de Qualidade;cliente204@empresa799.com
205;790;Coordenador (a) / Supervisor (a);Recursos Humanos;cliente205@empresa790.com
206;541;Gerente;Recursos Humanos;cliente206@empresa541.com
207;118;Gerente;Recursos Humanos;cliente207@empresa118.com
208;121;Gerente;Recursos Humanos;cliente208@empresa121.com
209;132;Gerente de Produto / Brand Manager;Acesso;cliente209@empresa132.com
210;141;Gerente;Recursos Humanos;cliente210@empresa141.com
211;8;Analista;Recursos Humanos;cliente211@empresa8.com
212;22;Gerente;Recursos Humanos;cliente212@empresa22.com
213;30;Coordenador (a) / Supervisor (a);Recursos Humanos;cliente213@empresa30.com
214;37;Gerente;Recursos Humanos;cliente214@empresa37.com
215;49;Gerente;Recursos Humanos;cliente215@empresa49.com
216;862;Diretor (a) / Vice Presidente;Assuntos Regulatórios;cliente216@empresa862.com
217;62;Gerente;Recursos Humanos;cliente217@empresa62.com
218;882;Especialista;Recursos Humanos;cliente218@empresa882.com
219;69;Coordenador (a) / Supervisor (a);Recursos Humanos;cliente219@empresa69.com
220;76;Gerente;Recursos Humanos;cliente220@empresa76.com
221;85;Gerente;Recursos Humanos;cliente221@empresa85.com
222;426;Coordenador (a) / Supervisor (a);Recursos Humanos;cliente222@empresa426.com
223;87;Analista;Recursos Humanos;cliente223@empresa87.com
224;612;Coordenador (a) / Supervisor (a);Engenharia;cliente224@empresa612.com
225;100;Analista;Recursos Humanos;cliente225@empresa100.com
226;59;Estagiário (a);Recursos Humanos;cliente226@empresa59.com
227;102;Analista;Recursos Humanos;cliente227@empresa102.com
228;106;Especialista;Recursos Humanos;cliente228@empresa106.com
229;123;Gerente;Recursos Humanos;cliente229@empresa123.com
230;114;Analista;Administrativo;cliente230@empresa114.com
231;96;Coordenador (a) / Supervisor (a);Recursos Humanos;cliente231@empresa96.com
232;541;Coordenador (a) / Supervisor (a);Recursos Humanos;cliente232@empresa541.com
233;118;Consultor (a);Recursos Humanos;cliente233@empresa118.com
234;1010;Gerente;Assuntos Regulatórios;cliente234@empresa1010.com
235;567;Gerente;Recursos Humanos;cliente235@empresa567.com
236;130;Analista;Recursos Humanos;cliente236@empresa130.com
237;139;Gerente;Recursos Humanos;cliente237@empresa139.com
238;215;Técnico;Recursos Humanos;cliente238@empresa215.com
239;8;Médico (a);Recursos Humanos;cliente239@empresa8.com
240;16;Gerente;Segurança do Trabalho;cliente240@empresa16.com
241;28;Gerente;Recursos Humanos;cliente241@empresa28.com
242;286;Analista;Recursos Humanos;cliente242@empresa286.com
243;47;Técnico;Recursos Humanos;cliente243@empresa47.com
244;62;Gerente;Recursos Humanos;cliente244@empresa62.com
245;65;Gerente;Recursos Humanos;cliente245@empresa65.com
246;100;Analista;Recursos Humanos;cliente246@empresa100.com
247;111;Coordenador (a) / Supervisor (a);Recursos Humanos;cliente247@empresa111.com
248;112;Analista;Recursos Humanos;cliente248@empresa112.com
249;96;Gerente;Segurança do Trabalho;cliente249@empresa96.com
250;567;Coordenador (a) / Supervisor (a);Recursos Humanos;cliente250@empresa567.com
251;5;Gerente;Jurídico;cliente251@empresa5.com
252;215;Analista;Recursos Humanos;cliente252@empresa215.com
253;8;Especialista;Recursos Humanos;cliente253@empresa8.com
254;11;Diretor (a) / Vice Presidente;Recursos Humanos;cliente254@empresa11.com
255;16;Gerente;Recursos Humanos;cliente255@empresa16.com
256;19;Advogado (a);Jurídico;cliente256@empresa19.com
257;92;Gerente;Recursos Humanos;cliente257@empresa92.com
258;28;Advogado (a);Jurídico;cliente258@empresa28.com
259;34;Coordenador (a) / Supervisor (a);Recursos Humanos;cliente259@empresa34.com
260;37;Gerente;Recursos Humanos;cliente260@empresa37.com
261;42;Gerente;Jurídico;cliente261@empresa42.com
262;669;Gerente;Jurídico;cliente262@empresa669.com
263;48;Coordenador (a) / Supervisor (a);Jurídico;cliente263@empresa48.com
264;57;Advogado (a);Jurídico;cliente264@empresa57.com
265;62;Advogado (a);Jurídico;cliente265@empresa62.com
266;65;Advogado (a);Jurídico;cliente266@empresa65.com
267;106;Advogado (a);Jurídico;cliente267@empresa106.com
268;807;Gerente;Jurídico;cliente268@empresa807.com
269;118;Advogado (a);Jurídico;cliente269@empresa118.com
270;129;Coordenador (a) / Supervisor (a);Recursos Humanos;cliente270@empresa129.com
271;19;Gerente Logística;Logistica;cliente271@empresa19.com
272;30;Gerente de Supply Chain;Supply Chain;cliente272@empresa30.com
273;47;GERENTE D EPLANEJAMENTO INTEGRADO E LOGÍSTICA;PLANEJAMENTO INTEGRADO E LOGÍSTICA;cliente273@empresa47.com
274;54;Coordenador de Logistica;Logistica;cliente274@empresa54.com
275;60;Analista Pessoas e Gestão Pl;Remuneração;cliente275@empresa60.com
276;69;Gerente de Logistica;Logistica;cliente276@empresa69.com
277;76;Gerente de Logística e Distribuição Sr;Logística;cliente277@empresa76.com
278;426;Gerente de Logística e PCP;Logística e PCP;cliente278@empresa426.com
279;59;Analista de Remuneração de Benefícios ;Recursos Humanos;cliente279@empresa59.com
280;111;COORDENADO REMUNERAÇÃO;REMUNERAÇÃO;cliente280@empresa111.com
281;737;Coordenador de Suprimentos;Supply Chain Departament;cliente281@empresa737.com
282;114;Gerente de Supply Chain;Supply Chain;cliente282@empresa114.com
283;541;DIRETOR ADJUNTO DE SUPPLY CHAIN;SUPPLY CHAIN;cliente283@empresa541.com
284;121;Gerente de Qualidade & HSE;Qualidade Supply Chain ;cliente284@empresa121.com
285;584;Gerente; Logística;cliente285@empresa584.com
286;127;gerente logistica;Logistica;cliente286@empresa127.com
287;128;Gerente de Supply Chain;Supply Chain;cliente287@empresa128.com
288;130;Gerente RH;RH;cliente288@empresa130.com
289;8;Analista;Recursos Humanos;cliente289@empresa8.com
290;42;Gerente;Recursos Humanos;cliente290@empresa42.com
291;49;Analista;Recursos Humanos;cliente291@empresa49.com
292;54;Analista;Recursos Humanos;cliente292@empresa54.com
293;106;Gerente;Recursos Humanos;cliente293@empresa106.com
294;909;Analista;Manutenção;cliente294@empresa909.com
295;141;Analista;Recursos Humanos;cliente295@empresa141.com
296;8;Analista;Recursos Humanos;cliente296@empresa8.com
297;33;Analista;Recursos Humanos;cliente297@empresa33.com
298;90;Coordenador (a) / Supervisor (a);Recursos Humanos;cliente298@empresa90.com
299;34;Coordenador (a) / Supervisor (a);Recursos Humanos;cliente299@empresa34.com
300;40;Analista;Recursos Humanos;cliente300@empresa40.com
301;47;Especialista;Recursos Humanos;cliente301@empresa47.com
302;62;Coordenador (a) / Supervisor (a);Recursos Humanos;cliente302@empresa62.com
303;73;Coordenador (a) / Supervisor (a);Recursos Humanos;cliente303@empresa73.com
304;612;Analista;Recursos Humanos;cliente304@empresa612.com
305;633;Analista;Recursos Humanos;cliente305@empresa633.com
306;106;Analista;Recursos Humanos;cliente306@empresa106.com
307;1089;Analista;Recursos Humanos;cliente307@empresa1089.com
308;582;Analista;Recursos Humanos;cliente308@empresa582.com
309;5;Coordenador (a) / Supervisor (a);Assuntos Regulatórios;cliente309@empresa5.com
310;6;Especialista;SAC;cliente310@empresa6.com
311;215;Coordenador (a) / Supervisor (a);Farmacovigilância;cliente311@empresa215.com
312;7;Analista;SAC;cliente312@empresa7.com
313;8;Gerente;SAC;cliente313@empresa8.com
314;142;Coordenador (a) / Supervisor (a);SAC;cliente314@empresa142.com
315;579;Gerente;Garantia / Controle de Qualidade;cliente315@empresa579.com
316;234;Farmacêutico (a) Responsável;SAC;cliente316@empresa234.com
317;10;Gerente;Médico;cliente317@empresa10.com
318;64;Analista;SAC;cliente318@empresa64.com
319;1022;Diretor (a) / Vice Presidente;Assuntos Regulatórios;cliente319@empresa1022.com
320;12;Coordenador (a) / Supervisor (a);SAC;cliente320@empresa12.com
321;16;Coordenador (a) / Supervisor (a);SAC;cliente321@empresa16.com
322;17;Coordenador (a) / Supervisor (a);Garantia / Controle de Qualidade;cliente322@empresa17.com
323;256;Coordenador (a) / Supervisor (a);SAC;cliente323@empresa256.com
324;18;Gerente;SAC;cliente324@empresa18.com
325;19;Coordenador (a) / Supervisor (a);SAC;cliente325@empresa19.com
326;92;Coordenador (a) / Supervisor (a);Garantia / Controle de Qualidade;cliente326@empresa92.com
327;1163;Assistente / Assessor (a) / Auxiliar;SAC;cliente327@empresa1163.com
328;93;Coordenador (a) / Supervisor (a);Assuntos Regulatórios;cliente328@empresa93.com
329;33;Coordenador (a) / Supervisor (a);SAC;cliente329@empresa33.com
330;23;Coordenador (a) / Supervisor (a);SAC;cliente330@empresa23.com
331;25;Assistente / Assessor (a) / Auxiliar;Assuntos Regulatórios;cliente331@empresa25.com
332;649;Farmacêutico (a) Responsável;Farmacovigilância;cliente332@empresa649.com
333;28;Coordenador (a) / Supervisor (a);SAC;cliente333@empresa28.com
334;30;Analista;Farmacovigilância;cliente334@empresa30.com
335;658;Coordenador (a) / Supervisor (a);SAC;cliente335@empresa658.com
336;34;Coordenador (a) / Supervisor (a);SAC;cliente336@empresa34.com
337;37;Coordenador (a) / Supervisor (a);SAC;cliente337@empresa37.com
338;39;Especialista;Farmacovigilância;cliente338@empresa39.com
339;40;Coordenador (a) / Supervisor (a);SAC;cliente339@empresa40.com
340;41;Analista;Garantia / Controle de Qualidade;cliente340@empresa41.com
341;610;Analista;SAC;cliente341@empresa610.com
342;669;Analista;Garantia / Controle de Qualidade;cliente342@empresa669.com
343;47;Coordenador (a) / Supervisor (a);SAC;cliente343@empresa47.com
344;48;Gerente;Farmacovigilância;cliente344@empresa48.com
345;49;Analista;SAC;cliente345@empresa49.com
346;52;Coordenador (a) / Supervisor (a);SAC;cliente346@empresa52.com
347;53;Farmacêutico (a) Responsável;Farmacovigilância;cliente347@empresa53.com
348;54;Analista;SAC;cliente348@empresa54.com
349;793;Diretor (a) / Vice Presidente;Industrial / Produção;cliente349@empresa793.com
350;55;Gerente;Garantia / Controle de Qualidade;cliente350@empresa55.com
351;56;Analista;Garantia / Controle de Qualidade;cliente351@empresa56.com
352;1145;Coordenador (a) / Supervisor (a);Garantia / Controle de Qualidade;cliente352@empresa1145.com
353;811;Analista;Assuntos Regulatórios;cliente353@empresa811.com
354;60;Gerente;SAC;cliente354@empresa60.com
355;62;Coordenador (a) / Supervisor (a);SAC;cliente355@empresa62.com
356;715;Analista;SAC;cliente356@empresa715.com
357;749;Coordenador (a) / Supervisor (a);SAC;cliente357@empresa749.com
358;65;Coordenador (a) / Supervisor (a);Garantia / Controle de Qualidade;cliente358@empresa65.com
359;94;Analista;Farmacovigilância;cliente359@empresa94.com
360;66;Coordenador (a) / Supervisor (a);SAC;cliente360@empresa66.com
361;69;Coordenador (a) / Supervisor (a);Farmacovigilância;cliente361@empresa69.com
362;72;Médico (a);SAC;cliente362@empresa72.com
363;670;Gerente;Garantia / Controle de Qualidade;cliente363@empresa670.com
364;77;Gerente;Farmacovigilância;cliente364@empresa77.com
365;1041;Analista;Farmacovigilância;cliente365@empresa1041.com
366;79;Gerente;SAC;cliente366@empresa79.com
367;80;Coordenador (a) / Supervisor (a);SAC;cliente367@empresa80.com
368;81;Analista;Garantia / Controle de Qualidade;cliente368@empresa81.com
369;416;Farmacêutico (a) Responsável;Assuntos Regulatórios;cliente369@empresa416.com
370;759;Gerente;Industrial / Produção;cliente370@empresa759.com
371;661;Farmacêutico (a) Responsável;Farmacovigilância;cliente371@empresa661.com
372;83;Coordenador (a) / Supervisor (a);SAC;cliente372@empresa83.com
373;1154;Diretor (a) / Vice Presidente;Garantia / Controle de Qualidade;cliente373@empresa1154.com
374;426;Analista;Garantia / Controle de Qualidade;cliente374@empresa426.com
375;1032;Gerente;Garantia / Controle de Qualidade;cliente375@empresa1032.com
376;24;Gerente;Farmacovigilância;cliente376@empresa24.com
377;87;Gerente;Assuntos Regulatórios;cliente377@empresa87.com
378;89;Gerente;SAC;cliente378@empresa89.com
379;1043;Farmacêutico (a) Responsável;Farmacovigilância;cliente379@empresa1043.com
380;88;Gerente;SAC;cliente380@empresa88.com
381;612;Analista;SAC;cliente381@empresa612.com
382;454;Analista;Farmacovigilância;cliente382@empresa454.com
383;100;Coordenador (a) / Supervisor (a);SAC;cliente383@empresa100.com
384;102;Analista;Farmacovigilância;cliente384@empresa102.com
385;967;Coordenador (a) / Supervisor (a);Assuntos Regulatórios;cliente385@empresa967.com
386;633;Analista;Garantia / Controle de Qualidade;cliente386@empresa633.com
387;106;Gerente;SAC;cliente387@empresa106.com
388;475;Coordenador (a) / Supervisor (a);Farmacovigilância;cliente388@empresa475.com
389;108;Analista;Farmacovigilância;cliente389@empresa108.com
390;123;Gerente;SAC;cliente390@empresa123.com
391;110;Gerente;Farmacovigilância;cliente391@empresa110.com
392;111;Analista;SAC;cliente392@empresa111.com
393;737;Analista;Assuntos Regulatórios;cliente393@empresa737.com
394;1089;Analista;Assuntos Regulatórios;cliente394@empresa1089.com
395;112;Coordenador (a) / Supervisor (a);Garantia / Controle de Qualidade;cliente395@empresa112.com
396;114;Coordenador (a) / Supervisor (a);SAC;cliente396@empresa114.com
397;501;Gerente;SAC;cliente397@empresa501.com
398;851;Coordenador (a) / Supervisor (a);SAC;cliente398@empresa851.com
399;95;Presidente;Garantia / Controle de Qualidade;cliente399@empresa95.com
400;96;Gerente;SAC;cliente400@empresa96.com
401;790;Assistente / Assessor (a) / Auxiliar;SAC;cliente401@empresa790.com
402;1072;Trainee;Garantia / Controle de Qualidade;cliente402@empresa1072.com
403;538;Gerente;Assuntos Regulatórios;cliente403@empresa538.com
404;541;Analista;Farmacovigilância;cliente404@empresa541.com
405;884;Gerente;Médico;cliente405@empresa884.com
406;782;Gerente;Assuntos Regulatórios;cliente406@empresa782.com
407;1085;Analista;SAC;cliente407@empresa1085.com
408;118;Analista;SAC;cliente408@empresa118.com
409;118;Gerente;SAC;cliente409@empresa118.com
410;121;Gerente;SAC;cliente410@empresa121.com
411;50;Farmacêutico (a) Responsável;Técnico-Científico;cliente411@empresa50.com
412;584;Coordenador (a) / Supervisor (a);Farmacovigilância;cliente412@empresa584.com
413;909;Gerente;SAC;cliente413@empresa909.com
414;127;Gerente;SAC;cliente414@empresa127.com
415;582;Analista;SAC;cliente415@empresa582.com
416;128;Analista;Farmacovigilância;cliente416@empresa128.com
417;129;Coordenador (a) / Supervisor (a);Farmacovigilância;cliente417@empresa129.com
418;130;Analista;Farmacovigilância;cliente418@empresa130.com
419;131;Assistente / Assessor (a) / Auxiliar;Pesquisa e Desenvolvimento;cliente419@empresa131.com
420;132;Coordenador (a) / Supervisor (a);Médico;cliente420@empresa132.com
421;591;Gerente;Assuntos Regulatórios;cliente421@empresa591.com
422;592;Gerente;Farmacovigilância;cliente422@empresa592.com
423;708;Farmacêutico (a) Responsável;Garantia / Controle de Qualidade;cliente423@empresa708.com
424;1067;Gerente;Garantia / Controle de Qualidade;cliente424@empresa1067.com
425;888;Farmacêutico (a) Responsável;Garantia / Controle de Qualidade;cliente425@empresa888.com
426;953;Gerente;Garantia / Controle de Qualidade;cliente426@empresa953.com
427;139;Gerente;Garantia / Controle de Qualidade;cliente427@empresa139.com
428;601;Farmacêutico (a) Responsável;Técnico-Científico;cliente428@empresa601.com
429;141;Coordenador (a) / Supervisor (a);Farmacovigilância;cliente429@empresa141.com
430;5;Analista;Farmacovigilância;cliente430@empresa5.com
431;8;Coordenador (a) / Supervisor (a);Farmacovigilância;cliente431@empresa8.com
432;142;Gerente;Farmacovigilância;cliente432@empresa142.com
433;10;Gerente;Farmacovigilância;cliente433@empresa10.com
434;13;Coordenador (a) / Supervisor (a);Farmacovigilância;cliente434@empresa13.com
435;1087;Gerente;Garantia / Controle de Qualidade;cliente435@empresa1087.com
436;16;Coordenador (a) / Supervisor (a);Farmacovigilância;cliente436@empresa16.com
437;17;Coordenador (a) / Supervisor (a);Assuntos Regulatórios;cliente437@empresa17.com
438;18;Gerente;Farmacovigilância;cliente438@empresa18.com
439;19;Analista;Farmacovigilância;cliente439@empresa19.com
440;23;Gerente;Farmacovigilância;cliente440@empresa23.com
441;28;Analista;Farmacovigilância;cliente441@empresa28.com
442;29;Diretor (a) / Vice Presidente;Farmacovigilância;cliente442@empresa29.com
443;37;Gerente;Farmacovigilância;cliente443@empresa37.com
444;40;Gerente;Farmacovigilância;cliente444@empresa40.com
445;610;Analista;Farmacovigilância;cliente445@empresa610.com
446;49;Analista;Farmacovigilância;cliente446@empresa49.com
447;54;Coordenador (a) / Supervisor (a);Farmacovigilância;cliente447@empresa54.com
448;793;Analista;Farmacovigilância;cliente448@empresa793.com
449;60;Especialista;Farmacovigilância;cliente449@empresa60.com
450;62;Coordenador (a) / Supervisor (a);Farmacovigilância;cliente450@empresa62.com
451;882;Analista;Farmacovigilância;cliente451@empresa882.com
452;67;Coordenador (a) / Supervisor (a);Assuntos Regulatórios;cliente452@empresa67.com
453;69;Coordenador (a) / Supervisor (a);Farmacovigilância;cliente453@empresa69.com
454;70;Estagiário (a);Farmacovigilância;cliente454@empresa70.com
455;1041;Gerente;Farmacovigilância;cliente455@empresa1041.com
456;410;Farmacêutico (a) Responsável;Técnico-Científico;cliente456@empresa410.com
457;76;Coordenador (a) / Supervisor (a);Farmacovigilância;cliente457@empresa76.com
458;80;Gerente;Farmacovigilância;cliente458@empresa80.com
459;81;Analista;Assuntos Regulatórios;cliente459@empresa81.com
460;89;Analista;Farmacovigilância;cliente460@empresa89.com
461;100;Coordenador (a) / Supervisor (a);Farmacovigilância;cliente461@empresa100.com
462;59;Gerente;Farmacovigilância;cliente462@empresa59.com
463;106;Analista;Farmacovigilância;cliente463@empresa106.com
464;123;Coordenador (a) / Supervisor (a);Farmacovigilância;cliente464@empresa123.com
465;111;Analista;Farmacovigilância;cliente465@empresa111.com
466;737;Farmacêutico (a) Responsável;Farmacovigilância;cliente466@empresa737.com
467;114;Gerente;Farmacovigilância;cliente467@empresa114.com
468;501;Analista;Farmacovigilância;cliente468@empresa501.com
469;107;Gerente;Farmacovigilância;cliente469@empresa107.com
470;940;Coordenador (a) / Supervisor (a);Farmacovigilância;cliente470@empresa940.com
471;96;Analista;Farmacovigilância;cliente471@empresa96.com
472;790;Analista;Garantia / Controle de Qualidade;cliente472@empresa790.com
473;807;Gerente;Médico;cliente473@empresa807.com
474;884;Gerente;Farmacovigilância;cliente474@empresa884.com
475;118;Analista;Farmacovigilância;cliente475@empresa118.com
476;121;Especialista;Farmacovigilância;cliente476@empresa121.com
477;567;Analista;Assuntos Regulatórios;cliente477@empresa567.com
478;909;Coordenador (a) / Supervisor (a);Farmacovigilância;cliente478@empresa909.com
479;127;Coordenador (a) / Supervisor (a);Farmacovigilância;cliente479@empresa127.com
480;582;Analista;Farmacovigilância;cliente480@empresa582.com
481;128;Analista;Farmacovigilância;cliente481@empresa128.com
482;130;Gerente;Farmacovigilância;cliente482@empresa130.com
483;132;Gerente;Farmacovigilância;cliente483@empresa132.com
484;906;Diretor (a) / Vice Presidente;Farmacoeconomia;cliente484@empresa906.com
485;708;Analista;Assuntos Regulatórios;cliente485@empresa708.com
486;138;Gerente;Farmacovigilância;cliente486@empresa138.com
487;689;Coordenador (a) / Supervisor (a);Farmacovigilância;cliente487@empresa689.com
488;28;Especialista;Inovação;cliente488@empresa28.com
489;62;Analista;Pesquisa e Desenvolvimento;cliente489@empresa62.com
490;65;Coordenador (a) / Supervisor (a);Assuntos Regulatórios;cliente490@empresa65.com
491;76;Médico (a);Médico;cliente491@empresa76.com
492;661;Gerente;Desenvolvimento Analítico;cliente492@empresa661.com
493;85;Gerente;Inovação;cliente493@empresa85.com
494;121;Especialista;Pesquisa e Desenvolvimento;cliente494@empresa121.com
495;582;Advogado (a);Jurídico;cliente495@empresa582.com
496;594;Pesquisador (a);Técnico-Científico;cliente496@empresa594.com
497;215;Analista;Recursos Humanos;cliente497@empresa215.com
498;142;Analista;Recursos Humanos;cliente498@empresa142.com
499;16;Analista;Recursos Humanos;cliente499@empresa16.com
500;28;Consultor (a);Recursos Humanos;cliente500@empresa28.com
501;69;Analista;Recursos Humanos;cliente501@empresa69.com
502;633;Analista;Recursos Humanos;cliente502@empresa633.com
503;106;Analista;Recursos Humanos;cliente503@empresa106.com
504;123;Analista;Recursos Humanos;cliente504@empresa123.com
505;120;Gerente;Recursos Humanos;cliente505@empresa120.com
506;121;Coordenador (a) / Supervisor (a);Recursos Humanos;cliente506@empresa121.com
507;139;Analista;Recursos Humanos;cliente507@empresa139.com
508;143;Coordenador (a) / Supervisor (a);Recursos Humanos;cliente508@empresa143.com
509;5;Gerente;Recursos Humanos;cliente509@empresa5.com
510;13;Gerente;Recursos Humanos;cliente510@empresa13.com
511;256;Analista;Recursos Humanos;cliente511@empresa256.com
512;47;Especialista;Recursos Humanos;cliente512@empresa47.com
513;62;Especialista;Recursos Humanos;cliente513@empresa62.com
514;79;Analista;Recursos Humanos;cliente514@empresa79.com
515;59;Estagiário (a);Recursos Humanos;cliente515@empresa59.com
516;102;Coordenador (a) / Supervisor (a);Recursos Humanos;cliente516@empresa102.com
517;567;Diretor (a) / Vice Presidente;Recursos Humanos;cliente517@empresa567.com
518;139;Coordenador (a) / Supervisor (a);Recursos Humanos;cliente518@empresa139.com
519;8;Técnico;Segurança do Trabalho;cliente519@empresa8.com
520;11;Coordenador (a) / Supervisor (a);Segurança do Trabalho;cliente520@empresa11.com
521;16;Técnico;Segurança do Trabalho;cliente521@empresa16.com
522;33;Gerente;Recursos Humanos;cliente522@empresa33.com
523;658;Técnico;Segurança do Trabalho;cliente523@empresa658.com
524;426;Técnico;Segurança do Trabalho;cliente524@empresa426.com
525;475;Gerente;Recursos Humanos;cliente525@empresa475.com
526;5;Analista;Farmacovigilância;cliente526@empresa5.com
527;9;Diretor (a) / Vice Presidente;Garantia / Controle de Qualidade;cliente527@empresa9.com
528;15;Técnico;Assuntos Regulatórios;cliente528@empresa15.com
529;256;Coordenador (a) / Supervisor (a);Farmacovigilância;cliente529@empresa256.com
530;28;Farmacêutico (a) Responsável;Farmacovigilância;cliente530@empresa28.com
531;610;Gerente;Farmacovigilância;cliente531@empresa610.com
532;769;Coordenador (a) / Supervisor (a);Farmacovigilância;cliente532@empresa769.com
533;60;Especialista;Farmacovigilância;cliente533@empresa60.com
534;62;Analista;Farmacovigilância;cliente534@empresa62.com
535;65;Coordenador (a) / Supervisor (a);Farmacovigilância;cliente535@empresa65.com
536;69;Diretor (a) / Vice Presidente;Farmacovigilância;cliente536@empresa69.com
537;70;Estagiário (a);Farmacovigilância;cliente537@empresa70.com
538;670;Coordenador (a) / Supervisor (a);Garantia / Controle de Qualidade;cliente538@empresa670.com
539;1108;Gerente;Garantia / Controle de Qualidade;cliente539@empresa1108.com
540;76;Especialista;Compras / Suprimentos;cliente540@empresa76.com
541;76;Assistente / Assessor (a) / Auxiliar;Farmacovigilância;cliente541@empresa76.com
542;24;Analista;Farmacovigilância;cliente542@empresa24.com
543;89;Analista;Farmacovigilância;cliente543@empresa89.com
544;106;Diretor (a) / Vice Presidente;Farmacovigilância;cliente544@empresa106.com
545;111;Analista;Farmacovigilância;cliente545@empresa111.com
546;114;Gerente;Farmacovigilância;cliente546@empresa114.com
547;107;Analista;Farmacovigilância;cliente547@empresa107.com
548;96;Gerente;Farmacovigilância;cliente548@empresa96.com
549;884;Diretor (a) / Vice Presidente;Farmacovigilância;cliente549@empresa884.com
550;121;Diretor (a) / Vice Presidente;Farmacovigilância;cliente550@empresa121.com
551;567;Analista;Farmacovigilância;cliente551@empresa567.com
552;909;Analista;Farmacovigilância;cliente552@empresa909.com
553;582;Analista;Farmacovigilância;cliente553@empresa582.com
554;128;Farmacêutico (a) Responsável;Farmacovigilância;cliente554@empresa128.com
555;139;Especialista;Operações;cliente555@empresa139.com
556;143;Analista;Farmacovigilância;cliente556@empresa143.com
557;8;Analista;Recursos Humanos;cliente557@empresa8.com
558;12;Analista;Recursos Humanos;cliente558@empresa12.com
559;25;Coordenador (a) / Supervisor (a);Recursos Humanos;cliente559@empresa25.com
560;29;Analista;Recursos Humanos;cliente560@empresa29.com
561;286;Gerente;Recursos Humanos;cliente561@empresa286.com
562;35;Analista;Recursos Humanos;cliente562@empresa35.com
563;55;Analista;Recursos Humanos;cliente563@empresa55.com
564;60;Especialista;Recursos Humanos;cliente564@empresa60.com
565;106;Coordenador (a) / Supervisor (a);Recursos Humanos;cliente565@empresa106.com
566;123;Coordenador (a) / Supervisor (a);Recursos Humanos;cliente566@empresa123.com
567;6;Especialista;Recursos Humanos;cliente567@empresa6.com
568;23;Consultor (a);Recursos Humanos;cliente568@empresa23.com
569;34;Gerente;Recursos Humanos;cliente569@empresa34.com
570;37;Especialista;Recursos Humanos;cliente570@empresa37.com
571;67;Advogado (a);Recursos Humanos;cliente571@empresa67.com
572;80;Gerente;Recursos Humanos;cliente572@empresa80.com
573;85;Consultor (a);Recursos Humanos;cliente573@empresa85.com
574;100;Analista;Recursos Humanos;cliente574@empresa100.com
575;96;Diretor (a) / Vice Presidente;Recursos Humanos;cliente575@empresa96.com
576;5;Gerente;Preços;cliente576@empresa5.com
577;8;Diretor (a) / Vice Presidente;Assuntos Regulatórios;cliente577@empresa8.com
578;234;Analista;Fiscal;cliente578@empresa234.com
579;16;Gerente;Relações Governamentais / Institucionais;cliente579@empresa16.com
580;256;Gerente;Assuntos Regulatórios;cliente580@empresa256.com
581;19;Gerente;Assuntos Corporativos;cliente581@empresa19.com
582;21;Diretor (a) / Vice Presidente;Presidência;cliente582@empresa21.com
583;1163;Gerente de Produto / Brand Manager;Marketing;cliente583@empresa1163.com
584;93;Gerente;Comercial / Vendas;cliente584@empresa93.com
585;22;Coordenador (a) / Supervisor (a);Fiscal;cliente585@empresa22.com
586;23;Gerente;Preços;cliente586@empresa23.com
587;28;Sócio (a);Administrativo;cliente587@empresa28.com
588;30;Diretor (a) / Vice Presidente;Comercial / Vendas;cliente588@empresa30.com
589;34;Gerente;Preços;cliente589@empresa34.com
590;37;Gerente;Acesso;cliente590@empresa37.com
591;42;Gerente;Acesso;cliente591@empresa42.com
592;47;Gerente;Controladoria;cliente592@empresa47.com
593;48;Especialista;Fiscal;cliente593@empresa48.com
594;49;Coordenador (a) / Supervisor (a);Preços;cliente594@empresa49.com
595;52;Coordenador (a) / Supervisor (a);Administrativo;cliente595@empresa52.com
596;54;Gerente;Acesso;cliente596@empresa54.com
597;55;Diretor (a) / Vice Presidente;Garantia / Controle de Qualidade;cliente597@empresa55.com
598;60;Diretor (a) / Vice Presidente;Relações Governamentais / Institucionais;cliente598@empresa60.com
599;62;Coordenador (a) / Supervisor (a);Fiscal;cliente599@empresa62.com
600;1088;Gerente;Pesquisa e Desenvolvimento;cliente600@empresa1088.com
601;65;Coordenador (a) / Supervisor (a);Planejamento e Controladoria;cliente601@empresa65.com
602;94;Presidente;Presidência;cliente602@empresa94.com
603;72;Presidente;Presidência;cliente603@empresa72.com
604;670;Coordenador (a) / Supervisor (a);Inteligência de Mercado;cliente604@empresa670.com
605;77;Diretor (a) / Vice Presidente;Marketing;cliente605@empresa77.com
606;76;Diretor (a) / Vice Presidente;Acesso;cliente606@empresa76.com
607;85;Diretor (a) / Vice Presidente;Assuntos Corporativos;cliente607@empresa85.com
608;89;Diretor (a) / Vice Presidente;Novos Negócios;cliente608@empresa89.com
609;454;Gerente;Controladoria;cliente609@empresa454.com
610;100;Assistente / Assessor (a) / Auxiliar;Relações Governamentais / Institucionais;cliente610@empresa100.com
611;59;Gerente;Financeiro;cliente611@empresa59.com
612;106;Coordenador (a) / Supervisor (a);Acesso;cliente612@empresa106.com
613;123;Gerente;Relações Governamentais / Institucionais;cliente613@empresa123.com
614;114;Analista;Preços;cliente614@empresa114.com
615;501;Diretor (a) / Vice Presidente;Comercial / Vendas;cliente615@empresa501.com
616;96;Gerente;Fiscal;cliente616@empresa96.com
617;541;Coordenador (a) / Supervisor (a);Marketing;cliente617@empresa541.com
618;118;Coordenador (a) / Supervisor (a);Comercial / Vendas;cliente618@empresa118.com
619;120;Gerente;Preços;cliente619@empresa120.com
620;121;Gerente;Preços;cliente620@empresa121.com
621;122;Presidente;Presidência;cliente621@empresa122.com
622;584;Coordenador (a) / Supervisor (a);Fiscal;cliente622@empresa584.com
623;909;Coordenador (a) / Supervisor (a);Fiscal;cliente623@empresa909.com
624;127;Analista;Administrativo;cliente624@empresa127.com
625;582;Coordenador (a) / Supervisor (a);Controladoria;cliente625@empresa582.com
626;130;Assistente / Assessor (a) / Auxiliar;Administrativo;cliente626@empresa130.com
627;132;Gerente;Fiscal;cliente627@empresa132.com
628;1067;Especialista;Fiscal;cliente628@empresa1067.com
629;689;Especialista;Fiscal;cliente629@empresa689.com
630;601;Presidente;Presidência;cliente630@empresa601.com
631;142;Gerente;Recursos Humanos;cliente631@empresa142.com
632;16;Advogado (a);Jurídico;cliente632@empresa16.com
633;19;Advogado (a);Jurídico;cliente633@empresa19.com
634;731;Gerente;Jurídico;cliente634@empresa731.com
635;60;Diretor (a) / Vice Presidente;Jurídico;cliente635@empresa60.com
636;67;Advogado (a);Jurídico;cliente636@empresa67.com
637;661;Advogado (a);Jurídico;cliente637@empresa661.com
638;85;Gerente;Recursos Humanos;cliente638@empresa85.com
639;567;Consultor (a);Jurídico;cliente639@empresa567.com
640;141;Advogado (a);Jurídico;cliente640@empresa141.com
641;5;Coordenador (a) / Supervisor (a);Inteligência de Mercado;cliente641@empresa5.com
642;8;Gerente;Inteligência de Mercado;cliente642@empresa8.com
643;142;Diretor (a) / Vice Presidente;Marketing;cliente643@empresa142.com
644;13;Gerente;Incentivos e Premiação da Força de Vendas;cliente644@empresa13.com
645;16;Coordenador (a) / Supervisor (a);Novos Negócios;cliente645@empresa16.com
646;256;Gerente;Novos Negócios;cliente646@empresa256.com
647;19;Gerente;Produtividade e Efetividade;cliente647@empresa19.com
648;26;Analista;Inteligência de Mercado;cliente648@empresa26.com
649;28;Gerente;Inteligência de Mercado;cliente649@empresa28.com
650;29;Coordenador (a) / Supervisor (a);Produtividade e Efetividade;cliente650@empresa29.com
651;38;Diretor (a) / Vice Presidente;Marketing;cliente651@empresa38.com
652;47;Analista;Inteligência de Mercado;cliente652@empresa47.com
653;52;Gerente;Inteligência de Mercado;cliente653@empresa52.com
654;54;Coordenador (a) / Supervisor (a);Administrativo;cliente654@empresa54.com
655;731;Analista;Inteligência de Mercado;cliente655@empresa731.com
656;60;Gerente;Inteligência de Mercado;cliente656@empresa60.com
657;62;Gerente;Inteligência de Mercado;cliente657@empresa62.com
658;65;Coordenador (a) / Supervisor (a);Inteligência de Mercado;cliente658@empresa65.com
659;66;Analista;Inteligência de Mercado;cliente659@empresa66.com
660;69;Gerente;Business Support;cliente660@empresa69.com
661;77;Analista;Inteligência de Mercado;cliente661@empresa77.com
662;79;Gerente;Produtividade e Efetividade;cliente662@empresa79.com
663;76;Gerente;Produtividade e Efetividade;cliente663@empresa76.com
664;661;Gerente;Inteligência de Mercado;cliente664@empresa661.com
665;612;Analista;Inteligência de Mercado;cliente665@empresa612.com
666;85;Analista;Inteligência de Mercado;cliente666@empresa85.com
667;426;Especialista;Inteligência de Mercado;cliente667@empresa426.com
668;88;Gerente;Inteligência de Mercado;cliente668@empresa88.com
669;454;Gerente;Inteligência de Mercado;cliente669@empresa454.com
670;100;Consultor (a);Inteligência de Mercado;cliente670@empresa100.com
671;59;Gerente;Produtividade e Efetividade;cliente671@empresa59.com
672;457;Gerente;Inteligência de Mercado;cliente672@empresa457.com
673;102;Gerente de Produto / Brand Manager;Marketing;cliente673@empresa102.com
674;105;Gerente;Inteligência de Mercado;cliente674@empresa105.com
675;123;Analista;Inteligência de Mercado;cliente675@empresa123.com
676;112;Especialista;Inteligência de Mercado;cliente676@empresa112.com
677;492;Gerente;Business Support;cliente677@empresa492.com
678;114;Gerente;Inteligência de Mercado;cliente678@empresa114.com
679;501;Gerente;Incentivos e Premiação da Força de Vendas;cliente679@empresa501.com
680;940;Gerente;Produtividade e Efetividade;cliente680@empresa940.com
681;538;Coordenador (a) / Supervisor (a);Produtividade e Efetividade;cliente681@empresa538.com
682;120;Gerente;Inteligência de Mercado;cliente682@empresa120.com
683;121;Gerente;Business Support;cliente683@empresa121.com
684;582;Coordenador (a) / Supervisor (a);Desenvolvimento de Produtos;cliente684@empresa582.com
685;130;Gerente;Inteligência de Mercado;cliente685@empresa130.com
686;132;Coordenador (a) / Supervisor (a);Inteligência de Mercado;cliente686@empresa132.com
687;139;Analista;Inteligência de Mercado;cliente687@empresa139.com
688;141;Diretor (a) / Vice Presidente;Inteligência de Mercado;cliente688@empresa141.com
689;23;Advogado (a);Jurídico;cliente689@empresa23.com
690;60;Gerente;Jurídico;cliente690@empresa60.com
691;85;Gerente;Jurídico;cliente691@empresa85.com
692;123;Estagiário (a);Jurídico;cliente692@empresa123.com
693;111;Advogado (a);Jurídico;cliente693@empresa111.com
694;501;Advogado (a);Jurídico;cliente694@empresa501.com
695;120;Gerente;Jurídico;cliente695@empresa120.com
696;127;Advogado (a);Jurídico;cliente696@empresa127.com
697;5;Analista;Técnico-Científico;cliente697@empresa5.com
698;6;Técnico;Boas Práticas de Manufatura;cliente698@empresa6.com
699;7;Gerente;Garantia / Controle de Qualidade;cliente699@empresa7.com
700;8;Coordenador (a) / Supervisor (a);Garantia / Controle de Qualidade;cliente700@empresa8.com
701;142;Analista;Garantia / Controle de Qualidade;cliente701@empresa142.com
702;231;Analista;Garantia / Controle de Qualidade;cliente702@empresa231.com
703;234;Farmacêutico (a) Responsável;Garantia / Controle de Qualidade;cliente703@empresa234.com
704;13;Gerente;Logística / Materiais / Supply;cliente704@empresa13.com
705;16;Coordenador (a) / Supervisor (a);Logística / Materiais / Supply;cliente705@empresa16.com
706;17;Coordenador (a) / Supervisor (a);Garantia / Controle de Qualidade;cliente706@empresa17.com
707;256;Gerente;Industrial / Produção;cliente707@empresa256.com
708;18;Analista;Garantia / Controle de Qualidade;cliente708@empresa18.com
709;92;Gerente;Logística / Materiais / Supply;cliente709@empresa92.com
710;1163;Farmacêutico (a) Responsável;Garantia / Controle de Qualidade;cliente710@empresa1163.com
711;93;Coordenador (a) / Supervisor (a);Industrial / Produção;cliente711@empresa93.com
712;33;Especialista;Logística / Materiais / Supply;cliente712@empresa33.com
713;23;Gerente;Garantia / Controle de Qualidade;cliente713@empresa23.com
714;25;Coordenador (a) / Supervisor (a);Garantia / Controle de Qualidade;cliente714@empresa25.com
715;26;Diretor (a) / Vice Presidente;Operações;cliente715@empresa26.com
716;649;Coordenador (a) / Supervisor (a);Garantia / Controle de Qualidade;cliente716@empresa649.com
717;28;Analista;Garantia / Controle de Qualidade;cliente717@empresa28.com
718;658;Especialista;Garantia / Controle de Qualidade;cliente718@empresa658.com
719;37;Coordenador (a) / Supervisor (a);Logística / Materiais / Supply;cliente719@empresa37.com
720;40;Gerente;Garantia / Controle de Qualidade;cliente720@empresa40.com
721;41;Gerente;Garantia / Controle de Qualidade;cliente721@empresa41.com
722;42;Gerente;Logística / Materiais / Supply;cliente722@empresa42.com
723;610;Analista;Garantia / Controle de Qualidade;cliente723@empresa610.com
724;43;Analista;Garantia / Controle de Qualidade;cliente724@empresa43.com
725;44;Coordenador (a) / Supervisor (a);Validação;cliente725@empresa44.com
726;669;Farmacêutico (a) Responsável;Garantia / Controle de Qualidade;cliente726@empresa669.com
727;45;Coordenador (a) / Supervisor (a);Garantia / Controle de Qualidade;cliente727@empresa45.com
728;47;Especialista;Garantia / Controle de Qualidade;cliente728@empresa47.com
729;48;Gerente;Logística / Materiais / Supply;cliente729@empresa48.com
730;769;Coordenador (a) / Supervisor (a);Garantia / Controle de Qualidade;cliente730@empresa769.com
731;49;Gerente;Validação;cliente731@empresa49.com
732;52;Analista;Garantia / Controle de Qualidade;cliente732@empresa52.com
733;53;Gerente;Garantia / Controle de Qualidade;cliente733@empresa53.com
734;54;Coordenador (a) / Supervisor (a);Validação;cliente734@empresa54.com
735;793;Analista;Garantia / Controle de Qualidade;cliente735@empresa793.com
736;60;Analista;Garantia / Controle de Qualidade;cliente736@empresa60.com
737;62;Analista;Validação;cliente737@empresa62.com
738;715;Farmacêutico (a) Responsável;Garantia / Controle de Qualidade;cliente738@empresa715.com
739;882;Farmacêutico (a) Responsável;Logística / Materiais / Supply;cliente739@empresa882.com
740;1122;Gerente;Operações;cliente740@empresa1122.com
741;65;Analista;Garantia / Controle de Qualidade;cliente741@empresa65.com
742;94;Diretor (a) / Vice Presidente;Garantia / Controle de Qualidade;cliente742@empresa94.com
743;390;Diretor (a) / Vice Presidente;Assuntos Regulatórios;cliente743@empresa390.com
744;66;Diretor (a) / Vice Presidente;Garantia / Controle de Qualidade;cliente744@empresa66.com
745;68;Coordenador (a) / Supervisor (a);Logística / Materiais / Supply;cliente745@empresa68.com
746;69;Coordenador (a) / Supervisor (a);Validação;cliente746@empresa69.com
747;70;Farmacêutico (a) Responsável;Garantia / Controle de Qualidade;cliente747@empresa70.com
748;670;Coordenador (a) / Supervisor (a);Garantia / Controle de Qualidade;cliente748@empresa670.com
749;77;Farmacêutico (a) Responsável;Garantia / Controle de Qualidade;cliente749@empresa77.com
750;1041;Analista;Garantia / Controle de Qualidade;cliente750@empresa1041.com
751;410;Farmacêutico (a) Responsável;Assuntos Regulatórios;cliente751@empresa410.com
752;79;Gerente;Logística / Materiais / Supply;cliente752@empresa79.com
753;76;Especialista;Logística / Materiais / Supply;cliente753@empresa76.com
754;80;Farmacêutico (a) Responsável;Garantia / Controle de Qualidade;cliente754@empresa80.com
755;81;Coordenador (a) / Supervisor (a);Garantia / Controle de Qualidade;cliente755@empresa81.com
756;1121;Farmacêutico (a) Responsável;Logística / Materiais / Supply;cliente756@empresa1121.com
757;759;Analista;Garantia / Controle de Qualidade;cliente757@empresa759.com
758;85;Gerente;Garantia / Controle de Qualidade;cliente758@empresa85.com
759;1032;Assistente / Assessor (a) / Auxiliar;Garantia / Controle de Qualidade;cliente759@empresa1032.com
760;86;Coordenador (a) / Supervisor (a);Garantia / Controle de Qualidade;cliente760@empresa86.com
761;89;Analista;Garantia / Controle de Qualidade;cliente761@empresa89.com
762;1033;Gerente;Garantia / Controle de Qualidade;cliente762@empresa1033.com
763;454;Gerente;Garantia / Controle de Qualidade;cliente763@empresa454.com
764;100;Gerente;Garantia / Controle de Qualidade;cliente764@empresa100.com
765;59;Farmacêutico (a) Responsável;Garantia / Controle de Qualidade;cliente765@empresa59.com
766;105;Coordenador (a) / Supervisor (a);Garantia / Controle de Qualidade;cliente766@empresa105.com
767;106;Analista;Garantia / Controle de Qualidade;cliente767@empresa106.com
768;475;Analista;Garantia / Controle de Qualidade;cliente768@empresa475.com
769;799;Gerente;Garantia / Controle de Qualidade;cliente769@empresa799.com
770;108;Analista;Garantia / Controle de Qualidade;cliente770@empresa108.com
771;1151;Coordenador (a) / Supervisor (a);Logística / Materiais / Supply;cliente771@empresa1151.com
772;123;Gerente;Logística / Materiais / Supply;cliente772@empresa123.com
773;487;Analista;Garantia / Controle de Qualidade;cliente773@empresa487.com
774;110;Gerente;Garantia / Controle de Qualidade;cliente774@empresa110.com
775;111;Analista;Garantia / Controle de Qualidade;cliente775@empresa111.com
776;737;Gerente;Garantia / Controle de Qualidade;cliente776@empresa737.com
777;1089;Analista;Garantia / Controle de Qualidade;cliente777@empresa1089.com
778;112;Coordenador (a) / Supervisor (a);Garantia / Controle de Qualidade;cliente778@empresa112.com
779;1165;Coordenador (a) / Supervisor (a);Assuntos Regulatórios;cliente779@empresa1165.com
780;114;Analista;Garantia / Controle de Qualidade;cliente780@empresa114.com
781;501;Farmacêutico (a) Responsável;Garantia / Controle de Qualidade;cliente781@empresa501.com
782;107;Gerente;Logística / Materiais / Supply;cliente782@empresa107.com
783;95;Coordenador (a) / Supervisor (a);Garantia / Controle de Qualidade;cliente783@empresa95.com
784;940;Diretor (a) / Vice Presidente;Logística / Materiais / Supply;cliente784@empresa940.com
785;790;Farmacêutico (a) Responsável;Logística / Materiais / Supply;cliente785@empresa790.com
786;1072;Gerente;Garantia / Controle de Qualidade;cliente786@empresa1072.com
787;538;Farmacêutico (a) Responsável;Garantia / Controle de Qualidade;cliente787@empresa538.com
788;807;Farmacêutico (a) Responsável;Assuntos Regulatórios;cliente788@empresa807.com
789;541;Especialista;Logística / Materiais / Supply;cliente789@empresa541.com
790;782;Farmacêutico (a) Responsável;Garantia / Controle de Qualidade;cliente790@empresa782.com
791;1114;Coordenador (a) / Supervisor (a);Validação;cliente791@empresa1114.com
792;118;Farmacêutico (a) Responsável;Garantia / Controle de Qualidade;cliente792@empresa118.com
793;121;Coordenador (a) / Supervisor (a);Garantia / Controle de Qualidade;cliente793@empresa121.com
794;567;Farmacêutico (a) Responsável;Garantia / Controle de Qualidade;cliente794@empresa567.com
795;909;Coordenador (a) / Supervisor (a);Garantia / Controle de Qualidade;cliente795@empresa909.com
796;127;Analista;Garantia / Controle de Qualidade;cliente796@empresa127.com
797;582;Gerente;Validação;cliente797@empresa582.com
798;128;Farmacêutico (a) Responsável;Logística / Materiais / Supply;cliente798@empresa128.com
799;129;Assistente / Assessor (a) / Auxiliar;Garantia / Controle de Qualidade;cliente799@empresa129.com
800;130;Farmacêutico (a) Responsável;Garantia / Controle de Qualidade;cliente800@empresa130.com
801;131;Coordenador (a) / Supervisor (a);Logística / Materiais / Supply;cliente801@empresa131.com
802;132;Coordenador (a) / Supervisor (a);Garantia / Controle de Qualidade;cliente802@empresa132.com
803;689;Coordenador (a) / Supervisor (a);Garantia / Controle de Qualidade;cliente803@empresa689.com
804;888;Coordenador (a) / Supervisor (a);Validação;cliente804@empresa888.com
805;966;Coordenador (a) / Supervisor (a);Garantia / Controle de Qualidade;cliente805@empresa966.com
806;139;Analista;Garantia / Controle de Qualidade;cliente806@empresa139.com
807;601;Coordenador (a) / Supervisor (a);Garantia / Controle de Qualidade;cliente807@empresa601.com
808;141;Farmacêutico (a) Responsável;Garantia / Controle de Qualidade;cliente808@empresa141.com
809;143;Analista;Validação;cliente809@empresa143.com
810;7;Analista;Assuntos Regulatórios;cliente810@empresa7.com
811;8;Gerente;Assuntos Regulatórios;cliente811@empresa8.com
812;234;Especialista;Garantia / Controle de Qualidade;cliente812@empresa234.com
813;12;Analista;Desenvolvimento Analítico;cliente813@empresa12.com
814;1019;Pesquisador (a);Assuntos Regulatórios;cliente814@empresa1019.com
815;16;Coordenador (a) / Supervisor (a);Assuntos Regulatórios;cliente815@empresa16.com
816;17;Coordenador (a) / Supervisor (a);Desenvolvimento Analítico;cliente816@empresa17.com
817;256;Coordenador (a) / Supervisor (a);Desenvolvimento Analítico;cliente817@empresa256.com
818;18;Diretor (a) / Vice Presidente;Assuntos Regulatórios;cliente818@empresa18.com
819;21;Farmacêutico (a) Responsável;Garantia / Controle de Qualidade;cliente819@empresa21.com
820;22;Especialista;Assuntos Regulatórios;cliente820@empresa22.com
821;649;Gerente;Garantia / Controle de Qualidade;cliente821@empresa649.com
822;28;Analista;Assuntos Regulatórios;cliente822@empresa28.com
823;40;Analista;Assuntos Regulatórios;cliente823@empresa40.com
824;44;Analista;Assuntos Regulatórios;cliente824@empresa44.com
825;47;Analista;Desenvolvimento Analítico;cliente825@empresa47.com
826;52;Coordenador (a) / Supervisor (a);Desenvolvimento Analítico;cliente826@empresa52.com
827;54;Coordenador (a) / Supervisor (a);Pesquisa e Desenvolvimento;cliente827@empresa54.com
828;793;Assistente / Assessor (a) / Auxiliar;Relações Governamentais / Institucionais;cliente828@empresa793.com
829;60;Gerente;Assuntos Regulatórios;cliente829@empresa60.com
830;62;Analista;Assuntos Regulatórios;cliente830@empresa62.com
831;65;Coordenador (a) / Supervisor (a);Engenharia;cliente831@empresa65.com
832;68;Gerente de Produto / Brand Manager;Desenvolvimento de Produtos;cliente832@empresa68.com
833;69;Coordenador (a) / Supervisor (a);Assuntos Regulatórios;cliente833@empresa69.com
834;72;Gerente;Garantia / Controle de Qualidade;cliente834@empresa72.com
835;79;Analista;Assuntos Regulatórios;cliente835@empresa79.com
836;76;Especialista;Assuntos Regulatórios;cliente836@empresa76.com
837;81;Coordenador (a) / Supervisor (a);Desenvolvimento Analítico;cliente837@empresa81.com
838;426;Coordenador (a) / Supervisor (a);Desenvolvimento Analítico;cliente838@empresa426.com
839;88;Gerente Distrital;Desenvolvimento Analítico;cliente839@empresa88.com
840;100;Especialista;Assuntos Regulatórios;cliente840@empresa100.com
841;106;Especialista;Assuntos Regulatórios;cliente841@empresa106.com
842;1151;Coordenador (a) / Supervisor (a);Garantia / Controle de Qualidade;cliente842@empresa1151.com
843;123;Analista;Assuntos Regulatórios;cliente843@empresa123.com
844;114;Consultor (a);Assuntos Regulatórios;cliente844@empresa114.com
845;117;Coordenador (a) / Supervisor (a);Garantia / Controle de Qualidade;cliente845@empresa117.com
846;107;Coordenador (a) / Supervisor (a);Assuntos Regulatórios;cliente846@empresa107.com
847;95;Consultor de Produtos Farmacêuticos;Desenvolvimento de Produtos;cliente847@empresa95.com
848;790;Pesquisador (a);Desenvolvimento Analítico;cliente848@empresa790.com
849;118;Analista;Validação;cliente849@empresa118.com
850;121;Analista;Assuntos Regulatórios;cliente850@empresa121.com
851;1036;Presidente;Pesquisa e Desenvolvimento;cliente851@empresa1036.com
852;584;Gerente;Assuntos Regulatórios;cliente852@empresa584.com
853;128;Analista;Assuntos Regulatórios;cliente853@empresa128.com
854;129;Analista;Desenvolvimento Analítico;cliente854@empresa129.com
855;7;Coordenador (a) / Supervisor (a);Assuntos Regulatórios;cliente855@empresa7.com
856;142;Especialista;Assuntos Regulatórios;cliente856@empresa142.com
857;234;Analista;Assuntos Regulatórios;cliente857@empresa234.com
858;64;Coordenador (a) / Supervisor (a);Industrial / Produção;cliente858@empresa64.com
859;12;Coordenador (a) / Supervisor (a);Assuntos Regulatórios;cliente859@empresa12.com
860;17;Analista;Assuntos Regulatórios;cliente860@empresa17.com
861;256;Analista;Assuntos Regulatórios;cliente861@empresa256.com
862;19;Analista;Assuntos Regulatórios;cliente862@empresa19.com
863;1163;Estagiário (a);Assuntos Regulatórios;cliente863@empresa1163.com
864;33;Coordenador (a) / Supervisor (a);Assuntos Regulatórios;cliente864@empresa33.com
865;23;Analista;Assuntos Regulatórios;cliente865@empresa23.com
866;25;Analista;Assuntos Regulatórios;cliente866@empresa25.com
867;649;Analista;Assuntos Regulatórios;cliente867@empresa649.com
868;27;Gerente;Assuntos Regulatórios;cliente868@empresa27.com
869;28;Gerente;Garantia / Controle de Qualidade;cliente869@empresa28.com
870;29;Analista;Assuntos Regulatórios;cliente870@empresa29.com
871;30;Coordenador (a) / Supervisor (a);Assuntos Regulatórios;cliente871@empresa30.com
872;658;Analista;Assuntos Regulatórios;cliente872@empresa658.com
873;34;Gerente;Assuntos Regulatórios;cliente873@empresa34.com
874;37;Consultor (a);Assuntos Regulatórios;cliente874@empresa37.com
875;38;Farmacêutico (a) Responsável;Assuntos Regulatórios;cliente875@empresa38.com
876;39;Gerente;Assuntos Regulatórios;cliente876@empresa39.com
877;40;Coordenador (a) / Supervisor (a);Desenvolvimento Analítico;cliente877@empresa40.com
878;41;Analista;Assuntos Regulatórios;cliente878@empresa41.com
879;42;Analista;Assuntos Regulatórios;cliente879@empresa42.com
880;610;Especialista;Assuntos Regulatórios;cliente880@empresa610.com
881;43;Analista;Assuntos Regulatórios;cliente881@empresa43.com
882;669;Analista;Assuntos Regulatórios;cliente882@empresa669.com
883;47;Gerente;Assuntos Regulatórios;cliente883@empresa47.com
884;48;Contador (a);Assuntos Regulatórios;cliente884@empresa48.com
885;769;Analista;Assuntos Regulatórios;cliente885@empresa769.com
886;49;Analista;Assuntos Regulatórios;cliente886@empresa49.com
887;52;Analista;Assuntos Regulatórios;cliente887@empresa52.com
888;53;Analista;Assuntos Regulatórios;cliente888@empresa53.com
889;54;Analista;Assuntos Regulatórios;cliente889@empresa54.com
890;822;Gerente;Assuntos Regulatórios;cliente890@empresa822.com
891;793;Farmacêutico (a) Responsável;Assuntos Regulatórios;cliente891@empresa793.com
892;56;Analista;Assuntos Regulatórios;cliente892@empresa56.com
893;811;Gerente;Garantia / Controle de Qualidade;cliente893@empresa811.com
894;60;Coordenador (a) / Supervisor (a);Assuntos Regulatórios;cliente894@empresa60.com
895;715;Analista;Assuntos Regulatórios;cliente895@empresa715.com
896;882;Analista;Assuntos Regulatórios;cliente896@empresa882.com
897;94;Analista;Assuntos Regulatórios;cliente897@empresa94.com
898;66;Analista;Assuntos Regulatórios;cliente898@empresa66.com
899;68;Coordenador (a) / Supervisor (a);Assuntos Regulatórios;cliente899@empresa68.com
900;70;Gerente;Assuntos Regulatórios;cliente900@empresa70.com
901;72;Analista;Assuntos Regulatórios;cliente901@empresa72.com
902;75;Analista;Assuntos Regulatórios;cliente902@empresa75.com
903;80;Analista;Assuntos Regulatórios;cliente903@empresa80.com
904;81;Analista;Assuntos Regulatórios;cliente904@empresa81.com
905;1121;Gerente;Assuntos Regulatórios;cliente905@empresa1121.com
906;661;Coordenador (a) / Supervisor (a);Assuntos Regulatórios;cliente906@empresa661.com
907;612;Analista;Assuntos Regulatórios;cliente907@empresa612.com
908;85;Analista;Assuntos Regulatórios;cliente908@empresa85.com
909;426;Coordenador (a) / Supervisor (a);Assuntos Regulatórios;cliente909@empresa426.com
910;1032;Analista;Assuntos Regulatórios;cliente910@empresa1032.com
911;88;Analista;Assuntos Regulatórios;cliente911@empresa88.com
912;454;Especialista;Assuntos Regulatórios;cliente912@empresa454.com
913;59;Diretor (a) / Vice Presidente;Assuntos Regulatórios;cliente913@empresa59.com
914;102;Analista;Assuntos Regulatórios;cliente914@empresa102.com
915;105;Coordenador (a) / Supervisor (a);Assuntos Regulatórios;cliente915@empresa105.com
916;633;Analista;Assuntos Regulatórios;cliente916@empresa633.com
917;106;Analista;Assuntos Regulatórios;cliente917@empresa106.com
918;475;Gerente;Assuntos Regulatórios;cliente918@empresa475.com
919;108;Analista;Assuntos Regulatórios;cliente919@empresa108.com
920;1151;Consultor (a);Assuntos Regulatórios;cliente920@empresa1151.com
921;123;Analista;Assuntos Regulatórios;cliente921@empresa123.com
922;737;Gerente;Assuntos Regulatórios;cliente922@empresa737.com
923;114;Coordenador (a) / Supervisor (a);Assuntos Regulatórios;cliente923@empresa114.com
924;505;Gerente;Assuntos Regulatórios;cliente924@empresa505.com
925;116;Coordenador (a) / Supervisor (a);Assuntos Regulatórios;cliente925@empresa116.com
926;95;Farmacêutico (a) Responsável;Assuntos Regulatórios;cliente926@empresa95.com
927;940;Coordenador (a) / Supervisor (a);Assuntos Regulatórios;cliente927@empresa940.com
928;790;Gerente;Assuntos Regulatórios;cliente928@empresa790.com
929;1072;Coordenador (a) / Supervisor (a);Assuntos Regulatórios;cliente929@empresa1072.com
930;538;Analista;Assuntos Regulatórios;cliente930@empresa538.com
931;884;Especialista;Assuntos Regulatórios;cliente931@empresa884.com
932;120;Analista;Assuntos Regulatórios;cliente932@empresa120.com
933;121;Gerente;Assuntos Regulatórios;cliente933@empresa121.com
934;1025;Coordenador (a) / Supervisor (a);Assuntos Regulatórios;cliente934@empresa1025.com
935;567;Coordenador (a) / Supervisor (a);Assuntos Regulatórios;cliente935@empresa567.com
936;127;Analista;Assuntos Regulatórios;cliente936@empresa127.com
937;582;Gerente;Assuntos Regulatórios;cliente937@empresa582.com
938;128;Diretor (a) / Vice Presidente;Assuntos Regulatórios;cliente938@empresa128.com
939;129;Analista;Assuntos Regulatórios;cliente939@empresa129.com
940;130;Gerente;Assuntos Regulatórios;cliente940@empresa130.com
941;131;Analista;Assuntos Regulatórios;cliente941@empresa131.com
942;132;Diretor (a) / Vice Presidente;Assuntos Regulatórios;cliente942@empresa132.com
943;591;Gerente;Assuntos Regulatórios;cliente943@empresa591.com
944;138;Gerente;Assuntos Regulatórios;cliente944@empresa138.com
945;888;Coordenador (a) / Supervisor (a);Assuntos Regulatórios;cliente945@empresa888.com
946;953;Assistente / Assessor (a) / Auxiliar;Assuntos Regulatórios;cliente946@empresa953.com
947;966;Coordenador (a) / Supervisor (a);Assuntos Regulatórios;cliente947@empresa966.com
948;139;Analista;Assuntos Regulatórios;cliente948@empresa139.com
949;141;Especialista;Assuntos Regulatórios;cliente949@empresa141.com
950;16;Especialista;Recursos Humanos;cliente950@empresa16.com
951;92;Coordenador (a) / Supervisor (a);Jurídico;cliente951@empresa92.com
952;22;Especialista;Recursos Humanos;cliente952@empresa22.com
953;62;Gerente;Recursos Humanos;cliente953@empresa62.com
954;612;Coordenador (a) / Supervisor (a);Recursos Humanos;cliente954@empresa612.com
955;100;Analista;Recursos Humanos;cliente955@empresa100.com
956;112;Assistente / Assessor (a) / Auxiliar;Recursos Humanos;cliente956@empresa112.com
957;501;Gerente;Recursos Humanos;cliente957@empresa501.com
958;118;Advogado (a);Jurídico;cliente958@empresa118.com
959;131;Gerente;Recursos Humanos;cliente959@empresa131.com
960;47;Gerente de Engenharia;Engenharia;cliente960@empresa47.com
961;52;Diretor de Engenharia e Manutenção;Engenharia e Manutenção;cliente961@empresa52.com
962;100;Analista de Remuneração;Performance e Recompensa;cliente962@empresa100.com
963;106;Gerente de Engenharia;Engenharia;cliente963@empresa106.com
964;107;GTE RH;Recursos Humanos;cliente964@empresa107.com
965;118;Coordenadora de SHE e Engenharia;Finanças e Serviços;cliente965@empresa118.com
966;139;ANALISTA DE FACILITIES;MANUTENÇÃO;cliente966@empresa139.com
967;658;Analista;Recursos Humanos;cliente967@empresa658.com
968;34;Gerente;Recursos Humanos;cliente968@empresa34.com
969;60;Analista;Comunicação;cliente969@empresa60.com
970;426;Coordenador (a) / Supervisor (a);Recursos Humanos;cliente970@empresa426.com
971;102;Coordenador (a) / Supervisor (a);Recursos Humanos;cliente971@empresa102.com
972;108;Especialista;Recursos Humanos;cliente972@empresa108.com
973;541;Gerente;Recursos Humanos;cliente973@empresa541.com
974;141;Especialista;Recursos Humanos;cliente974@empresa141.com
975;5;Gerente;Segurança do Trabalho;cliente975@empresa5.com
976;215;Coordenador (a) / Supervisor (a);Segurança do Trabalho;cliente976@empresa215.com
977;8;Coordenador (a) / Supervisor (a);Segurança do Trabalho;cliente977@empresa8.com
978;142;Coordenador (a) / Supervisor (a);Segurança do Trabalho;cliente978@empresa142.com
979;579;Técnico;Segurança do Trabalho;cliente979@empresa579.com
980;11;Técnico;Segurança do Trabalho;cliente980@empresa11.com
981;16;Técnico;Segurança do Trabalho;cliente981@empresa16.com
982;23;Analista;Assuntos Corporativos;cliente982@empresa23.com
983;25;Técnico;Segurança do Trabalho;cliente983@empresa25.com
984;28;Técnico;Segurança do Trabalho;cliente984@empresa28.com
985;37;Coordenador (a) / Supervisor (a);Segurança do Trabalho;cliente985@empresa37.com
986;48;Técnico;Administrativo;cliente986@empresa48.com
987;49;Assistente / Assessor (a) / Auxiliar;Recursos Humanos;cliente987@empresa49.com
988;54;Coordenador (a) / Supervisor (a);Segurança do Trabalho;cliente988@empresa54.com
989;56;Técnico;Segurança do Trabalho;cliente989@empresa56.com
990;60;Técnico;Segurança do Trabalho;cliente990@empresa60.com
991;65;Coordenador (a) / Supervisor (a);Segurança do Trabalho;cliente991@empresa65.com
992;66;Coordenador (a) / Supervisor (a);Segurança do Trabalho;cliente992@empresa66.com
993;68;Engenheiro (a);Segurança do Trabalho;cliente993@empresa68.com
994;69;Coordenador (a) / Supervisor (a);Segurança do Trabalho;cliente994@empresa69.com
995;77;Gerente;Engenharia;cliente995@empresa77.com
996;59;Coordenador (a) / Supervisor (a);Segurança do Trabalho;cliente996@empresa59.com
997;106;Técnico;Segurança do Trabalho;cliente997@empresa106.com
998;475;Especialista;Recursos Humanos;cliente998@empresa475.com
999;111;Técnico;Segurança do Trabalho;cliente999@empresa111.com
1000;541;Coordenador (a) / Supervisor (a);Tecnologia da Informação;cliente1000@empresa541.com
1001;120;Técnico;Segurança do Trabalho;cliente1001@empresa120.com
1002;127;Técnico;Segurança do Trabalho;cliente1002@empresa127.com
1003;582;Engenheiro (a);Recursos Humanos;cliente1003@empresa582.com
1004;128;Analista;Recursos Humanos;cliente1004@empresa128.com
1005;6;Gerente;Acesso;cliente1005@empresa6.com
1006;7;Coordenador (a) / Supervisor (a);Fiscal;cliente1006@empresa7.com
1007;8;Diretor (a) / Vice Presidente;Financeiro;cliente1007@empresa8.com
1008;142;Diretor (a) / Vice Presidente;Acesso;cliente1008@empresa142.com
1009;13;Presidente;Presidência;cliente1009@empresa13.com
1010;15;Sócio (a);Presidência;cliente1010@empresa15.com
1011;16;Presidente;Administrativo;cliente1011@empresa16.com
1012;19;Diretor (a) / Vice Presidente;Assuntos Corporativos;cliente1012@empresa19.com
1013;1163;Presidente;Presidência;cliente1013@empresa1163.com
1014;22;Gerente;Relações Governamentais / Institucionais;cliente1014@empresa22.com
1015;23;Gerente;Acesso;cliente1015@empresa23.com
1016;286;Gerente;Engenharia;cliente1016@empresa286.com
1017;34;Presidente;Presidência;cliente1017@empresa34.com
1018;53;Presidente;Presidência;cliente1018@empresa53.com
1019;54;Presidente;Presidência;cliente1019@empresa54.com
1020;822;Presidente;Presidência;cliente1020@empresa822.com
1021;62;Diretor (a) / Vice Presidente;Controladoria;cliente1021@empresa62.com
1022;1122;Presidente;Controladoria;cliente1022@empresa1122.com
1023;66;Presidente;Presidência;cliente1023@empresa66.com
1024;67;Gerente;Acesso;cliente1024@empresa67.com
1025;826;Presidente;Presidência;cliente1025@empresa826.com
1026;69;Diretor (a) / Vice Presidente;Industrial / Produção;cliente1026@empresa69.com
1027;1014;Diretor (a) / Vice Presidente;Médico;cliente1027@empresa1014.com
1028;89;Diretor (a) / Vice Presidente;Financeiro;cliente1028@empresa89.com
1029;1043;Presidente;Presidência;cliente1029@empresa1043.com
1030;457;Presidente;Presidência;cliente1030@empresa457.com
1031;108;Presidente;Presidência;cliente1031@empresa108.com
1032;123;Presidente;Presidência;cliente1032@empresa123.com
1033;112;Presidente;Administrativo;cliente1033@empresa112.com
1034;114;Gerente;Acesso;cliente1034@empresa114.com
1035;501;Assistente / Assessor (a) / Auxiliar;Assuntos Corporativos;cliente1035@empresa501.com
1036;96;Diretor (a) / Vice Presidente;Assuntos Corporativos;cliente1036@empresa96.com
1037;541;Presidente;Administrativo;cliente1037@empresa541.com
1038;782;Gerente;Acesso;cliente1038@empresa782.com
1039;118;Gerente;Financeiro;cliente1039@empresa118.com
1040;121;Presidente;Presidência;cliente1040@empresa121.com
1041;567;Presidente;Presidência;cliente1041@empresa567.com
1042;138;Diretor (a) / Vice Presidente;Financeiro;cliente1042@empresa138.com
1043;689;Analista;Preços;cliente1043@empresa689.com
1044;142;Gerente;Pesquisa Clínica;cliente1044@empresa142.com
1045;10;Gerente;Pesquisa Clínica;cliente1045@empresa10.com
1046;13;Gerente;Assuntos Regulatórios;cliente1046@empresa13.com
1047;19;Gerente;Médico;cliente1047@empresa19.com
1048;37;Gerente;Médico;cliente1048@empresa37.com
1049;52;Coordenador (a) / Supervisor (a);Pesquisa Clínica;cliente1049@empresa52.com
1050;54;Gerente;Pesquisa Clínica;cliente1050@empresa54.com
1051;62;Gerente;Pesquisa Clínica;cliente1051@empresa62.com
1052;76;Coordenador (a) / Supervisor (a);Médico;cliente1052@empresa76.com
1053;89;Gerente;Pesquisa Clínica;cliente1053@empresa89.com
1054;100;Especialista;Pesquisa Clínica;cliente1054@empresa100.com
1055;114;Consultor de Produtos Farmacêuticos;Pesquisa Clínica;cliente1055@empresa114.com
1056;96;Especialista;Médico;cliente1056@empresa96.com
1057;118;Coordenador (a) / Supervisor (a);Pesquisa Clínica;cliente1057@empresa118.com
1058;121;Gerente;Assuntos Regulatórios;cliente1058@empresa121.com
1059;127;Gerente;Pesquisa Clínica;cliente1059@empresa127.com
1060;128;Gerente;Pesquisa Clínica;cliente1060@empresa128.com
1061;5;Analista;SAC;cliente1061@empresa5.com
1062;142;Gerente;Farmacovigilância;cliente1062@empresa142.com
1063;19;Coordenador (a) / Supervisor (a);SAC;cliente1063@empresa19.com
1064;658;Consultor (a);Farmacovigilância;cliente1064@empresa658.com
1065;811;Analista;Assuntos Regulatórios;cliente1065@empresa811.com
1066;77;Assistente / Assessor (a) / Auxiliar;SAC;cliente1066@empresa77.com
1067;737;Analista;Farmacovigilância;cliente1067@empresa737.com
1068;107;Coordenador (a) / Supervisor (a);Médico;cliente1068@empresa107.com
1069;95;Coordenador (a) / Supervisor (a);Garantia / Controle de Qualidade;cliente1069@empresa95.com
1070;96;Gerente;SAC;cliente1070@empresa96.com
1071;790;Assistente / Assessor (a) / Auxiliar;SAC;cliente1071@empresa790.com
1072;1072;Especialista;Garantia / Controle de Qualidade;cliente1072@empresa1072.com
1073;582;Coordenador (a) / Supervisor (a);SAC;cliente1073@empresa582.com
1074;128;Coordenador (a) / Supervisor (a);SAC;cliente1074@empresa128.com
1075;953;Assistente / Assessor (a) / Auxiliar;SAC;cliente1075@empresa953.com
1076;139;Assistente / Assessor (a) / Auxiliar;SAC;cliente1076@empresa139.com
1077;5;Analista;Farmacovigilância;cliente1077@empresa5.com
1078;6;Gerente;Farmacovigilância;cliente1078@empresa6.com
1079;7;Analista;Farmacovigilância;cliente1079@empresa7.com
1080;8;Analista;Farmacovigilância;cliente1080@empresa8.com
1081;142;Gerente;Farmacovigilância;cliente1081@empresa142.com
1082;13;Gerente;Farmacovigilância;cliente1082@empresa13.com
1083;18;Estagiário (a);Farmacovigilância;cliente1083@empresa18.com
1084;19;Analista;Farmacovigilância;cliente1084@empresa19.com
1085;1163;Assistente / Assessor (a) / Auxiliar;Farmacovigilância;cliente1085@empresa1163.com
1086;23;Coordenador (a) / Supervisor (a);Farmacovigilância;cliente1086@empresa23.com
1087;26;Analista;Farmacovigilância;cliente1087@empresa26.com
1088;27;Coordenador (a) / Supervisor (a);Farmacovigilância;cliente1088@empresa27.com
1089;37;Coordenador (a) / Supervisor (a);Farmacovigilância;cliente1089@empresa37.com
1090;610;Coordenador (a) / Supervisor (a);Farmacovigilância;cliente1090@empresa610.com
1091;48;Estagiário (a);Médico;cliente1091@empresa48.com
1092;54;Analista;Farmacovigilância;cliente1092@empresa54.com
1093;57;Analista;Farmacovigilância;cliente1093@empresa57.com
1094;60;Analista;Farmacovigilância;cliente1094@empresa60.com
1095;69;Analista;Farmacovigilância;cliente1095@empresa69.com
1096;70;Coordenador (a) / Supervisor (a);Farmacovigilância;cliente1096@empresa70.com
1097;76;Analista;Farmacovigilância;cliente1097@empresa76.com
1098;80;Analista;Farmacovigilância;cliente1098@empresa80.com
1099;426;Analista;Garantia / Controle de Qualidade;cliente1099@empresa426.com
1100;88;Gerente;Farmacovigilância;cliente1100@empresa88.com
1101;106;Coordenador (a) / Supervisor (a);Farmacovigilância;cliente1101@empresa106.com
1102;108;Analista;Farmacovigilância;cliente1102@empresa108.com
1103;123;Diretor (a) / Vice Presidente;Farmacovigilância;cliente1103@empresa123.com
1104;501;Coordenador (a) / Supervisor (a);Farmacovigilância;cliente1104@empresa501.com
1105;118;Coordenador (a) / Supervisor (a);Farmacovigilância;cliente1105@empresa118.com
1106;120;Analista;Farmacovigilância;cliente1106@empresa120.com
1107;121;Gerente;Farmacovigilância;cliente1107@empresa121.com
1108;567;Coordenador (a) / Supervisor (a);Farmacovigilância;cliente1108@empresa567.com
1109;128;Analista;Farmacovigilância;cliente1109@empresa128.com
1110;130;Analista;Farmacovigilância;cliente1110@empresa130.com
1111;8;Gerente;Controladoria;cliente1111@empresa8.com
1112;12;Gerente;Preços;cliente1112@empresa12.com
1113;1087;Gerente;Acesso;cliente1113@empresa1087.com
1114;16;Coordenador (a) / Supervisor (a);Novos Negócios;cliente1114@empresa16.com
1115;18;Diretor (a) / Vice Presidente;Acesso;cliente1115@empresa18.com
1116;19;Gerente;Acesso;cliente1116@empresa19.com
1117;92;Gerente;Acesso;cliente1117@empresa92.com
1118;23;Analista;Preços;cliente1118@empresa23.com
1119;27;Gerente;Acesso;cliente1119@empresa27.com
1120;28;Diretor (a) / Vice Presidente;Financeiro;cliente1120@empresa28.com
1121;29;Gerente;Acesso;cliente1121@empresa29.com
1122;30;Gerente;Assuntos Regulatórios;cliente1122@empresa30.com
1123;37;Analista;Acesso;cliente1123@empresa37.com
1124;42;Gerente;Preços;cliente1124@empresa42.com
1125;53;Gerente;Preços;cliente1125@empresa53.com
1126;62;Diretor (a) / Vice Presidente;Médico;cliente1126@empresa62.com
1127;94;Gerente;Assuntos Regulatórios;cliente1127@empresa94.com
1128;67;Gerente;Assuntos Regulatórios;cliente1128@empresa67.com
1129;75;Diretor (a) / Vice Presidente;Acesso;cliente1129@empresa75.com
1130;1108;Analista;Preços;cliente1130@empresa1108.com
1131;76;Gerente;Financeiro;cliente1131@empresa76.com
1132;85;Gerente;Preços;cliente1132@empresa85.com
1133;24;Presidente;Administrativo;cliente1133@empresa24.com
1134;89;Gerente;Farmacoeconomia;cliente1134@empresa89.com
1135;454;Gerente;Controladoria;cliente1135@empresa454.com
1136;615;Diretor (a) / Vice Presidente;Negócios Internacionais;cliente1136@empresa615.com
1137;100;Gerente;Relações Governamentais / Institucionais;cliente1137@empresa100.com
1138;123;Gerente;Preços;cliente1138@empresa123.com
1139;114;Gerente;Preços;cliente1139@empresa114.com
1140;501;Gerente;Acesso;cliente1140@empresa501.com
1141;96;Coordenador (a) / Supervisor (a);Farmacoeconomia;cliente1141@empresa96.com
1142;790;Coordenador (a) / Supervisor (a);Administrativo;cliente1142@empresa790.com
1143;541;Diretor (a) / Vice Presidente;Assuntos Regulatórios;cliente1143@empresa541.com
1144;884;Gerente;Acesso;cliente1144@empresa884.com
1145;782;Gerente;Acesso;cliente1145@empresa782.com
1146;118;Gerente;Acesso;cliente1146@empresa118.com
1147;121;Diretor (a) / Vice Presidente;Acesso;cliente1147@empresa121.com
1148;567;Diretor (a) / Vice Presidente;Acesso;cliente1148@empresa567.com
1149;909;Coordenador (a) / Supervisor (a);Planejamento e Controladoria;cliente1149@empresa909.com
1150;127;Analista;Preços;cliente1150@empresa127.com
1151;582;Analista;Controladoria;cliente1151@empresa582.com
1152;129;Coordenador (a) / Supervisor (a);Controladoria;cliente1152@empresa129.com
1153;592;Gerente;Preços;cliente1153@empresa592.com
1154;708;Gerente;Comercial / Vendas;cliente1154@empresa708.com
1155;138;Diretor (a) / Vice Presidente;Acesso;cliente1155@empresa138.com
1156;234;Gerente;Engenharia;cliente1156@empresa234.com
1157;16;Especialista;Fiscal;cliente1157@empresa16.com
1158;33;Gerente;Business Support;cliente1158@empresa33.com
1159;27;Gerente de Produto / Brand Manager;Acesso;cliente1159@empresa27.com
1160;28;Gerente;Planejamento e Controladoria;cliente1160@empresa28.com
1161;610;Diretor (a) / Vice Presidente;Comercial / Vendas;cliente1161@empresa610.com
1162;47;Gerente;Inteligência de Mercado;cliente1162@empresa47.com
1163;54;Gerente;Inteligência de Mercado;cliente1163@empresa54.com
1164;822;Gerente;Comercial / Vendas;cliente1164@empresa822.com
1165;65;Gerente;Inteligência de Mercado;cliente1165@empresa65.com
1166;94;Gerente;Financeiro;cliente1166@empresa94.com
1167;826;Presidente;Presidência;cliente1167@empresa826.com
1168;1108;Gerente;Planejamento e Controladoria;cliente1168@empresa1108.com
1169;76;Gerente;Inteligência de Mercado;cliente1169@empresa76.com
1170;759;Presidente;Comercial / Vendas;cliente1170@empresa759.com
1171;85;Analista;Comércio Exterior / Importação e Exportação;cliente1171@empresa85.com
1172;24;Gerente;Business Support;cliente1172@empresa24.com
1173;102;Gerente;Marketing;cliente1173@empresa102.com
1174;106;Gerente;Relações Governamentais / Institucionais;cliente1174@empresa106.com
1175;114;Gerente;Business Support;cliente1175@empresa114.com
1176;96;Diretor (a) / Vice Presidente;Financeiro;cliente1176@empresa96.com
1177;567;Diretor (a) / Vice Presidente;Produtividade e Efetividade;cliente1177@empresa567.com
1178;592;Diretor (a) / Vice Presidente;Acesso;cliente1178@empresa592.com
1179;139;Presidente;Administrativo;cliente1179@empresa139.com
1180;5;Gerente;Recursos Humanos;cliente1180@empresa5.com
1181;6;Gerente;Recursos Humanos;cliente1181@empresa6.com
1182;11;Gerente;Recursos Humanos;cliente1182@empresa11.com
1183;34;Gerente;Recursos Humanos;cliente1183@empresa34.com
1184;60;Gerente;Recursos Humanos;cliente1184@empresa60.com
1185;62;Analista;Recursos Humanos;cliente1185@empresa62.com
1186;65;Diretor (a) / Vice Presidente;Recursos Humanos;cliente1186@empresa65.com
1187;661;Coordenador (a) / Supervisor (a);Recursos Humanos;cliente1187@empresa661.com
1188;100;Coordenador (a) / Supervisor (a);Recursos Humanos;cliente1188@empresa100.com
1189;689;Especialista;Recursos Humanos;cliente1189@empresa689.com
1190;89;Coordenador (a) / Supervisor (a);Farmacovigilância;cliente1190@empresa89.com
1191;8;Analista;SAC;cliente1191@empresa8.com
1192;142;Coordenador (a) / Supervisor (a);SAC;cliente1192@empresa142.com
1193;234;Especialista;Garantia / Controle de Qualidade;cliente1193@empresa234.com
1194;1163;Analista;SAC;cliente1194@empresa1163.com
1195;23;Coordenador (a) / Supervisor (a);SAC;cliente1195@empresa23.com
1196;37;Coordenador (a) / Supervisor (a);SAC;cliente1196@empresa37.com
1197;47;Analista;SAC;cliente1197@empresa47.com
1198;661;Coordenador (a) / Supervisor (a);SAC;cliente1198@empresa661.com
1199;108;Analista;Farmacovigilância;cliente1199@empresa108.com
1200;96;Analista;SAC;cliente1200@empresa96.com
1201;538;Assistente / Assessor (a) / Auxiliar;SAC;cliente1201@empresa538.com
1202;541;Analista;Farmacovigilância;cliente1202@empresa541.com
1203;120;Coordenador (a) / Supervisor (a);SAC;cliente1203@empresa120.com
1204;121;Consultor (a);SAC;cliente1204@empresa121.com
1205;966;Analista;SAC;cliente1205@empresa966.com
1206;8;Analista;Inteligência de Mercado;cliente1206@empresa8.com
1207;142;Diretor (a) / Vice Presidente;Comercial / Vendas;cliente1207@empresa142.com
1208;19;Gerente;Comercial / Vendas;cliente1208@empresa19.com
1209;1163;Coordenador (a) / Supervisor (a);Logística / Materiais / Supply;cliente1209@empresa1163.com
1210;23;Diretor (a) / Vice Presidente;Comercial / Vendas;cliente1210@empresa23.com
1211;28;Analista;Logística / Materiais / Supply;cliente1211@empresa28.com
1212;286;Gerente;Logística / Materiais / Supply;cliente1212@empresa286.com
1213;37;Analista;Administrativo;cliente1213@empresa37.com
1214;52;Analista;Administrativo;cliente1214@empresa52.com
1215;822;Analista;Compras / Suprimentos;cliente1215@empresa822.com
1216;55;Diretor (a) / Vice Presidente;Comercial / Vendas;cliente1216@empresa55.com
1217;56;Gerente;Logística / Materiais / Supply;cliente1217@empresa56.com
1218;62;Diretor (a) / Vice Presidente;Comercial / Vendas;cliente1218@empresa62.com
1219;749;Gerente;Comercial / Vendas;cliente1219@empresa749.com
1220;65;Vendedor (a) / Representante Comercial;Comercial / Vendas;cliente1220@empresa65.com
1221;94;Gerente;Comercial / Vendas;cliente1221@empresa94.com
1222;66;Técnico;Operações;cliente1222@empresa66.com
1223;670;Coordenador (a) / Supervisor (a);Logística / Materiais / Supply;cliente1223@empresa670.com
1224;77;Gerente;Comercial / Vendas;cliente1224@empresa77.com
1225;410;Diretor (a) / Vice Presidente;Comercial / Vendas;cliente1225@empresa410.com
1226;661;Diretor (a) / Vice Presidente;Comercial / Vendas;cliente1226@empresa661.com
1227;24;Gerente;Comercial / Vendas;cliente1227@empresa24.com
1228;454;Gerente;Logística / Materiais / Supply;cliente1228@empresa454.com
1229;457;Diretor (a) / Vice Presidente;Comercial / Vendas;cliente1229@empresa457.com
1230;106;Diretor (a) / Vice Presidente;Comercial / Vendas;cliente1230@empresa106.com
1231;475;Gerente;Logística / Materiais / Supply;cliente1231@empresa475.com
1232;108;Gerente;Comercial / Vendas;cliente1232@empresa108.com
1233;123;Gerente;Comercial / Vendas;cliente1233@empresa123.com
1234;111;Gerente;Comercial / Vendas;cliente1234@empresa111.com
1235;112;Gerente;Comercial / Vendas;cliente1235@empresa112.com
1236;107;Gerente;Comercial / Vendas;cliente1236@empresa107.com
1237;541;Vendedor (a) / Representante Comercial;Comercial / Vendas;cliente1237@empresa541.com
1238;1016;Diretor (a) / Vice Presidente;Comercial / Vendas;cliente1238@empresa1016.com
1239;121;Farmacêutico (a) Responsável;Logística / Materiais / Supply;cliente1239@empresa121.com
1240;582;Diretor (a) / Vice Presidente;Comercial / Vendas;cliente1240@empresa582.com
1241;132;Gerente;Logística / Materiais / Supply;cliente1241@empresa132.com
1242;139;Gerente;Comercial / Vendas;cliente1242@empresa139.com
1243;141;Gerente de Produto / Brand Manager;Marketing;cliente1243@empresa141.com
1244;33;Especialista;Recursos Humanos;cliente1244@empresa33.com
1245;34;Gerente;Recursos Humanos;cliente1245@empresa34.com
1246;48;Analista;Recursos Humanos;cliente1246@empresa48.com
1247;60;Coordenador (a) / Supervisor (a);Médico;cliente1247@empresa60.com
1248;882;Analista;Recursos Humanos;cliente1248@empresa882.com
1249;66;Analista;Recursos Humanos;cliente1249@empresa66.com
1250;67;Coordenador (a) / Supervisor (a);Segurança do Trabalho;cliente1250@empresa67.com
1251;123;Estagiário (a);Recursos Humanos;cliente1251@empresa123.com
1252;1148;Diretor (a) / Vice Presidente;Recursos Humanos;cliente1252@empresa1148.com
1253;689;Diretor (a) / Vice Presidente;Recursos Humanos;cliente1253@empresa689.com
1254;142;;;cliente1254@empresa142.com
1255;13;;;cliente1255@empresa13.com
1256;33;;;cliente1256@empresa33.com
1257;26;;;cliente1257@empresa26.com
1258;30;;;cliente1258@empresa30.com
1259;658;;;cliente1259@empresa658.com
1260;42;;;cliente1260@empresa42.com
1261;48;;;cliente1261@empresa48.com
1262;52;;;cliente1262@empresa52.com
1263;731;;;cliente1263@empresa731.com
1264;882;;;cliente1264@empresa882.com
1265;65;;;cliente1265@empresa65.com
1266;75;;;cliente1266@empresa75.com
1267;661;;;cliente1267@empresa661.com
1268;85;;;cliente1268@empresa85.com
1269;24;;;cliente1269@empresa24.com
1270;106;;;cliente1270@empresa106.com
1271;108;;;cliente1271@empresa108.com
1272;492;;;cliente1272@empresa492.com
1273;538;;;cliente1273@empresa538.com
1274;541;;;cliente1274@empresa541.com
1275;120;;;cliente1275@empresa120.com
1276;128;;;cliente1276@empresa128.com
1277;689;;;cliente1277@empresa689.com
1278;141;;;cliente1278@empresa141.com
1279;23;Diretor (a) / Vice Presidente;Farmacovigilância;cliente1279@empresa23.com
1280;42;Diretor (a) / Vice Presidente;Farmacovigilância;cliente1280@empresa42.com
1281;60;Especialista;Farmacovigilância;cliente1281@empresa60.com
1282;65;Farmacêutico (a) Responsável;Farmacovigilância;cliente1282@empresa65.com
1283;1043;Diretor (a) / Vice Presidente;Assuntos Regulatórios;cliente1283@empresa1043.com
1284;114;Coordenador (a) / Supervisor (a);Farmacovigilância;cliente1284@empresa114.com
1285;96;Gerente;Assuntos Regulatórios;cliente1285@empresa96.com
1286;118;Especialista;Farmacovigilância;cliente1286@empresa118.com
1287;121;Gerente;Farmacovigilância;cliente1287@empresa121.com
1288;138;Especialista;Farmacovigilância;cliente1288@empresa138.com
1289;5;Gerente;Inteligência de Mercado;cliente1289@empresa5.com
1290;5;Analista;Produtividade e Efetividade;cliente1290@empresa5.com
1291;8;Coordenador (a) / Supervisor (a);Produtividade e Efetividade;cliente1291@empresa8.com
1292;142;Analista;Incentivos e Premiação da Força de Vendas;cliente1292@empresa142.com
1293;16;Coordenador (a) / Supervisor (a);Produtividade e Efetividade;cliente1293@empresa16.com
1294;19;Coordenador (a) / Supervisor (a);Incentivos e Premiação da Força de Vendas;cliente1294@empresa19.com
1295;92;Coordenador (a) / Supervisor (a);Recursos Humanos;cliente1295@empresa92.com
1296;93;Gerente;Inteligência de Mercado;cliente1296@empresa93.com
1297;33;Analista;Business Support;cliente1297@empresa33.com
1298;27;Diretor (a) / Vice Presidente;Acesso;cliente1298@empresa27.com
1299;28;Coordenador (a) / Supervisor (a);Inteligência de Mercado;cliente1299@empresa28.com
1300;37;Consultor (a);Incentivos e Premiação da Força de Vendas;cliente1300@empresa37.com
1301;48;Gerente;Incentivos e Premiação da Força de Vendas;cliente1301@empresa48.com
1302;52;Gerente;Produtividade e Efetividade;cliente1302@empresa52.com
1303;811;Gerente;Inteligência de Mercado;cliente1303@empresa811.com
1304;715;Gerente;Produtividade e Efetividade;cliente1304@empresa715.com
1305;94;Gerente;Business Support;cliente1305@empresa94.com
1306;69;Coordenador (a) / Supervisor (a);Incentivos e Premiação da Força de Vendas;cliente1306@empresa69.com
1307;75;Gerente;Business Support;cliente1307@empresa75.com
1308;661;Analista;Inteligência de Mercado;cliente1308@empresa661.com
1309;1154;Diretor (a) / Vice Presidente;Operações;cliente1309@empresa1154.com
1310;85;Gerente;Incentivos e Premiação da Força de Vendas;cliente1310@empresa85.com
1311;24;Especialista;Incentivos e Premiação da Força de Vendas;cliente1311@empresa24.com
1312;89;Gerente;Incentivos e Premiação da Força de Vendas;cliente1312@empresa89.com
1313;59;Coordenador (a) / Supervisor (a);Produtividade e Efetividade;cliente1313@empresa59.com
1314;492;Gerente;Inteligência de Mercado;cliente1314@empresa492.com
1315;114;Gerente;Incentivos e Premiação da Força de Vendas;cliente1315@empresa114.com
1316;128;Diretor (a) / Vice Presidente;Business Support;cliente1316@empresa128.com
1317;129;Gerente;Tecnologia da Informação;cliente1317@empresa129.com
1318;132;Gerente;Business Support;cliente1318@empresa132.com
1319;689;Diretor (a) / Vice Presidente;Produtividade e Efetividade;cliente1319@empresa689.com
1320;143;Analista;Inteligência de Mercado;cliente1320@empresa143.com
1321;8;Gerente;Inovação;cliente1321@empresa8.com
1322;142;Gerente;Marketing;cliente1322@empresa142.com
1323;11;Diretor (a) / Vice Presidente;Business Support;cliente1323@empresa11.com
1324;13;Gerente;Tecnologia da Informação;cliente1324@empresa13.com
1325;15;Coordenador (a) / Supervisor (a);Marketing;cliente1325@empresa15.com
1326;16;Diretor (a) / Vice Presidente;Tecnologia da Informação;cliente1326@empresa16.com
1327;18;Gerente;Produtividade e Efetividade;cliente1327@empresa18.com
1328;19;Diretor (a) / Vice Presidente;Tecnologia da Informação;cliente1328@empresa19.com
1329;33;Analista;Business Support;cliente1329@empresa33.com
1330;26;Analista;Marketing;cliente1330@empresa26.com
1331;27;Gerente;Business Support;cliente1331@empresa27.com
1332;28;Gerente de Produto / Brand Manager;Marketing;cliente1332@empresa28.com
1333;286;Gerente;Novos Negócios;cliente1333@empresa286.com
1334;658;Especialista;Marketing;cliente1334@empresa658.com
1335;47;Gerente;Marketing;cliente1335@empresa47.com
1336;54;Analista;Business Support;cliente1336@empresa54.com
1337;731;Analista;Marketing;cliente1337@empresa731.com
1338;62;Gerente;Marketing;cliente1338@empresa62.com
1339;715;Gerente;Marketing;cliente1339@empresa715.com
1340;75;Diretor (a) / Vice Presidente;Business Support;cliente1340@empresa75.com
1341;79;Especialista;Operações;cliente1341@empresa79.com
1342;76;Analista;Médico;cliente1342@empresa76.com
1343;661;Analista;Marketing;cliente1343@empresa661.com
1344;85;Gerente;Recursos Humanos;cliente1344@empresa85.com
1345;24;Analista;Marketing;cliente1345@empresa24.com
1346;454;Analista;Meio Ambiente;cliente1346@empresa454.com
1347;59;Diretor (a) / Vice Presidente;Marketing;cliente1347@empresa59.com
1348;457;Coordenador (a) / Supervisor (a);Marketing;cliente1348@empresa457.com
1349;967;Diretor Geral;Marketing;cliente1349@empresa967.com
1350;108;Presidente;Presidência;cliente1350@empresa108.com
1351;114;Gerente;Business Support;cliente1351@empresa114.com
1352;1072;Coordenador (a) / Supervisor (a);Novos Negócios;cliente1352@empresa1072.com
1353;541;Diretor Geral;Marketing;cliente1353@empresa541.com
1354;120;Gerente;Business Support;cliente1354@empresa120.com
1355;584;Gerente;Novos Negócios;cliente1355@empresa584.com
1356;127;Diretor (a) / Vice Presidente;Business Support;cliente1356@empresa127.com
1357;582;Gerente de Produto / Brand Manager;Comercial / Vendas;cliente1357@empresa582.com
1358;129;Gerente de Produto / Brand Manager;Marketing;cliente1358@empresa129.com
1359;130;Diretor (a) / Vice Presidente;Marketing;cliente1359@empresa130.com
1360;139;Coordenador (a) / Supervisor (a);Inteligência de Mercado;cliente1360@empresa139.com
1361;601;Diretor (a) / Vice Presidente;Administrativo;cliente1361@empresa601.com
1362;141;Gerente;Unidade de Negócios;cliente1362@empresa141.com
1363;8;Analista;Marketing;cliente1363@empresa8.com
1364;142;Coordenador (a) / Supervisor (a);Recursos Humanos;cliente1364@empresa142.com
1365;16;Analista;Recursos Humanos;cliente1365@empresa16.com
1366;28;Diretor (a) / Vice Presidente;Recursos Humanos;cliente1366@empresa28.com
1367;34;Analista;Recursos Humanos;cliente1367@empresa34.com
1368;52;Gerente;Recursos Humanos;cliente1368@empresa52.com
1369;54;Coordenador (a) / Supervisor (a);Recursos Humanos;cliente1369@empresa54.com
1370;60;Gerente;Recursos Humanos;cliente1370@empresa60.com
1371;66;Analista;Recursos Humanos;cliente1371@empresa66.com
1372;79;Gerente;Recursos Humanos;cliente1372@empresa79.com
1373;612;Consultor (a);Recursos Humanos;cliente1373@empresa612.com
1374;85;Analista;Recursos Humanos;cliente1374@empresa85.com
1375;111;Coordenador (a) / Supervisor (a);Recursos Humanos;cliente1375@empresa111.com
1376;139;Gerente;Recursos Humanos;cliente1376@empresa139.com
1377;28;Coordenador (a) / Supervisor (a);Recursos Humanos;cliente1377@empresa28.com
1378;52;Analista;Recursos Humanos;cliente1378@empresa52.com
1379;60;Especialista;Recursos Humanos;cliente1379@empresa60.com
1380;62;Analista;Recursos Humanos;cliente1380@empresa62.com
1381;85;Analista;Recursos Humanos;cliente1381@empresa85.com
1382;567;Gerente;Recursos Humanos;cliente1382@empresa567.com
1383;231;Gerente;Recursos Humanos;cliente1383@empresa231.com
1384;90;Coordenador (a) / Supervisor (a);Recursos Humanos;cliente1384@empresa90.com
1385;54;Gerente;Recursos Humanos;cliente1385@empresa54.com
1386;416;Analista;Administrativo;cliente1386@empresa416.com
1387;83;Coordenador (a) / Supervisor (a);Administrativo;cliente1387@empresa83.com
1388;1033;Analista;Recursos Humanos;cliente1388@empresa1033.com
1389;110;Analista;Recursos Humanos;cliente1389@empresa110.com
1390;8;Coordenador (a) / Supervisor (a);Pesquisa Clínica;cliente1390@empresa8.com
1391;16;Gerente;Pesquisa Clínica;cliente1391@empresa16.com
1392;19;Diretor (a) / Vice Presidente;Pesquisa Clínica;cliente1392@empresa19.com
1393;37;Gerente;Pesquisa Clínica;cliente1393@empresa37.com
1394;42;Gerente;Pesquisa Clínica;cliente1394@empresa42.com
1395;610;Analista;Pesquisa Clínica;cliente1395@empresa610.com
1396;60;Coordenador (a) / Supervisor (a);Pesquisa Clínica;cliente1396@empresa60.com
1397;76;Gerente;Assuntos Regulatórios;cliente1397@empresa76.com
1398;85;Médico (a);Médico;cliente1398@empresa85.com
1399;89;Coordenador (a) / Supervisor (a);Pesquisa Clínica;cliente1399@empresa89.com
1400;123;Gerente;Pesquisa Clínica;cliente1400@empresa123.com
1401;114;Diretor (a) / Vice Presidente;Pesquisa e Desenvolvimento;cliente1401@empresa114.com
1402;501;Gerente;Pesquisa Clínica;cliente1402@empresa501.com
1403;96;Diretor (a) / Vice Presidente;Pesquisa Clínica;cliente1403@empresa96.com
1404;118;Gerente;Pesquisa Clínica;cliente1404@empresa118.com
1405;121;Analista;Assuntos Regulatórios;cliente1405@empresa121.com
1406;567;Analista;Pesquisa Clínica;cliente1406@empresa567.com
1407;5;Assistente / Assessor (a) / Auxiliar;Presidência;cliente1407@empresa5.com
1408;6;Analista;Recursos Humanos;cliente1408@empresa6.com
1409;829;Gerente;Recursos Humanos;cliente1409@empresa829.com
1410;8;Gerente Distrital;Força de Vendas;cliente1410@empresa8.com
1411;1173;Presidente;Tecnologia da Informação;cliente1411@empresa1173.com
1412;142;Gerente Distrital;Força de Vendas;cliente1412@empresa142.com
1413;16;Gerente Distrital;Força de Vendas;cliente1413@empresa16.com
1414;19;Gerente;Recursos Humanos;cliente1414@empresa19.com
1415;792;Gerente;Comercial / Vendas;cliente1415@empresa792.com
1416;1163;Presidente;Presidência;cliente1416@empresa1163.com
1417;976;Diretor (a) / Vice Presidente;Comercial / Vendas;cliente1417@empresa976.com
1418;27;Gerente;Recursos Humanos;cliente1418@empresa27.com
1419;28;Presidente;Administrativo;cliente1419@empresa28.com
1420;34;Especialista;Recursos Humanos;cliente1420@empresa34.com
1421;944;Gerente;Comercial / Vendas;cliente1421@empresa944.com
1422;42;Diretor (a) / Vice Presidente;Recursos Humanos;cliente1422@empresa42.com
1423;861;Gerente;Recursos Humanos;cliente1423@empresa861.com
1424;44;Analista;Recursos Humanos;cliente1424@empresa44.com
1425;45;Presidente;Presidência;cliente1425@empresa45.com
1426;769;Presidente;Administrativo;cliente1426@empresa769.com
1427;49;Gerente;Recursos Humanos;cliente1427@empresa49.com
1428;825;Gerente;Administrativo;cliente1428@empresa825.com
1429;54;Analista;Recursos Humanos;cliente1429@empresa54.com
1430;995;Gerente;Recursos Humanos;cliente1430@empresa995.com
1431;60;Analista;Recursos Humanos;cliente1431@empresa60.com
1432;94;Coordenador (a) / Supervisor (a);Recursos Humanos;cliente1432@empresa94.com
1433;1091;Gerente;Administrativo;cliente1433@empresa1091.com
1434;1147;Gerente;Recursos Humanos;cliente1434@empresa1147.com
1435;69;Gerente;Recursos Humanos;cliente1435@empresa69.com
1436;75;Presidente;Administrativo;cliente1436@empresa75.com
1437;76;Diretor (a) / Vice Presidente;Recursos Humanos;cliente1437@empresa76.com
1438;661;Especialista;Administrativo;cliente1438@empresa661.com
1439;612;Diretor (a) / Vice Presidente;Recursos Humanos;cliente1439@empresa612.com
1440;85;Consultor (a);Recursos Humanos;cliente1440@empresa85.com
1441;960;Diretor (a) / Vice Presidente;Assuntos Regulatórios;cliente1441@empresa960.com
1442;894;Presidente;Presidência;cliente1442@empresa894.com
1443;733;Sócio (a);Marketing;cliente1443@empresa733.com
1444;914;Diretor (a) / Vice Presidente;Boas Práticas de Manufatura;cliente1444@empresa914.com
1445;1104;Assistente / Assessor (a) / Auxiliar;Recursos Humanos;cliente1445@empresa1104.com
1446;89;Diretor (a) / Vice Presidente;Recursos Humanos;cliente1446@empresa89.com
1447;1033;Diretor (a) / Vice Presidente;Administrativo;cliente1447@empresa1033.com
1448;1116;Presidente;Administrativo;cliente1448@empresa1116.com
1449;986;Gerente;Garantia / Controle de Qualidade;cliente1449@empresa986.com
1450;1140;Presidente;Assuntos Regulatórios;cliente1450@empresa1140.com
1451;102;Gerente;Recursos Humanos;cliente1451@empresa102.com
1452;898;Coordenador (a) / Supervisor (a);Recursos Humanos;cliente1452@empresa898.com
1453;475;Presidente;Presidência;cliente1453@empresa475.com
1454;123;Diretor (a) / Vice Presidente;Recursos Humanos;cliente1454@empresa123.com
1455;501;Estagiário (a);Recursos Humanos;cliente1455@empresa501.com
1456;1039;Gerente;Assuntos Regulatórios;cliente1456@empresa1039.com
1457;621;Diretor (a) / Vice Presidente;Comercial / Vendas;cliente1457@empresa621.com
1458;940;Gerente de Produto / Brand Manager;Marketing;cliente1458@empresa940.com
1459;989;Gerente;Comercial / Vendas;cliente1459@empresa989.com
1460;956;Sócio (a);Negócios Internacionais;cliente1460@empresa956.com
1461;819;Gerente;Recursos Humanos;cliente1461@empresa819.com
1462;118;Presidente;Presidência;cliente1462@empresa118.com
1463;795;Diretor (a) / Vice Presidente;Farmacovigilância;cliente1463@empresa795.com
1464;121;Diretor (a) / Vice Presidente;Recursos Humanos;cliente1464@empresa121.com
1465;565;Coordenador (a) / Supervisor (a);Recursos Humanos;cliente1465@empresa565.com
1466;1036;Sócio (a);Pesquisa e Desenvolvimento;cliente1466@empresa1036.com
1467;909;Gerente;Recursos Humanos;cliente1467@empresa909.com
1468;1191;Presidente;Administrativo;cliente1468@empresa1191.com
1469;1051;Presidente;Administrativo;cliente1469@empresa1051.com
1470;127;Diretor (a) / Vice Presidente;Recursos Humanos;cliente1470@empresa127.com
1471;582;Gerente;Recursos Humanos;cliente1471@empresa582.com
1472;128;Diretor (a) / Vice Presidente;Recursos Humanos;cliente1472@empresa128.com
1473;841;Diretor (a) / Vice Presidente;Comercial / Vendas;cliente1473@empresa841.com
1474;883;Gerente;Comercial / Vendas;cliente1474@empresa883.com
1475;837;Presidente;Presidência;cliente1475@empresa837.com
1476;1160;Gerente;Comercial / Vendas;cliente1476@empresa1160.com
1477;953;Gerente;Financeiro;cliente1477@empresa953.com
1478;1068;Presidente;Administrativo;cliente1478@empresa1068.com
1479;18;Especialista;Recursos Humanos;cliente1479@empresa18.com
1480;30;Diretor (a) / Vice Presidente;Recursos Humanos;cliente1480@empresa30.com
1481;286;Analista;Recursos Humanos;cliente1481@empresa286.com
1482;48;Especialista;Recursos Humanos;cliente1482@empresa48.com
1483;66;Gerente;Recursos Humanos;cliente1483@empresa66.com
1484;85;Gerente;Recursos Humanos;cliente1484@empresa85.com
1485;8;Analista;Recursos Humanos;cliente1485@empresa8.com
1486;142;Coordenador (a) / Supervisor (a);Recursos Humanos;cliente1486@empresa142.com
1487;28;Coordenador (a) / Supervisor (a);Recursos Humanos;cliente1487@empresa28.com
1488;658;Analista;Recursos Humanos;cliente1488@empresa658.com
1489;60;Coordenador (a) / Supervisor (a);Recursos Humanos;cliente1489@empresa60.com
1490;62;Especialista;Recursos Humanos;cliente1490@empresa62.com
1491;882;Analista;Recursos Humanos;cliente1491@empresa882.com
1492;65;Analista;Recursos Humanos;cliente1492@empresa65.com
1493;66;Analista;Recursos Humanos;cliente1493@empresa66.com
1494;68;Coordenador (a) / Supervisor (a);Recursos Humanos;cliente1494@empresa68.com
1495;612;Coordenador (a) / Supervisor (a);Recursos Humanos;cliente1495@empresa612.com
1496;100;Coordenador (a) / Supervisor (a);Recursos Humanos;cliente1496@empresa100.com
1497;633;Analista;Administrativo;cliente1497@empresa633.com
1498;129;Analista;Recursos Humanos;cliente1498@empresa129.com
1499;5;Gerente;Recursos Humanos;cliente1499@empresa5.com
1500;6;Especialista;Recursos Humanos;cliente1500@empresa6.com
1501;92;Analista;Recursos Humanos;cliente1501@empresa92.com
1502;34;Analista;Recursos Humanos;cliente1502@empresa34.com
1503;48;Gerente;Recursos Humanos;cliente1503@empresa48.com
1504;57;Analista;Recursos Humanos;cliente1504@empresa57.com
1505;59;Analista;Recursos Humanos;cliente1505@empresa59.com
1506;102;Analista;Recursos Humanos;cliente1506@empresa102.com
1507;123;Gerente;Recursos Humanos;cliente1507@empresa123.com
1508;129;Analista;Recursos Humanos;cliente1508@empresa129.com
1509;5;Coordenador (a) / Supervisor (a);Assuntos Regulatórios;cliente1509@empresa5.com
1510;6;Analista;Assuntos Regulatórios;cliente1510@empresa6.com
1511;8;Especialista;Assuntos Regulatórios;cliente1511@empresa8.com
1512;23;Analista;Assuntos Regulatórios;cliente1512@empresa23.com
1513;722;Gerente;Assuntos Regulatórios;cliente1513@empresa722.com
1514;1056;Especialista;Assuntos Regulatórios;cliente1514@empresa1056.com
1515;34;Especialista;Assuntos Regulatórios;cliente1515@empresa34.com
1516;49;Analista;Assuntos Regulatórios;cliente1516@empresa49.com
1517;336;Analista;Assuntos Regulatórios;cliente1517@empresa336.com
1518;52;Analista;Assuntos Regulatórios;cliente1518@empresa52.com
1519;62;Analista;Assuntos Regulatórios;cliente1519@empresa62.com
1520;390;Analista;Assuntos Regulatórios;cliente1520@empresa390.com
1521;76;Gerente;Garantia / Controle de Qualidade;cliente1521@empresa76.com
1522;102;Gerente;Assuntos Regulatórios;cliente1522@empresa102.com
1523;633;Gerente;Garantia / Controle de Qualidade;cliente1523@empresa633.com
1524;106;Analista;Assuntos Regulatórios;cliente1524@empresa106.com
1525;475;Analista;Assuntos Regulatórios;cliente1525@empresa475.com
1526;111;Gerente;Assuntos Regulatórios;cliente1526@empresa111.com
1527;501;Gerente;Assuntos Regulatórios;cliente1527@empresa501.com
1528;107;Gerente;Assuntos Regulatórios;cliente1528@empresa107.com
1529;4;Especialista;Assuntos Regulatórios;cliente1529@empresa4.com
1530;234;Especialista;Farmacovigilância;cliente1530@empresa234.com
1531;28;Analista;Farmacovigilância;cliente1531@empresa28.com
1532;610;Analista;Farmacovigilância;cliente1532@empresa610.com
1533;62;Analista;Farmacovigilância;cliente1533@empresa62.com
1534;65;Analista;Farmacovigilância;cliente1534@empresa65.com
1535;80;Analista;Farmacovigilância;cliente1535@empresa80.com
1536;661;Analista;Farmacovigilância;cliente1536@empresa661.com
1537;88;Analista;Farmacovigilância;cliente1537@empresa88.com
1538;100;Assistente / Assessor (a) / Auxiliar;Farmacovigilância;cliente1538@empresa100.com
1539;118;Coordenador (a) / Supervisor (a);Farmacovigilância;cliente1539@empresa118.com
1540;121;Gerente;Farmacovigilância;cliente1540@empresa121.com
1541;909;Analista;Assuntos Regulatórios;cliente1541@empresa909.com
1542;130;Analista;Farmacovigilância;cliente1542@empresa130.com
1543;5;Assistente / Assessor (a) / Auxiliar;Assuntos Regulatórios;cliente1543@empresa5.com
1544;142;Coordenador (a) / Supervisor (a);Farmacovigilância;cliente1544@empresa142.com
1545;13;Coordenador (a) / Supervisor (a);Farmacovigilância;cliente1545@empresa13.com
1546;22;Analista;Farmacovigilância;cliente1546@empresa22.com
1547;23;Coordenador (a) / Supervisor (a);Farmacovigilância;cliente1547@empresa23.com
1548;25;Farmacêutico (a) Responsável;Assuntos Regulatórios;cliente1548@empresa25.com
1549;610;Analista;Farmacovigilância;cliente1549@empresa610.com
1550;43;Analista;Farmacovigilância;cliente1550@empresa43.com
1551;49;Analista;Farmacovigilância;cliente1551@empresa49.com
1552;60;Especialista;Farmacovigilância;cliente1552@empresa60.com
1553;62;Analista;Farmacovigilância;cliente1553@empresa62.com
1554;410;Especialista;Garantia / Controle de Qualidade;cliente1554@empresa410.com
1555;76;Gerente;Farmacovigilância;cliente1555@empresa76.com
1556;88;Especialista;Farmacovigilância;cliente1556@empresa88.com
1557;762;Analista;Assuntos Regulatórios;cliente1557@empresa762.com
1558;501;Analista;Farmacovigilância;cliente1558@empresa501.com
1559;121;Especialista;Farmacovigilância;cliente1559@empresa121.com
1560;129;Coordenador (a) / Supervisor (a);Farmacovigilância;cliente1560@empresa129.com
1561;7;Gerente;Assuntos Regulatórios;cliente1561@empresa7.com
1562;8;Gerente;Assuntos Regulatórios;cliente1562@empresa8.com
1563;142;Coordenador (a) / Supervisor (a);Assuntos Regulatórios;cliente1563@empresa142.com
1564;579;Analista;Assuntos Regulatórios;cliente1564@empresa579.com
1565;1022;Gerente;Assuntos Regulatórios;cliente1565@empresa1022.com
1566;16;Gerente;Assuntos Regulatórios;cliente1566@empresa16.com
1567;19;Coordenador (a) / Supervisor (a);Assuntos Regulatórios;cliente1567@empresa19.com
1568;1163;Gerente;Assuntos Regulatórios;cliente1568@empresa1163.com
1569;649;Coordenador (a) / Supervisor (a);Assuntos Regulatórios;cliente1569@empresa649.com
1570;286;Gerente;Assuntos Regulatórios;cliente1570@empresa286.com
1571;658;Gerente;Desenvolvimento de Produtos;cliente1571@empresa658.com
1572;37;Gerente;Assuntos Regulatórios;cliente1572@empresa37.com
1573;40;Analista;Assuntos Regulatórios;cliente1573@empresa40.com
1574;42;Analista;Assuntos Regulatórios;cliente1574@empresa42.com
1575;54;Coordenador (a) / Supervisor (a);Assuntos Regulatórios;cliente1575@empresa54.com
1576;60;Diretor (a) / Vice Presidente;Assuntos Regulatórios;cliente1576@empresa60.com
1577;715;Gerente;Assuntos Regulatórios;cliente1577@empresa715.com
1578;65;Advogado (a);Jurídico;cliente1578@empresa65.com
1579;83;Gerente;Assuntos Regulatórios;cliente1579@empresa83.com
1580;85;Especialista;Pesquisa e Desenvolvimento;cliente1580@empresa85.com
1581;89;Gerente;Assuntos Regulatórios;cliente1581@empresa89.com
1582;454;Gerente;Assuntos Regulatórios;cliente1582@empresa454.com
1583;59;Analista;Assuntos Regulatórios;cliente1583@empresa59.com
1584;762;Analista;Garantia / Controle de Qualidade;cliente1584@empresa762.com
1585;108;Analista;Assuntos Regulatórios;cliente1585@empresa108.com
1586;123;Diretor (a) / Vice Presidente;Assuntos Regulatórios;cliente1586@empresa123.com
1587;114;Gerente;Assuntos Regulatórios;cliente1587@empresa114.com
1588;501;Coordenador (a) / Supervisor (a);Assuntos Regulatórios;cliente1588@empresa501.com
1589;940;Gerente;Assuntos Regulatórios;cliente1589@empresa940.com
1590;118;Coordenador (a) / Supervisor (a);Assuntos Regulatórios;cliente1590@empresa118.com
1591;120;Analista;Assuntos Regulatórios;cliente1591@empresa120.com
1592;567;Analista;Assuntos Regulatórios;cliente1592@empresa567.com
1593;139;Gerente;Operações;cliente1593@empresa139.com
1594;8;Gerente;Treinamento de Força de Vendas;cliente1594@empresa8.com
1595;142;Gerente;Treinamento de Força de Vendas;cliente1595@empresa142.com
1596;16;Coordenador (a) / Supervisor (a);Treinamento de Força de Vendas;cliente1596@empresa16.com
1597;19;Gerente;Treinamento de Força de Vendas;cliente1597@empresa19.com
1598;23;Gerente;Treinamento de Força de Vendas;cliente1598@empresa23.com
1599;26;Analista;Treinamento de Força de Vendas;cliente1599@empresa26.com
1600;29;Diretor (a) / Vice Presidente;Treinamento de Força de Vendas;cliente1600@empresa29.com
1601;37;Coordenador (a) / Supervisor (a);Treinamento de Força de Vendas;cliente1601@empresa37.com
1602;48;Especialista;Treinamento e Desenvolvimento Corporativo;cliente1602@empresa48.com
1603;52;Gerente;Treinamento de Força de Vendas;cliente1603@empresa52.com
1604;54;Gerente;Treinamento de Força de Vendas;cliente1604@empresa54.com
1605;60;Coordenador (a) / Supervisor (a);Produtividade e Efetividade;cliente1605@empresa60.com
1606;94;Gerente;Treinamento de Força de Vendas;cliente1606@empresa94.com
1607;66;Gerente de Produto / Brand Manager;Marketing;cliente1607@empresa66.com
1608;69;Gerente;Treinamento de Força de Vendas;cliente1608@empresa69.com
1609;75;Gerente;Treinamento de Força de Vendas;cliente1609@empresa75.com
1610;661;Gerente;Recursos Humanos;cliente1610@empresa661.com
1611;85;Gerente;Treinamento de Força de Vendas;cliente1611@empresa85.com
1612;24;Coordenador (a) / Supervisor (a);Treinamento de Força de Vendas;cliente1612@empresa24.com
1613;106;Gerente;Treinamento de Força de Vendas;cliente1613@empresa106.com
1614;111;Gerente;Treinamento de Força de Vendas;cliente1614@empresa111.com
1615;940;Gerente;Treinamento de Força de Vendas;cliente1615@empresa940.com
1616;120;Gerente;Treinamento de Força de Vendas;cliente1616@empresa120.com
1617;909;Gerente;Treinamento de Força de Vendas;cliente1617@empresa909.com
1618;130;Gerente;Treinamento de Força de Vendas;cliente1618@empresa130.com
1619;8;Coordenador (a) / Supervisor (a);Garantia / Controle de Qualidade;cliente1619@empresa8.com
1620;256;Coordenador (a) / Supervisor (a);Assuntos Regulatórios;cliente1620@empresa256.com
1621;23;Analista;Assuntos Regulatórios;cliente1621@empresa23.com
1622;90;Coordenador (a) / Supervisor (a);Assuntos Regulatórios;cliente1622@empresa90.com
1623;28;Analista;Assuntos Regulatórios;cliente1623@empresa28.com
1624;30;Gerente;Compras / Suprimentos;cliente1624@empresa30.com
1625;658;Analista;Assuntos Regulatórios;cliente1625@empresa658.com
1626;34;Coordenador (a) / Supervisor (a);Pesquisa e Desenvolvimento;cliente1626@empresa34.com
1627;40;Gerente;Assuntos Regulatórios;cliente1627@empresa40.com
1628;336;Gerente;Assuntos Regulatórios;cliente1628@empresa336.com
1629;52;Gerente;Assuntos Regulatórios;cliente1629@empresa52.com
1630;54;Analista;Assuntos Regulatórios;cliente1630@empresa54.com
1631;793;Gerente;Financeiro;cliente1631@empresa793.com
1632;60;Coordenador (a) / Supervisor (a);Assuntos Regulatórios;cliente1632@empresa60.com
1633;62;Gerente;Assuntos Regulatórios;cliente1633@empresa62.com
1634;749;Analista;Assuntos Regulatórios;cliente1634@empresa749.com
1635;66;Gerente;Assuntos Regulatórios;cliente1635@empresa66.com
1636;670;Gerente;Assuntos Regulatórios;cliente1636@empresa670.com
1637;77;Gerente;Assuntos Regulatórios;cliente1637@empresa77.com
1638;1108;Gerente;Assuntos Regulatórios;cliente1638@empresa1108.com
1639;76;Especialista;Assuntos Regulatórios;cliente1639@empresa76.com
1640;81;Analista;Assuntos Regulatórios;cliente1640@empresa81.com
1641;612;Analista;Desenvolvimento Analítico;cliente1641@empresa612.com
1642;85;Diretor (a) / Vice Presidente;Assuntos Regulatórios;cliente1642@empresa85.com
1643;426;Coordenador (a) / Supervisor (a);Assuntos Regulatórios;cliente1643@empresa426.com
1644;89;Especialista;Assuntos Regulatórios;cliente1644@empresa89.com
1645;1175;Analista;Assuntos Regulatórios;cliente1645@empresa1175.com
1646;100;Coordenador (a) / Supervisor (a);Assuntos Regulatórios;cliente1646@empresa100.com
1647;1194;Coordenador (a) / Supervisor (a);Assuntos Regulatórios;cliente1647@empresa1194.com
1648;123;Analista;Assuntos Regulatórios;cliente1648@empresa123.com
1649;96;Coordenador (a) / Supervisor (a);Assuntos Regulatórios;cliente1649@empresa96.com
1650;790;Analista;Assuntos Regulatórios;cliente1650@empresa790.com
1651;541;Pesquisador (a);Pesquisa e Desenvolvimento;cliente1651@empresa541.com
1652;121;Analista;Assuntos Regulatórios;cliente1652@empresa121.com
1653;567;Analista;Assuntos Regulatórios;cliente1653@empresa567.com
1654;132;Especialista;Assuntos Regulatórios;cliente1654@empresa132.com
1655;966;Coordenador (a) / Supervisor (a);Assuntos Regulatórios;cliente1655@empresa966.com
1656;141;Coordenador (a) / Supervisor (a);Assuntos Regulatórios;cliente1656@empresa141.com
1657;7;Analista;Recursos Humanos;cliente1657@empresa7.com
1658;34;;Recursos Humanos;cliente1658@empresa34.com
1659;41;Analista;Recursos Humanos;cliente1659@empresa41.com
1660;47;;Recursos Humanos;cliente1660@empresa47.com
1661;107;Gerente;Recursos Humanos;cliente1661@empresa107.com
1662;807;;Recursos Humanos;cliente1662@empresa807.com
1663;567;Analista;Recursos Humanos;cliente1663@empresa567.com
1664;966;Analista;Recursos Humanos;cliente1664@empresa966.com
1665;6;Monitor (a);Pesquisa Clínica;cliente1665@empresa6.com
1666;8;Analista;Pesquisa Clínica;cliente1666@empresa8.com
1667;19;Gerente;Pesquisa Clínica;cliente1667@empresa19.com
1668;646;Analista;Assuntos Regulatórios;cliente1668@empresa646.com
1669;23;Gerente;Pesquisa Clínica;cliente1669@empresa23.com
1670;1190;Especialista;Pesquisa Clínica;cliente1670@empresa1190.com
1671;37;Coordenador (a) / Supervisor (a);Pesquisa Clínica;cliente1671@empresa37.com
1672;40;Coordenador (a) / Supervisor (a);Pesquisa Clínica;cliente1672@empresa40.com
1673;60;Analista;Pesquisa Clínica;cliente1673@empresa60.com
1674;62;Analista;Pesquisa Clínica;cliente1674@empresa62.com
1675;69;Coordenador (a) / Supervisor (a);Pesquisa e Desenvolvimento;cliente1675@empresa69.com
1676;670;;;cliente1676@empresa670.com
1677;76;Especialista;Pesquisa Clínica;cliente1677@empresa76.com
1678;996;Diretor (a) / Vice Presidente;Pesquisa Clínica;cliente1678@empresa996.com
1679;89;Analista;Assuntos Regulatórios;cliente1679@empresa89.com
1680;1043;Gerente;Pesquisa Clínica;cliente1680@empresa1043.com
1681;123;Gerente;Pesquisa Clínica;cliente1681@empresa123.com
1682;903;Analista;Assuntos Regulatórios;cliente1682@empresa903.com
1683;114;Gerente;Pesquisa Clínica;cliente1683@empresa114.com
1684;96;Gerente;Pesquisa e Desenvolvimento;cliente1684@empresa96.com
1685;819;Especialista;Assuntos Regulatórios;cliente1685@empresa819.com
1686;118;Especialista;Pesquisa Clínica;cliente1686@empresa118.com
1687;121;Gerente;Pesquisa Clínica;cliente1687@empresa121.com
1688;5;Especialista;Recursos Humanos;cliente1688@empresa5.com
1689;6;Gerente;Engenharia;cliente1689@empresa6.com
1690;8;Coordenador (a) / Supervisor (a);Administrativo;cliente1690@empresa8.com
1691;12;Coordenador (a) / Supervisor (a);Recursos Humanos;cliente1691@empresa12.com
1692;16;Coordenador (a) / Supervisor (a);Financeiro;cliente1692@empresa16.com
1693;18;Analista;Recursos Humanos;cliente1693@empresa18.com
1694;92;Assistente / Assessor (a) / Auxiliar;Assuntos Corporativos;cliente1694@empresa92.com
1695;33;Analista;Administrativo;cliente1695@empresa33.com
1696;26;Coordenador (a) / Supervisor (a);Recursos Humanos;cliente1696@empresa26.com
1697;34;Analista;Recursos Humanos;cliente1697@empresa34.com
1698;47;Analista;Força de Vendas;cliente1698@empresa47.com
1699;49;Coordenador (a) / Supervisor (a);Logística / Materiais / Supply;cliente1699@empresa49.com
1700;52;Gerente;Administrativo;cliente1700@empresa52.com
1701;54;Coordenador (a) / Supervisor (a);Recursos Humanos;cliente1701@empresa54.com
1702;60;Especialista;Administrativo;cliente1702@empresa60.com
1703;62;Coordenador (a) / Supervisor (a);Recursos Humanos;cliente1703@empresa62.com
1704;65;Analista;Recursos Humanos;cliente1704@empresa65.com
1705;69;Coordenador (a) / Supervisor (a);Recursos Humanos;cliente1705@empresa69.com
1706;77;Analista;Compras / Suprimentos;cliente1706@empresa77.com
1707;85;Coordenador (a) / Supervisor (a);Administrativo;cliente1707@empresa85.com
1708;100;Analista;Administrativo;cliente1708@empresa100.com
1709;633;Gerente;Administrativo;cliente1709@empresa633.com
1710;106;Especialista;Recursos Humanos;cliente1710@empresa106.com
1711;123;Gerente;Operações;cliente1711@empresa123.com
1712;110;Analista;Compras / Suprimentos;cliente1712@empresa110.com
1713;111;Gerente;Administrativo;cliente1713@empresa111.com
1714;114;Gerente;Recursos Humanos;cliente1714@empresa114.com
1715;118;Analista;Financeiro;cliente1715@empresa118.com
1716;121;Analista;Administrativo;cliente1716@empresa121.com
1717;567;Especialista;Recursos Humanos;cliente1717@empresa567.com
1718;584;Assistente / Assessor (a) / Auxiliar;Administrativo;cliente1718@empresa584.com
1719;130;Analista;Recursos Humanos;cliente1719@empresa130.com
1720;42;Diretor (a) / Vice Presidente;Jurídico;cliente1720@empresa42.com
1721;48;Advogado (a);Jurídico;cliente1721@empresa48.com
1722;54;Gerente;Jurídico;cliente1722@empresa54.com
1723;65;Coordenador (a) / Supervisor (a);Jurídico;cliente1723@empresa65.com
1724;661;Gerente;Jurídico;cliente1724@empresa661.com
1725;85;Advogado (a);Jurídico;cliente1725@empresa85.com
1726;88;Gerente;Jurídico;cliente1726@empresa88.com
1727;100;Advogado (a);Jurídico;cliente1727@empresa100.com
1728;59;Gerente;Jurídico;cliente1728@empresa59.com
1729;105;Gerente;Compliance;cliente1729@empresa105.com
1730;106;Diretor (a) / Vice Presidente;Jurídico;cliente1730@empresa106.com
1731;96;Gerente;Jurídico;cliente1731@empresa96.com
1732;909;Advogado (a);Compliance;cliente1732@empresa909.com
1733;130;Gerente;Jurídico;cliente1733@empresa130.com
1734;5;Gerente;Farmacovigilância;cliente1734@empresa5.com
1735;30;Gerente;Garantia / Controle de Qualidade;cliente1735@empresa30.com
1736;813;Coordenador (a) / Supervisor (a);Farmacovigilância;cliente1736@empresa813.com
1737;52;Gerente;Farmacovigilância;cliente1737@empresa52.com
1738;69;Coordenador (a) / Supervisor (a);Farmacovigilância;cliente1738@empresa69.com
1739;89;Gerente;Farmacovigilância;cliente1739@empresa89.com
1740;724;Analista;Farmacovigilância;cliente1740@empresa724.com
1741;1055;Diretor (a) / Vice Presidente;Novos Negócios;cliente1741@empresa1055.com
1742;118;Gerente;Farmacovigilância;cliente1742@empresa118.com
1743;8;Gerente;Recursos Humanos;cliente1743@empresa8.com
1744;52;Analista;Recursos Humanos;cliente1744@empresa52.com
1745;57;Gerente;Recursos Humanos;cliente1745@empresa57.com
1746;60;Coordenador (a) / Supervisor (a);Recursos Humanos;cliente1746@empresa60.com
1747;62;Médico (a);Recursos Humanos;cliente1747@empresa62.com
1748;612;Assistente / Assessor (a) / Auxiliar;Recursos Humanos;cliente1748@empresa612.com
1749;85;Analista;Recursos Humanos;cliente1749@empresa85.com
1750;102;Analista;Recursos Humanos;cliente1750@empresa102.com
1751;105;Gerente;Recursos Humanos;cliente1751@empresa105.com
1752;111;Analista;Recursos Humanos;cliente1752@empresa111.com
1753;96;Gerente;Recursos Humanos;cliente1753@empresa96.com
1754;139;Especialista;Recursos Humanos;cliente1754@empresa139.com
1755;28;;;cliente1755@empresa28.com
1756;108;;;cliente1756@empresa108.com
1757;129;;;cliente1757@empresa129.com
1758;141;;;cliente1758@empresa141.com
1759;5;Gerente;Preços;cliente1759@empresa5.com
1760;215;Coordenador (a) / Supervisor (a);Industrial / Produção;cliente1760@empresa215.com
1761;8;Gerente;Pesquisa Clínica;cliente1761@empresa8.com
1762;9;Gerente;Assuntos Regulatórios;cliente1762@empresa9.com
1763;234;Especialista;Assuntos Regulatórios;cliente1763@empresa234.com
1764;12;Analista;Pesquisa e Desenvolvimento;cliente1764@empresa12.com
1765;16;Gerente;Desenvolvimento Analítico;cliente1765@empresa16.com
1766;444;Gerente;Desenvolvimento de Produtos;cliente1766@empresa444.com
1767;774;Analista;Garantia / Controle de Qualidade;cliente1767@empresa774.com
1768;93;Gerente;Tecnologia da Informação;cliente1768@empresa93.com
1769;1069;Vendedor (a) / Representante Comercial;Comercial / Vendas;cliente1769@empresa1069.com
1770;649;Analista;Desenvolvimento Analítico;cliente1770@empresa649.com
1771;27;Coordenador (a) / Supervisor (a);Treinamento de Força de Vendas;cliente1771@empresa27.com
1772;28;Gerente;Força de Vendas;cliente1772@empresa28.com
1773;911;Analista;Comercial / Vendas;cliente1773@empresa911.com
1774;610;Especialista;Garantia / Controle de Qualidade;cliente1774@empresa610.com
1775;47;Coordenador (a) / Supervisor (a);Comercial / Vendas;cliente1775@empresa47.com
1776;48;Gerente;Médico;cliente1776@empresa48.com
1777;49;Analista;Assuntos Regulatórios;cliente1777@empresa49.com
1778;1161;Presidente;Garantia / Controle de Qualidade;cliente1778@empresa1161.com
1779;767;Coordenador (a) / Supervisor (a);Garantia / Controle de Qualidade;cliente1779@empresa767.com
1780;952;Coordenador (a) / Supervisor (a);Operações;cliente1780@empresa952.com
1781;52;Diretor (a) / Vice Presidente;Logística / Materiais / Supply;cliente1781@empresa52.com
1782;344;Especialista;Pesquisa e Desenvolvimento;cliente1782@empresa344.com
1783;53;Gerente;Negócios Hospitalar;cliente1783@empresa53.com
1784;54;Gerente Distrital;Força de Vendas;cliente1784@empresa54.com
1785;793;Analista;Garantia / Controle de Qualidade;cliente1785@empresa793.com
1786;353;Pesquisador (a);Desenvolvimento de Produtos;cliente1786@empresa353.com
1787;60;Coordenador (a) / Supervisor (a);Inteligência de Mercado;cliente1787@empresa60.com
1788;62;Engenheiro (a);Operações;cliente1788@empresa62.com
1789;749;Analista;Validação;cliente1789@empresa749.com
1790;1122;Farmacêutico (a) Responsável;Assuntos Regulatórios;cliente1790@empresa1122.com
1791;65;Especialista;Recursos Humanos;cliente1791@empresa65.com
1792;94;Coordenador (a) / Supervisor (a);Fiscal;cliente1792@empresa94.com
1793;390;Técnico;Industrial / Produção;cliente1793@empresa390.com
1794;720;Coordenador (a) / Supervisor (a);Validação;cliente1794@empresa720.com
1795;66;Analista;Validação;cliente1795@empresa66.com
1796;72;Analista;Financeiro;cliente1796@empresa72.com
1797;1108;Analista;Assuntos Regulatórios;cliente1797@empresa1108.com
1798;81;Trainee;Validação;cliente1798@empresa81.com
1799;1121;Analista;Garantia / Controle de Qualidade;cliente1799@empresa1121.com
1800;612;Analista;Assuntos Regulatórios;cliente1800@empresa612.com
1801;85;Médico (a);Médico;cliente1801@empresa85.com
1802;426;Analista;Garantia / Controle de Qualidade;cliente1802@empresa426.com
1803;614;Especialista;Assuntos Regulatórios;cliente1803@empresa614.com
1804;1014;Gerente;Garantia / Controle de Qualidade;cliente1804@empresa1014.com
1805;733;Diretor (a) / Vice Presidente;Assuntos Regulatórios;cliente1805@empresa733.com
1806;89;Coordenador (a) / Supervisor (a);Demanda;cliente1806@empresa89.com
1807;1116;Farmacêutico (a) Responsável;Garantia / Controle de Qualidade;cliente1807@empresa1116.com
1808;100;Consultor (a);Preços;cliente1808@empresa100.com
1809;457;Especialista;Fiscal;cliente1809@empresa457.com
1810;102;Analista;Treinamento de Força de Vendas;cliente1810@empresa102.com
1811;898;Especialista;Novos Negócios;cliente1811@empresa898.com
1812;1194;Diretor (a) / Vice Presidente;Pesquisa e Desenvolvimento;cliente1812@empresa1194.com
1813;633;Gerente;Compras / Suprimentos;cliente1813@empresa633.com
1814;106;Gerente;Relações Governamentais / Institucionais;cliente1814@empresa106.com
1815;123;Diretor (a) / Vice Presidente;Médico;cliente1815@empresa123.com
1816;1089;Assistente / Assessor (a) / Auxiliar;Comercial / Vendas;cliente1816@empresa1089.com
1817;716;Vendedor (a) / Representante Comercial;Comercial / Vendas;cliente1817@empresa716.com
1818;114;Coordenador (a) / Supervisor (a);Meio Ambiente;cliente1818@empresa114.com
1819;659;Gerente;Assuntos Regulatórios;cliente1819@empresa659.com
1820;107;Especialista;Garantia / Controle de Qualidade;cliente1820@empresa107.com
1821;621;Secretário (a);Administrativo;cliente1821@empresa621.com
1822;95;Analista;Assuntos Regulatórios;cliente1822@empresa95.com
1823;96;Advogado (a);Jurídico;cliente1823@empresa96.com
1824;956;Gerente;Administrativo;cliente1824@empresa956.com
1825;1072;Coordenador (a) / Supervisor (a);Garantia / Controle de Qualidade;cliente1825@empresa1072.com
1826;807;Consultor de Produtos Farmacêuticos;Comercial / Vendas;cliente1826@empresa807.com
1827;541;Analista;Boas Práticas de Laboratórios;cliente1827@empresa541.com
1828;118;Advogado (a);Fiscal;cliente1828@empresa118.com
1829;832;Gerente;Comercial / Vendas;cliente1829@empresa832.com
1830;831;Diretor (a) / Vice Presidente;Garantia / Controle de Qualidade;cliente1830@empresa831.com
1831;121;Diretor (a) / Vice Presidente;Jurídico;cliente1831@empresa121.com
1832;565;Analista;Garantia / Controle de Qualidade;cliente1832@empresa565.com
1833;859;Coordenador (a) / Supervisor (a);Comércio Exterior / Importação e Exportação;cliente1833@empresa859.com
1834;567;Especialista;Validação;cliente1834@empresa567.com
1835;1051;Gerente;Garantia / Controle de Qualidade;cliente1835@empresa1051.com
1836;127;Analista;Recursos Humanos;cliente1836@empresa127.com
1837;582;Analista;Garantia / Controle de Qualidade;cliente1837@empresa582.com
1838;129;Analista;Validação;cliente1838@empresa129.com
1839;748;Assistente / Assessor (a) / Auxiliar;Assuntos Regulatórios;cliente1839@empresa748.com
1840;592;Analista;Financeiro;cliente1840@empresa592.com
1841;978;Diretor (a) / Vice Presidente;Assuntos Regulatórios;cliente1841@empresa978.com
1842;966;Analista;Validação;cliente1842@empresa966.com
1843;736;Analista;Validação;cliente1843@empresa736.com
1844;141;Estagiário (a);Marketing;cliente1844@empresa141.com
1845;143;Analista;Assuntos Regulatórios;cliente1845@empresa143.com
1846;28;Advogado (a);Jurídico;cliente1846@empresa28.com
1847;48;Estagiário (a);Jurídico;cliente1847@empresa48.com
1848;54;Advogado (a);Jurídico;cliente1848@empresa54.com
1849;77;Advogado (a);Jurídico;cliente1849@empresa77.com
1850;108;Gerente;Jurídico;cliente1850@empresa108.com
1851;123;Gerente;Jurídico;cliente1851@empresa123.com
1852;851;Advogado (a);Jurídico;cliente1852@empresa851.com
1853;120;Analista;Compliance;cliente1853@empresa120.com
1854;127;Diretor (a) / Vice Presidente;Jurídico;cliente1854@empresa127.com
1855;5;Pesquisador (a);Desenvolvimento de Produtos;cliente1855@empresa5.com
1856;215;Gerente;Desenvolvimento Analítico;cliente1856@empresa215.com
1857;142;Analista;Assuntos Regulatórios;cliente1857@empresa142.com
1858;16;Analista;Pesquisa e Desenvolvimento;cliente1858@empresa16.com
1859;19;Analista;Assuntos Regulatórios;cliente1859@empresa19.com
1860;649;Analista;Assuntos Regulatórios;cliente1860@empresa649.com
1861;658;Especialista;Assuntos Regulatórios;cliente1861@empresa658.com
1862;40;Coordenador (a) / Supervisor (a);Assuntos Regulatórios;cliente1862@empresa40.com
1863;41;Coordenador (a) / Supervisor (a);Assuntos Regulatórios;cliente1863@empresa41.com
1864;42;Analista;Assuntos Regulatórios;cliente1864@empresa42.com
1865;669;Analista;Assuntos Regulatórios;cliente1865@empresa669.com
1866;769;Analista;Assuntos Regulatórios;cliente1866@empresa769.com
1867;767;Gerente;Assuntos Regulatórios;cliente1867@empresa767.com
1868;60;Analista;Assuntos Regulatórios;cliente1868@empresa60.com
1869;94;Analista;Assuntos Regulatórios;cliente1869@empresa94.com
1870;77;Gerente;Assuntos Regulatórios;cliente1870@empresa77.com
1871;76;Especialista;Assuntos Regulatórios;cliente1871@empresa76.com
1872;81;Analista;Assuntos Regulatórios;cliente1872@empresa81.com
1873;108;Especialista;Assuntos Regulatórios;cliente1873@empresa108.com
1874;956;Coordenador (a) / Supervisor (a);Assuntos Regulatórios;cliente1874@empresa956.com
1875;1071;Coordenador (a) / Supervisor (a);Assuntos Regulatórios;cliente1875@empresa1071.com
1876;897;Gerente;Novos Negócios;cliente1876@empresa897.com
1877;127;Analista;Assuntos Regulatórios;cliente1877@empresa127.com
1878;582;Analista;Assuntos Regulatórios;cliente1878@empresa582.com
1879;62;Estagiário (a);Recursos Humanos;cliente1879@empresa62.com
1880;65;Analista;Recursos Humanos;cliente1880@empresa65.com
1881;426;Analista;Recursos Humanos;cliente1881@empresa426.com
1882;107;Analista;Recursos Humanos;cliente1882@empresa107.com
1883;121;Gerente;Recursos Humanos;cliente1883@empresa121.com
1884;8;Estagiário (a);Marketing;cliente1884@empresa8.com
1885;30;Analista;Marketing;cliente1885@empresa30.com
1886;669;Coordenador (a) / Supervisor (a);Marketing;cliente1886@empresa669.com
1887;52;Gerente de Produto / Brand Manager;Marketing;cliente1887@empresa52.com
1888;62;Gerente de Produto / Brand Manager;Marketing;cliente1888@empresa62.com
1889;65;Diretor (a) / Vice Presidente;Marketing;cliente1889@empresa65.com
1890;77;Coordenador (a) / Supervisor (a);Marketing;cliente1890@empresa77.com
1891;1108;Gerente de Produto / Brand Manager;Marketing;cliente1891@empresa1108.com
1892;85;Gerente de Produto / Brand Manager;Marketing;cliente1892@empresa85.com
1893;737;Gerente;Marketing;cliente1893@empresa737.com
1894;909;Gerente de Produto / Brand Manager;Marketing;cliente1894@empresa909.com
1895;129;Assistente / Assessor (a) / Auxiliar;Marketing;cliente1895@empresa129.com
1896;130;Gerente de Produto / Brand Manager;Marketing;cliente1896@empresa130.com
1897;689;Coordenador (a) / Supervisor (a);Marketing;cliente1897@empresa689.com
1898;215;Coordenador (a) / Supervisor (a);Tecnologia da Informação;cliente1898@empresa215.com
1899;9;Especialista;Garantia / Controle de Qualidade;cliente1899@empresa9.com
1900;16;Gerente;Tecnologia da Informação;cliente1900@empresa16.com
1901;256;Coordenador (a) / Supervisor (a);Garantia / Controle de Qualidade;cliente1901@empresa256.com
1902;19;Analista;Validação;cliente1902@empresa19.com
1903;1163;Gerente;Tecnologia da Informação;cliente1903@empresa1163.com
1904;23;Analista;Garantia / Controle de Qualidade;cliente1904@empresa23.com
1905;649;Analista;Garantia / Controle de Qualidade;cliente1905@empresa649.com
1906;28;Analista;Validação;cliente1906@empresa28.com
1907;286;Coordenador (a) / Supervisor (a);Tecnologia da Informação;cliente1907@empresa286.com
1908;658;Coordenador (a) / Supervisor (a);Operações;cliente1908@empresa658.com
1909;911;Gerente;Garantia / Controle de Qualidade;cliente1909@empresa911.com
1910;40;Analista;Desenvolvimento Analítico;cliente1910@empresa40.com
1911;669;Coordenador (a) / Supervisor (a);Garantia / Controle de Qualidade;cliente1911@empresa669.com
1912;52;Analista;Garantia / Controle de Qualidade;cliente1912@empresa52.com
1913;1145;Coordenador (a) / Supervisor (a);Validação;cliente1913@empresa1145.com
1914;958;Coordenador (a) / Supervisor (a);Garantia / Controle de Qualidade;cliente1914@empresa958.com
1915;60;Analista;Garantia / Controle de Qualidade;cliente1915@empresa60.com
1916;749;Engenheiro (a);Validação;cliente1916@empresa749.com
1917;65;Analista;Validação;cliente1917@empresa65.com
1918;720;Coordenador (a) / Supervisor (a);Validação;cliente1918@empresa720.com
1919;67;Coordenador (a) / Supervisor (a);Validação;cliente1919@empresa67.com
1920;678;Consultor (a);Garantia / Controle de Qualidade;cliente1920@empresa678.com
1921;68;Analista;Garantia / Controle de Qualidade;cliente1921@empresa68.com
1922;76;Farmacêutico (a) Responsável;Garantia / Controle de Qualidade;cliente1922@empresa76.com
1923;454;Analista;Garantia / Controle de Qualidade;cliente1923@empresa454.com
1924;100;Analista;Validação;cliente1924@empresa100.com
1925;475;Farmacêutico (a) Responsável;Validação;cliente1925@empresa475.com
1926;108;Coordenador (a) / Supervisor (a);Garantia / Controle de Qualidade;cliente1926@empresa108.com
1927;1151;Analista;Garantia / Controle de Qualidade;cliente1927@empresa1151.com
1928;111;Coordenador (a) / Supervisor (a);Tecnologia da Informação;cliente1928@empresa111.com
1929;737;Analista;Garantia / Controle de Qualidade;cliente1929@empresa737.com
1930;112;Coordenador (a) / Supervisor (a);Garantia / Controle de Qualidade;cliente1930@empresa112.com
1931;781;Coordenador (a) / Supervisor (a);Garantia / Controle de Qualidade;cliente1931@empresa781.com
1932;107;Coordenador (a) / Supervisor (a);Tecnologia da Informação;cliente1932@empresa107.com
1933;96;Analista;Validação;cliente1933@empresa96.com
1934;724;Gerente;Projetos;cliente1934@empresa724.com
1935;118;Analista;Garantia / Controle de Qualidade;cliente1935@empresa118.com
1936;121;Consultor (a);Compliance;cliente1936@empresa121.com
1937;909;Analista;Garantia / Controle de Qualidade;cliente1937@empresa909.com
1938;1191;Consultor (a);Validação;cliente1938@empresa1191.com
1939;127;Coordenador (a) / Supervisor (a);Engenharia;cliente1939@empresa127.com
1940;582;Analista;Tecnologia da Informação;cliente1940@empresa582.com
1941;708;Coordenador (a) / Supervisor (a);Garantia / Controle de Qualidade;cliente1941@empresa708.com
1942;689;Analista;Garantia / Controle de Qualidade;cliente1942@empresa689.com
1943;1160;Analista;Assuntos Regulatórios;cliente1943@empresa1160.com
1944;736;Analista;Validação;cliente1944@empresa736.com
1945;32;Farmacêutico (a) Responsável;Farmacovigilância;cliente1945@empresa32.com
1946;658;Especialista;Farmacovigilância;cliente1946@empresa658.com
1947;37;Analista;Assuntos Regulatórios;cliente1947@empresa37.com
1948;610;Gerente;Assuntos Regulatórios;cliente1948@empresa610.com
1949;47;Coordenador (a) / Supervisor (a);Farmacovigilância;cliente1949@empresa47.com
1950;57;Diretor (a) / Vice Presidente;Assuntos Regulatórios;cliente1950@empresa57.com
1951;60;Gerente;Farmacovigilância;cliente1951@empresa60.com
1952;1104;Gerente;Garantia / Controle de Qualidade;cliente1952@empresa1104.com
1953;100;Analista;Farmacovigilância;cliente1953@empresa100.com
1954;118;Gerente;Farmacovigilância;cliente1954@empresa118.com
1955;121;Coordenador (a) / Supervisor (a);Farmacovigilância;cliente1955@empresa121.com
1956;16;Coordenador (a) / Supervisor (a);Assuntos Regulatórios;cliente1956@empresa16.com
1957;40;Coordenador (a) / Supervisor (a);Médico;cliente1957@empresa40.com
1958;663;Coordenador (a) / Supervisor (a);Assuntos Regulatórios;cliente1958@empresa663.com
1959;60;Gerente;Assuntos Regulatórios;cliente1959@empresa60.com
1960;76;Analista;Assuntos Regulatórios;cliente1960@empresa76.com
1961;1149;Presidente;Assuntos Regulatórios;cliente1961@empresa1149.com
1962;88;Analista;Assuntos Regulatórios;cliente1962@empresa88.com
1963;454;Gerente;Assuntos Regulatórios;cliente1963@empresa454.com
1964;100;Especialista;Médico;cliente1964@empresa100.com
1965;737;Especialista;Assuntos Regulatórios;cliente1965@empresa737.com
1966;121;Gerente;Médico;cliente1966@empresa121.com
1967;592;Diretor (a) / Vice Presidente;Assuntos Regulatórios;cliente1967@empresa592.com
1968;5;Gerente;Garantia / Controle de Qualidade;cliente1968@empresa5.com
1969;215;Analista;Validação;cliente1969@empresa215.com
1970;7;Farmacêutico (a) Responsável;Logística / Materiais / Supply;cliente1970@empresa7.com
1971;8;Analista;Garantia / Controle de Qualidade;cliente1971@empresa8.com
1972;142;Coordenador (a) / Supervisor (a);Garantia / Controle de Qualidade;cliente1972@empresa142.com
1973;9;Especialista;Projetos;cliente1973@empresa9.com
1974;12;Farmacêutico (a) Responsável;Garantia / Controle de Qualidade;cliente1974@empresa12.com
1975;16;Analista;Garantia / Controle de Qualidade;cliente1975@empresa16.com
1976;17;Analista;Garantia / Controle de Qualidade;cliente1976@empresa17.com
1977;256;Gerente;Garantia / Controle de Qualidade;cliente1977@empresa256.com
1978;18;Diretor (a) / Vice Presidente;Garantia / Controle de Qualidade;cliente1978@empresa18.com
1979;92;Farmacêutico (a) Responsável;Logística / Materiais / Supply;cliente1979@empresa92.com
1980;33;Farmacêutico (a) Responsável;Garantia / Controle de Qualidade;cliente1980@empresa33.com
1981;23;Gerente;Garantia / Controle de Qualidade;cliente1981@empresa23.com
1982;26;Gerente;Garantia / Controle de Qualidade;cliente1982@empresa26.com
1983;649;Assistente / Assessor (a) / Auxiliar;Logística / Materiais / Supply;cliente1983@empresa649.com
1984;28;Gerente;Logística / Materiais / Supply;cliente1984@empresa28.com
1985;30;Gerente;Operações;cliente1985@empresa30.com
1986;658;Coordenador (a) / Supervisor (a);Garantia / Controle de Qualidade;cliente1986@empresa658.com
1987;34;Analista;Garantia / Controle de Qualidade;cliente1987@empresa34.com
1988;37;Gerente;Logística / Materiais / Supply;cliente1988@empresa37.com
1989;44;Analista;Validação;cliente1989@empresa44.com
1990;47;Coordenador (a) / Supervisor (a);Logística / Materiais / Supply;cliente1990@empresa47.com
1991;48;Coordenador (a) / Supervisor (a);Comércio Exterior / Importação e Exportação;cliente1991@empresa48.com
1992;769;Analista;Garantia / Controle de Qualidade;cliente1992@empresa769.com
1993;825;Farmacêutico (a) Responsável;Garantia / Controle de Qualidade;cliente1993@empresa825.com
1994;52;Analista;Garantia / Controle de Qualidade;cliente1994@empresa52.com
1995;53;Analista;Garantia / Controle de Qualidade;cliente1995@empresa53.com
1996;793;Analista;Garantia / Controle de Qualidade;cliente1996@empresa793.com
1997;60;Coordenador (a) / Supervisor (a);Garantia / Controle de Qualidade;cliente1997@empresa60.com
1998;62;Gerente;Logística / Materiais / Supply;cliente1998@empresa62.com
1999;63;Analista;Garantia / Controle de Qualidade;cliente1999@empresa63.com
2000;749;Analista;Validação;cliente2000@empresa749.com
2001;882;Analista;Validação;cliente2001@empresa882.com
2002;390;Analista;Garantia / Controle de Qualidade;cliente2002@empresa390.com
2003;67;Gerente;Garantia / Controle de Qualidade;cliente2003@empresa67.com
2004;670;Coordenador (a) / Supervisor (a);Validação;cliente2004@empresa670.com
2005;79;Analista;Garantia / Controle de Qualidade;cliente2005@empresa79.com
2006;76;Gerente;Garantia / Controle de Qualidade;cliente2006@empresa76.com
2007;80;Analista;Garantia / Controle de Qualidade;cliente2007@empresa80.com
2008;1121;Analista;Garantia / Controle de Qualidade;cliente2008@empresa1121.com
2009;661;Farmacêutico (a) Responsável;Garantia / Controle de Qualidade;cliente2009@empresa661.com
2010;612;Farmacêutico (a) Responsável;Garantia / Controle de Qualidade;cliente2010@empresa612.com
2011;89;Analista;Boas Práticas de Laboratórios;cliente2011@empresa89.com
2012;88;Especialista;Garantia / Controle de Qualidade;cliente2012@empresa88.com
2013;1175;Gerente;Garantia / Controle de Qualidade;cliente2013@empresa1175.com
2014;100;Analista;Validação;cliente2014@empresa100.com
2015;457;Analista;Logística / Materiais / Supply;cliente2015@empresa457.com
2016;102;Coordenador (a) / Supervisor (a);Validação;cliente2016@empresa102.com
2017;106;Analista;Garantia / Controle de Qualidade;cliente2017@empresa106.com
2018;123;Gerente;Logística / Materiais / Supply;cliente2018@empresa123.com
2019;487;Coordenador (a) / Supervisor (a);Garantia / Controle de Qualidade;cliente2019@empresa487.com
2020;110;Farmacêutico (a) Responsável;Garantia / Controle de Qualidade;cliente2020@empresa110.com
2021;1089;Analista;Garantia / Controle de Qualidade;cliente2021@empresa1089.com
2022;107;Gerente;Logística / Materiais / Supply;cliente2022@empresa107.com
2023;96;Analista;Garantia / Controle de Qualidade;cliente2023@empresa96.com
2024;541;Farmacêutico (a) Responsável;Logística / Materiais / Supply;cliente2024@empresa541.com
2025;1114;Analista;Garantia / Controle de Qualidade;cliente2025@empresa1114.com
2026;120;Gerente;Garantia / Controle de Qualidade;cliente2026@empresa120.com
2027;121;Gerente;Garantia / Controle de Qualidade;cliente2027@empresa121.com
2028;1025;Coordenador (a) / Supervisor (a);Garantia / Controle de Qualidade;cliente2028@empresa1025.com
2029;567;Estagiário (a);Garantia / Controle de Qualidade;cliente2029@empresa567.com
2030;50;Coordenador (a) / Supervisor (a);Validação;cliente2030@empresa50.com
2031;127;Coordenador (a) / Supervisor (a);Compras / Suprimentos;cliente2031@empresa127.com
2032;582;Coordenador (a) / Supervisor (a);Garantia / Controle de Qualidade;cliente2032@empresa582.com
2033;128;Farmacêutico (a) Responsável;Garantia / Controle de Qualidade;cliente2033@empresa128.com
2034;129;Analista;Garantia / Controle de Qualidade;cliente2034@empresa129.com
2035;130;Analista;Garantia / Controle de Qualidade;cliente2035@empresa130.com
2036;708;Gerente;Garantia / Controle de Qualidade;cliente2036@empresa708.com
2037;138;Gerente;Garantia / Controle de Qualidade;cliente2037@empresa138.com
2038;689;Coordenador (a) / Supervisor (a);Logística / Materiais / Supply;cliente2038@empresa689.com
2039;966;Analista;Garantia / Controle de Qualidade;cliente2039@empresa966.com
2040;736;Farmacêutico (a) Responsável;Validação;cliente2040@empresa736.com
2041;143;Analista;Validação;cliente2041@empresa143.com
2042;16;Gerente de Produto / Brand Manager;Marketing;cliente2042@empresa16.com
2043;92;Gerente;Marketing;cliente2043@empresa92.com
2044;33;Gerente;Business Support;cliente2044@empresa33.com
2045;72;Gerente;Produtividade e Efetividade;cliente2045@empresa72.com
2046;426;Gerente;Marketing;cliente2046@empresa426.com
2047;106;Diretor (a) / Vice Presidente;Business Support;cliente2047@empresa106.com
2048;111;Gerente;Inteligência de Mercado;cliente2048@empresa111.com
2049;112;Especialista;Business Support;cliente2049@empresa112.com
2050;141;Coordenador (a) / Supervisor (a);Inteligência de Mercado;cliente2050@empresa141.com
2051;8;Analista;SAC;cliente2051@empresa8.com
2052;47;Analista;SAC;cliente2052@empresa47.com
2053;62;Coordenador (a) / Supervisor (a);SAC;cliente2053@empresa62.com
2054;501;Coordenador (a) / Supervisor (a);SAC;cliente2054@empresa501.com
2055;5;Analista;Meio Ambiente;cliente2055@empresa5.com
2056;8;Analista;Logística / Materiais / Supply;cliente2056@empresa8.com
2057;16;Coordenador (a) / Supervisor (a);Desenvolvimento de Produtos;cliente2057@empresa16.com
2058;28;Gerente;Meio Ambiente;cliente2058@empresa28.com
2059;911;Gerente;Novos Negócios;cliente2059@empresa911.com
2060;610;Técnico;Meio Ambiente;cliente2060@empresa610.com
2061;49;Analista;Meio Ambiente;cliente2061@empresa49.com
2062;62;Coordenador (a) / Supervisor (a);Meio Ambiente;cliente2062@empresa62.com
2063;100;Analista;Meio Ambiente;cliente2063@empresa100.com
2064;5;Coordenador (a) / Supervisor (a);Pesquisa Clínica;cliente2064@empresa5.com
2065;8;Analista;Pesquisa Clínica;cliente2065@empresa8.com
2066;142;Diretor (a) / Vice Presidente;Médico;cliente2066@empresa142.com
2067;1190;Gerente;Pesquisa Clínica;cliente2067@empresa1190.com
2068;62;Gerente;Pesquisa Clínica;cliente2068@empresa62.com
2069;390;Gerente;Assuntos Regulatórios;cliente2069@empresa390.com
2070;75;Diretor (a) / Vice Presidente;Médico;cliente2070@empresa75.com
2071;85;Gerente;Assuntos Regulatórios;cliente2071@empresa85.com
2072;1033;Coordenador (a) / Supervisor (a);Desenvolvimento de Produtos;cliente2072@empresa1033.com
2073;106;Diretor (a) / Vice Presidente;Médico;cliente2073@empresa106.com
2074;108;Médico (a);Médico;cliente2074@empresa108.com
2075;118;Gerente;Pesquisa Clínica;cliente2075@empresa118.com
2076;121;Gerente;Pesquisa Clínica;cliente2076@empresa121.com
2077;5;Diretor (a) / Vice Presidente;Comercial / Vendas;cliente2077@empresa5.com
2078;8;Coordenador (a) / Supervisor (a);Comercial / Vendas;cliente2078@empresa8.com
2079;142;Gerente de Produto / Brand Manager;Marketing;cliente2079@empresa142.com
2080;16;Gerente de Produto / Brand Manager;Marketing;cliente2080@empresa16.com
2081;23;Gerente de Produto / Brand Manager;Marketing;cliente2081@empresa23.com
2082;26;Presidente;Administrativo;cliente2082@empresa26.com
2083;27;Gerente;Acesso;cliente2083@empresa27.com
2084;34;Gerente;Business Support;cliente2084@empresa34.com
2085;40;Gerente;Meio Ambiente;cliente2085@empresa40.com
2086;42;Gerente;Treinamento de Força de Vendas;cliente2086@empresa42.com
2087;610;Assistente / Assessor (a) / Auxiliar;Novos Negócios;cliente2087@empresa610.com
2088;48;Diretor (a) / Vice Presidente;Marketing;cliente2088@empresa48.com
2089;60;Gerente;Comercial / Vendas;cliente2089@empresa60.com
2090;62;Propagandista de Produtos Farmacêuticos;Comercial / Vendas;cliente2090@empresa62.com
2091;715;Diretor (a) / Vice Presidente;Business Support;cliente2091@empresa715.com
2092;65;Propagandista de Produtos Farmacêuticos;Força de Vendas;cliente2092@empresa65.com
2093;66;Analista;Administrativo;cliente2093@empresa66.com
2094;612;Diretor (a) / Vice Presidente;Marketing;cliente2094@empresa612.com
2095;85;Analista;Demanda;cliente2095@empresa85.com
2096;24;Diretor (a) / Vice Presidente;Comercial / Vendas;cliente2096@empresa24.com
2097;1043;Diretor (a) / Vice Presidente;Marketing;cliente2097@empresa1043.com
2098;99;Gerente de Produto / Brand Manager;Marketing;cliente2098@empresa99.com
2099;100;Gerente;Inteligência de Mercado;cliente2099@empresa100.com
2100;102;Diretor (a) / Vice Presidente;Pesquisa e Desenvolvimento;cliente2100@empresa102.com
2101;106;Diretor (a) / Vice Presidente;Business Support;cliente2101@empresa106.com
2102;108;Gerente de Produto / Brand Manager;Força de Vendas;cliente2102@empresa108.com
2103;109;Diretor (a) / Vice Presidente;Comercial / Vendas;cliente2103@empresa109.com
2104;123;Coordenador (a) / Supervisor (a);Inteligência de Mercado;cliente2104@empresa123.com
2105;111;Gerente de Produto / Brand Manager;Marketing;cliente2105@empresa111.com
2106;501;Gerente;Acesso;cliente2106@empresa501.com
2107;884;Especialista;Acesso;cliente2107@empresa884.com
2108;118;Coordenador (a) / Supervisor (a);Inteligência de Mercado;cliente2108@empresa118.com
2109;120;Analista;Inteligência de Mercado;cliente2109@empresa120.com
2110;567;Gerente de Produto / Brand Manager;Marketing;cliente2110@empresa567.com
2111;909;Analista;Marketing;cliente2111@empresa909.com
2112;128;Gerente;Comercial / Vendas;cliente2112@empresa128.com
2113;129;Analista;Novos Negócios;cliente2113@empresa129.com
2114;689;Diretor (a) / Vice Presidente;Médico;cliente2114@empresa689.com
2115;141;Gerente;Demanda;cliente2115@empresa141.com
2116;143;Gerente de Produto / Brand Manager;Marketing;cliente2116@empresa143.com
2117;215;Coordenador (a) / Supervisor (a);Assuntos Regulatórios;cliente2117@empresa215.com
2118;8;Coordenador (a) / Supervisor (a);Assuntos Regulatórios;cliente2118@empresa8.com
2119;142;Analista;Assuntos Regulatórios;cliente2119@empresa142.com
2120;12;Analista;Assuntos Regulatórios;cliente2120@empresa12.com
2121;16;Diretor (a) / Vice Presidente;Pesquisa e Desenvolvimento;cliente2121@empresa16.com
2122;19;Especialista;Assuntos Regulatórios;cliente2122@empresa19.com
2123;92;Analista;Assuntos Regulatórios;cliente2123@empresa92.com
2124;23;Analista;Desenvolvimento de Produtos;cliente2124@empresa23.com
2125;26;Analista;Assuntos Regulatórios;cliente2125@empresa26.com
2126;27;Diretor (a) / Vice Presidente;Assuntos Regulatórios;cliente2126@empresa27.com
2127;658;Analista;Pesquisa e Desenvolvimento;cliente2127@empresa658.com
2128;34;Diretor (a) / Vice Presidente;Pesquisa e Desenvolvimento;cliente2128@empresa34.com
2129;40;Especialista;Desenvolvimento Analítico;cliente2129@empresa40.com
2130;43;Farmacêutico (a) Responsável;Assuntos Regulatórios;cliente2130@empresa43.com
2131;49;Gerente;Assuntos Regulatórios;cliente2131@empresa49.com
2132;53;Analista;Assuntos Regulatórios;cliente2132@empresa53.com
2133;862;Diretor (a) / Vice Presidente;Assuntos Regulatórios;cliente2133@empresa862.com
2134;60;Gerente;Garantia / Controle de Qualidade;cliente2134@empresa60.com
2135;1179;Farmacêutico (a) Responsável;Assuntos Regulatórios;cliente2135@empresa1179.com
2136;62;Gerente;Assuntos Regulatórios;cliente2136@empresa62.com
2137;68;Analista;Assuntos Regulatórios;cliente2137@empresa68.com
2138;72;Gerente;Assuntos Regulatórios;cliente2138@empresa72.com
2139;79;Coordenador (a) / Supervisor (a);Assuntos Regulatórios;cliente2139@empresa79.com
2140;76;Especialista;Assuntos Regulatórios;cliente2140@empresa76.com
2141;85;Gerente;Assuntos Regulatórios;cliente2141@empresa85.com
2142;454;Analista;Assuntos Regulatórios;cliente2142@empresa454.com
2143;1194;Diretor (a) / Vice Presidente;Garantia / Controle de Qualidade;cliente2143@empresa1194.com
2144;106;Analista;Assuntos Regulatórios;cliente2144@empresa106.com
2145;123;Analista;Assuntos Regulatórios;cliente2145@empresa123.com
2146;111;Gerente;Assuntos Regulatórios;cliente2146@empresa111.com
2147;114;Analista;Assuntos Regulatórios;cliente2147@empresa114.com
2148;107;Gerente;Assuntos Regulatórios;cliente2148@empresa107.com
2149;96;Coordenador (a) / Supervisor (a);Assuntos Regulatórios;cliente2149@empresa96.com
2150;790;Analista;Assuntos Regulatórios;cliente2150@empresa790.com
2151;118;Analista;Assuntos Regulatórios;cliente2151@empresa118.com
2152;121;Analista;Assuntos Regulatórios;cliente2152@empresa121.com
2153;50;Analista;Assuntos Regulatórios;cliente2153@empresa50.com
2154;582;Analista;Desenvolvimento de Produtos;cliente2154@empresa582.com
2155;129;Gerente;Assuntos Regulatórios;cliente2155@empresa129.com
2156;131;Farmacêutico (a) Responsável;Industrial / Produção;cliente2156@empresa131.com
2157;592;Gerente;Assuntos Regulatórios;cliente2157@empresa592.com
2158;736;Coordenador (a) / Supervisor (a);Assuntos Regulatórios;cliente2158@empresa736.com
2159;141;Assistente / Assessor (a) / Auxiliar;Assuntos Regulatórios;cliente2159@empresa141.com
2160;143;Gerente;Assuntos Regulatórios;cliente2160@empresa143.com
2161;5;Gerente;Assuntos Regulatórios;cliente2161@empresa5.com
2162;142;Analista;Assuntos Regulatórios;cliente2162@empresa142.com
2163;23;Gerente;Assuntos Regulatórios;cliente2163@empresa23.com
2164;34;Analista;Assuntos Regulatórios;cliente2164@empresa34.com
2165;42;Gerente;Assuntos Regulatórios;cliente2165@empresa42.com
2166;60;Analista;Assuntos Regulatórios;cliente2166@empresa60.com
2167;62;Analista;Administrativo;cliente2167@empresa62.com
2168;65;Analista;Assuntos Regulatórios;cliente2168@empresa65.com
2169;85;Coordenador (a) / Supervisor (a);Assuntos Regulatórios;cliente2169@empresa85.com
2170;106;Gerente;Assuntos Regulatórios;cliente2170@empresa106.com
2171;123;Diretor (a) / Vice Presidente;Assuntos Regulatórios;cliente2171@empresa123.com
2172;114;Especialista;Assuntos Regulatórios;cliente2172@empresa114.com
2173;790;Analista;Assuntos Regulatórios;cliente2173@empresa790.com
2174;121;Gerente;Assuntos Regulatórios;cliente2174@empresa121.com
2175;1025;Gerente;Assuntos Regulatórios;cliente2175@empresa1025.com
2176;966;Analista;Assuntos Regulatórios;cliente2176@empresa966.com
2177;6;Gerente;Validação;cliente2177@empresa6.com
2178;8;Coordenador (a) / Supervisor (a);Validação;cliente2178@empresa8.com
2179;12;Analista;Validação;cliente2179@empresa12.com
2180;16;Diretor (a) / Vice Presidente;Garantia / Controle de Qualidade;cliente2180@empresa16.com
2181;19;Especialista;Eventos;cliente2181@empresa19.com
2182;92;Coordenador (a) / Supervisor (a);Garantia / Controle de Qualidade;cliente2182@empresa92.com
2183;30;Gerente;Tecnologia da Informação;cliente2183@empresa30.com
2184;40;Analista;Garantia / Controle de Qualidade;cliente2184@empresa40.com
2185;48;Analista;Garantia / Controle de Qualidade;cliente2185@empresa48.com
2186;49;Especialista;Validação;cliente2186@empresa49.com
2187;54;Analista;Validação;cliente2187@empresa54.com
2188;60;Coordenador (a) / Supervisor (a);Garantia / Controle de Qualidade;cliente2188@empresa60.com
2189;62;Coordenador (a) / Supervisor (a);Validação;cliente2189@empresa62.com
2190;882;Coordenador (a) / Supervisor (a);Validação;cliente2190@empresa882.com
2191;68;Gerente;Garantia / Controle de Qualidade;cliente2191@empresa68.com
2192;77;Analista;Garantia / Controle de Qualidade;cliente2192@empresa77.com
2193;76;Especialista;Garantia / Controle de Qualidade;cliente2193@empresa76.com
2194;633;Analista;Validação;cliente2194@empresa633.com
2195;106;Especialista;Garantia / Controle de Qualidade;cliente2195@empresa106.com
2196;1089;Analista;Garantia / Controle de Qualidade;cliente2196@empresa1089.com
2197;117;Coordenador (a) / Supervisor (a);Validação;cliente2197@empresa117.com
2198;107;Especialista;Garantia / Controle de Qualidade;cliente2198@empresa107.com
2199;790;Analista;Validação;cliente2199@empresa790.com
2200;1072;Analista;Validação;cliente2200@empresa1072.com
2201;708;Analista;Garantia / Controle de Qualidade;cliente2201@empresa708.com
2202;966;Gerente;Compliance;cliente2202@empresa966.com
2203;139;Analista;Garantia / Controle de Qualidade;cliente2203@empresa139.com
2204;64;Farmacêutico (a) Responsável;Assuntos Regulatórios;cliente2204@empresa64.com
2205;8;Diretor (a) / Vice Presidente;Inovação;cliente2205@empresa8.com
2206;13;Gerente;Preços;cliente2206@empresa13.com
2207;1190;Diretor (a) / Vice Presidente;Assuntos Corporativos;cliente2207@empresa1190.com
2208;27;Gerente;Acesso;cliente2208@empresa27.com
2209;60;Diretor (a) / Vice Presidente;Pesquisa e Desenvolvimento;cliente2209@empresa60.com
2210;62;Gerente;Médico;cliente2210@empresa62.com
2211;715;Diretor (a) / Vice Presidente;Novos Negócios;cliente2211@empresa715.com
2212;76;Gerente;Economia;cliente2212@empresa76.com
2213;89;Gerente;Acesso;cliente2213@empresa89.com
2214;100;Gerente;Assuntos Regulatórios;cliente2214@empresa100.com
2215;105;Gerente;Assuntos Regulatórios;cliente2215@empresa105.com
2216;582;Gerente de Produto / Brand Manager;Desenvolvimento de Produtos;cliente2216@empresa582.com
2217;128;Diretor (a) / Vice Presidente;Acesso;cliente2217@empresa128.com
2218;906;Diretor (a) / Vice Presidente;Acesso;cliente2218@empresa906.com
2219;139;Coordenador (a) / Supervisor (a);Desenvolvimento de Produtos;cliente2219@empresa139.com
2220;141;Coordenador (a) / Supervisor (a);Assuntos Regulatórios;cliente2220@empresa141.com
2221;6;Gerente;Informações Médicas;cliente2221@empresa6.com
2222;8;Coordenador (a) / Supervisor (a);Informações Médicas;cliente2222@empresa8.com
2223;13;Coordenador (a) / Supervisor (a);Informações Médicas;cliente2223@empresa13.com
2224;18;Gerente;Médico;cliente2224@empresa18.com
2225;19;Coordenador (a) / Supervisor (a);Informações Médicas;cliente2225@empresa19.com
2226;23;Coordenador (a) / Supervisor (a);Informações Médicas;cliente2226@empresa23.com
2227;27;Especialista;Médico;cliente2227@empresa27.com
2228;28;Coordenador (a) / Supervisor (a);Informações Médicas;cliente2228@empresa28.com
2229;37;Analista;Informações Médicas;cliente2229@empresa37.com
2230;52;Diretor (a) / Vice Presidente;Médico;cliente2230@empresa52.com
2231;53;Médico (a);Médico;cliente2231@empresa53.com
2232;54;Coordenador (a) / Supervisor (a);Informações Médicas;cliente2232@empresa54.com
2233;1145;Especialista;Informações Médicas;cliente2233@empresa1145.com
2234;60;Analista;Médico;cliente2234@empresa60.com
2235;62;Coordenador (a) / Supervisor (a);Médico;cliente2235@empresa62.com
2236;69;Analista;Informações Médicas;cliente2236@empresa69.com
2237;1041;Analista;Farmacovigilância;cliente2237@empresa1041.com
2238;79;Analista;Informações Médicas;cliente2238@empresa79.com
2239;80;Gerente;Médico;cliente2239@empresa80.com
2240;88;Gerente;Informações Médicas;cliente2240@empresa88.com
2241;1194;Coordenador (a) / Supervisor (a);Assuntos Regulatórios;cliente2241@empresa1194.com
2242;106;Gerente;Informações Médicas;cliente2242@empresa106.com
2243;110;Diretor (a) / Vice Presidente;Médico;cliente2243@empresa110.com
2244;501;Analista;Garantia / Controle de Qualidade;cliente2244@empresa501.com
2245;107;Coordenador (a) / Supervisor (a);Informações Médicas;cliente2245@empresa107.com
2246;96;Gerente;Informações Médicas;cliente2246@empresa96.com
2247;127;Diretor (a) / Vice Presidente;Informações Médicas;cliente2247@empresa127.com
2248;5;Diretor (a) / Vice Presidente;Assuntos Regulatórios;cliente2248@empresa5.com
2249;215;Coordenador (a) / Supervisor (a);Assuntos Regulatórios;cliente2249@empresa215.com
2250;234;Gerente;Assuntos Regulatórios;cliente2250@empresa234.com
2251;92;Coordenador (a) / Supervisor (a);Assuntos Regulatórios;cliente2251@empresa92.com
2252;23;Gerente;Assuntos Regulatórios;cliente2252@empresa23.com
2253;40;Gerente;Assuntos Regulatórios;cliente2253@empresa40.com
2254;811;Gerente;Assuntos Regulatórios;cliente2254@empresa811.com
2255;69;Diretor (a) / Vice Presidente;Assuntos Regulatórios;cliente2255@empresa69.com
2256;70;Gerente;Assuntos Regulatórios;cliente2256@empresa70.com
2257;80;Gerente;Assuntos Regulatórios;cliente2257@empresa80.com
2258;1194;Coordenador (a) / Supervisor (a);Assuntos Regulatórios;cliente2258@empresa1194.com
2259;762;Coordenador (a) / Supervisor (a);Assuntos Regulatórios;cliente2259@empresa762.com
2260;123;Diretor (a) / Vice Presidente;Assuntos Regulatórios;cliente2260@empresa123.com
2261;1114;Gerente;Assuntos Regulatórios;cliente2261@empresa1114.com
2262;121;Diretor (a) / Vice Presidente;Assuntos Regulatórios;cliente2262@empresa121.com
2263;138;Diretor (a) / Vice Presidente;Assuntos Regulatórios;cliente2263@empresa138.com
2264;6;Gerente;Produtividade e Efetividade;cliente2264@empresa6.com
2265;12;Gerente;Incentivos e Premiação da Força de Vendas;cliente2265@empresa12.com
2266;60;Analista;Incentivos e Premiação da Força de Vendas;cliente2266@empresa60.com
2267;1121;Gerente;Recursos Humanos;cliente2267@empresa1121.com
2268;1154;Diretor (a) / Vice Presidente;Comercial / Vendas;cliente2268@empresa1154.com
2269;85;Coordenador (a) / Supervisor (a);Marketing;cliente2269@empresa85.com
2270;24;Especialista;Incentivos e Premiação da Força de Vendas;cliente2270@empresa24.com
2271;123;Analista;Incentivos e Premiação da Força de Vendas;cliente2271@empresa123.com
2272;501;Analista;Produtividade e Efetividade;cliente2272@empresa501.com
2273;121;Coordenador (a) / Supervisor (a);Incentivos e Premiação da Força de Vendas;cliente2273@empresa121.com
2274;128;Especialista;Inteligência de Mercado;cliente2274@empresa128.com
2275;130;Consultor (a);Inteligência de Mercado;cliente2275@empresa130.com
2276;131;Gerente;Comercial / Vendas;cliente2276@empresa131.com
2277;689;Gerente;Incentivos e Premiação da Força de Vendas;cliente2277@empresa689.com
2278;139;Analista;Controladoria;cliente2278@empresa139.com
2279;5;Gerente;Business Support;cliente2279@empresa5.com
2280;8;Estagiário (a);Marketing;cliente2280@empresa8.com
2281;142;Gerente;Marketing;cliente2281@empresa142.com
2282;16;Médico (a);Médico;cliente2282@empresa16.com
2283;90;Coordenador (a) / Supervisor (a);Marketing;cliente2283@empresa90.com
2284;26;Analista;Marketing;cliente2284@empresa26.com
2285;48;Coordenador (a) / Supervisor (a);Inteligência de Mercado;cliente2285@empresa48.com
2286;52;Gerente;Business Support;cliente2286@empresa52.com
2287;66;Gerente;Tecnologia da Informação;cliente2287@empresa66.com
2288;670;Gerente;Comercial / Vendas;cliente2288@empresa670.com
2289;76;Gerente;Business Support;cliente2289@empresa76.com
2290;106;Gerente;Marketing;cliente2290@empresa106.com
2291;114;Gerente;Inovação;cliente2291@empresa114.com
2292;501;Coordenador (a) / Supervisor (a);Tecnologia da Informação;cliente2292@empresa501.com
2293;12;Gerente;Recursos Humanos;cliente2293@empresa12.com
2294;28;Gerente;Recursos Humanos;cliente2294@empresa28.com
2295;52;Coordenador (a) / Supervisor (a);Recursos Humanos;cliente2295@empresa52.com
2296;54;Analista;Recursos Humanos;cliente2296@empresa54.com
2297;85;Analista;Recursos Humanos;cliente2297@empresa85.com
2298;102;Diretor (a) / Vice Presidente;Treinamento e Desenvolvimento Corporativo;cliente2298@empresa102.com
2299;96;Analista;Recursos Humanos;cliente2299@empresa96.com
2300;120;Analista;Recursos Humanos;cliente2300@empresa120.com
2301;34;Coordenador (a) / Supervisor (a);Recursos Humanos;cliente2301@empresa34.com
2302;1122;Analista;Recursos Humanos;cliente2302@empresa1122.com
2303;670;Analista;Recursos Humanos;cliente2303@empresa670.com
2304;75;Diretor (a) / Vice Presidente;Recursos Humanos;cliente2304@empresa75.com
2305;77;Gerente;Recursos Humanos;cliente2305@empresa77.com
2306;80;Gerente;Recursos Humanos;cliente2306@empresa80.com
2307;661;Assistente / Assessor (a) / Auxiliar;Recursos Humanos;cliente2307@empresa661.com
2308;85;Analista;Recursos Humanos;cliente2308@empresa85.com
2309;16;Gerente de Produto / Brand Manager;Marketing;cliente2309@empresa16.com
2310;19;Gerente de Produto / Brand Manager;Marketing;cliente2310@empresa19.com
2311;23;Coordenador (a) / Supervisor (a);Business Support;cliente2311@empresa23.com
2312;90;Coordenador (a) / Supervisor (a);Marketing;cliente2312@empresa90.com
2313;26;Diretor (a) / Vice Presidente;Médico;cliente2313@empresa26.com
2314;27;Gerente;Business Support;cliente2314@empresa27.com
2315;28;Médico (a);Médico;cliente2315@empresa28.com
2316;29;Gerente de Produto / Brand Manager;Marketing;cliente2316@empresa29.com
2317;42;Gerente;Produtividade e Efetividade;cliente2317@empresa42.com
2318;811;Analista;Marketing;cliente2318@empresa811.com
2319;60;Gerente;Produtividade e Efetividade;cliente2319@empresa60.com
2320;62;Médico (a);Médico;cliente2320@empresa62.com
2321;69;Médico (a);Médico;cliente2321@empresa69.com
2322;70;Coordenador (a) / Supervisor (a);Médico;cliente2322@empresa70.com
2323;75;Gerente;Marketing;cliente2323@empresa75.com
2324;85;Gerente;Inteligência de Mercado;cliente2324@empresa85.com
2325;426;Coordenador (a) / Supervisor (a);Marketing;cliente2325@empresa426.com
2326;106;Coordenador (a) / Supervisor (a);Marketing;cliente2326@empresa106.com
2327;123;Gerente;Produtividade e Efetividade;cliente2327@empresa123.com
2328;114;Diretor (a) / Vice Presidente;Marketing;cliente2328@empresa114.com
2329;501;Gerente;Médico;cliente2329@empresa501.com
2330;96;Gerente;Médico;cliente2330@empresa96.com
2331;1085;Especialista;Marketing;cliente2331@empresa1085.com
2332;121;Diretor (a) / Vice Presidente;Marketing;cliente2332@empresa121.com
2333;567;Gerente;Inovação;cliente2333@empresa567.com
2334;130;Diretor (a) / Vice Presidente;Marketing;cliente2334@empresa130.com
2335;132;Gerente;Médico;cliente2335@empresa132.com
2336;592;Especialista;Médico;cliente2336@empresa592.com
2337;689;Gerente;Marketing;cliente2337@empresa689.com
2338;139;Diretor (a) / Vice Presidente;Marketing;cliente2338@empresa139.com
2339;1087;Farmacêutico (a) Responsável;Farmacovigilância;cliente2339@empresa1087.com
2340;715;Analista;Médico;cliente2340@empresa715.com
2341;88;Gerente;Farmacovigilância;cliente2341@empresa88.com
2342;110;Analista;Farmacovigilância;cliente2342@empresa110.com
2343;501;Analista;Farmacovigilância;cliente2343@empresa501.com
2344;584;Analista;Farmacovigilância;cliente2344@empresa584.com
2345;689;Analista;Farmacovigilância;cliente2345@empresa689.com
2346;8;Analista;Farmacovigilância;cliente2346@empresa8.com
2347;17;Analista;Assuntos Regulatórios;cliente2347@empresa17.com
2348;23;Analista;Comércio Exterior / Importação e Exportação;cliente2348@empresa23.com
2349;27;Presidente;Operações;cliente2349@empresa27.com
2350;62;Analista;Assuntos Regulatórios;cliente2350@empresa62.com
2351;100;Especialista;Assuntos Regulatórios;cliente2351@empresa100.com
2352;102;Médico (a);Assuntos Regulatórios;cliente2352@empresa102.com
2353;106;Gerente;Assuntos Regulatórios;cliente2353@empresa106.com
2354;114;Gerente;Assuntos Regulatórios;cliente2354@empresa114.com
2355;96;Gerente;Assuntos Regulatórios;cliente2355@empresa96.com
2356;128;Coordenador (a) / Supervisor (a);SAC;cliente2356@empresa128.com
2357;129;Especialista;Validação;cliente2357@empresa129.com
2358;592;Analista;Assuntos Regulatórios;cliente2358@empresa592.com
2359;689;Diretor (a) / Vice Presidente;Assuntos Regulatórios;cliente2359@empresa689.com
2360;139;Coordenador (a) / Supervisor (a);Garantia / Controle de Qualidade;cliente2360@empresa139.com
2361;47;Coordenador (a) / Supervisor (a);Farmacovigilância;cliente2361@empresa47.com
2362;60;Coordenador (a) / Supervisor (a);Farmacovigilância;cliente2362@empresa60.com
2363;715;Analista;Assuntos Regulatórios;cliente2363@empresa715.com
2364;70;Coordenador (a) / Supervisor (a);Farmacovigilância;cliente2364@empresa70.com
2365;123;Coordenador (a) / Supervisor (a);Farmacovigilância;cliente2365@empresa123.com
2366;114;Gerente;Farmacovigilância;cliente2366@empresa114.com
2367;121;Gerente;Farmacovigilância;cliente2367@empresa121.com
2368;16;Coordenador (a) / Supervisor (a);Jurídico;cliente2368@empresa16.com
2369;23;Analista;Jurídico;cliente2369@empresa23.com
2370;34;Diretor (a) / Vice Presidente;Jurídico;cliente2370@empresa34.com
2371;41;Gerente;Recursos Humanos;cliente2371@empresa41.com
2372;85;Gerente;Recursos Humanos;cliente2372@empresa85.com
2373;426;Analista;Recursos Humanos;cliente2373@empresa426.com
2374;107;Advogado (a);Jurídico;cliente2374@empresa107.com
2375;96;Analista;Jurídico;cliente2375@empresa96.com
2376;582;Coordenador (a) / Supervisor (a);Jurídico;cliente2376@empresa582.com
2377;141;Diretor (a) / Vice Presidente;Jurídico;cliente2377@empresa141.com
2378;60;Diretor (a) / Vice Presidente;Pesquisa Clínica;cliente2378@empresa60.com
2379;62;Analista;Pesquisa Clínica;cliente2379@empresa62.com
2380;76;Diretor (a) / Vice Presidente;Pesquisa Clínica;cliente2380@empresa76.com
2381;89;Coordenador (a) / Supervisor (a);Pesquisa Clínica;cliente2381@empresa89.com
2382;96;Farmacêutico (a) Responsável;Assuntos Regulatórios;cliente2382@empresa96.com
2383;19;Gerente;Assuntos Regulatórios;cliente2383@empresa19.com
2384;27;Analista;Assuntos Regulatórios;cliente2384@empresa27.com
2385;40;Analista;Assuntos Regulatórios;cliente2385@empresa40.com
2386;610;Analista;Assuntos Regulatórios;cliente2386@empresa610.com
2387;1205;Coordenador (a) / Supervisor (a);Garantia / Controle de Qualidade;cliente2387@empresa1205.com
2388;454;Médico (a);Médico;cliente2388@empresa454.com
2389;114;Gerente;Médico;cliente2389@empresa114.com
2390;96;Médico (a);Médico;cliente2390@empresa96.com
2391;122;Coordenador (a) / Supervisor (a);Assuntos Regulatórios;cliente2391@empresa122.com
2392;128;Farmacêutico (a) Responsável;Garantia / Controle de Qualidade;cliente2392@empresa128.com
2393;128;Coordenador (a) / Supervisor (a);SAC;cliente2393@empresa128.com
2394;17;Analista;Garantia / Controle de Qualidade;cliente2394@empresa17.com
2395;256;Coordenador (a) / Supervisor (a);Farmacovigilância;cliente2395@empresa256.com
2396;1190;Diretor (a) / Vice Presidente;Farmacovigilância;cliente2396@empresa1190.com
2397;610;Gerente;Farmacovigilância;cliente2397@empresa610.com
2398;670;Analista;Farmacovigilância;cliente2398@empresa670.com
2399;89;Gerente;Farmacovigilância;cliente2399@empresa89.com
2400;88;Gerente;Farmacovigilância;cliente2400@empresa88.com
2401;128;Gerente;Farmacovigilância;cliente2401@empresa128.com
2402;129;Analista;Farmacovigilância;cliente2402@empresa129.com
2403;34;Analista;Assuntos Regulatórios;cliente2403@empresa34.com
2404;40;Gerente;Assuntos Regulatórios;cliente2404@empresa40.com
2405;60;Analista;Assuntos Regulatórios;cliente2405@empresa60.com
2406;62;Analista;Assuntos Regulatórios;cliente2406@empresa62.com
2407;69;Analista;Assuntos Regulatórios;cliente2407@empresa69.com
2408;76;Especialista;Assuntos Regulatórios;cliente2408@empresa76.com
2409;8;Coordenador (a) / Supervisor (a);Recursos Humanos;cliente2409@empresa8.com
2410;52;Coordenador (a) / Supervisor (a);Recursos Humanos;cliente2410@empresa52.com
2411;66;Analista;Recursos Humanos;cliente2411@empresa66.com
2412;567;Analista;Recursos Humanos;cliente2412@empresa567.com
2413;8;Gerente;Recursos Humanos;cliente2413@empresa8.com
2414;92;Analista;Recursos Humanos;cliente2414@empresa92.com
2415;90;Coordenador (a) / Supervisor (a);Recursos Humanos;cliente2415@empresa90.com
2416;26;Analista;Recursos Humanos;cliente2416@empresa26.com
2417;52;Analista;Recursos Humanos;cliente2417@empresa52.com
2418;65;Analista;Recursos Humanos;cliente2418@empresa65.com
2419;670;Analista;Recursos Humanos;cliente2419@empresa670.com
2420;79;Analista;Recursos Humanos;cliente2420@empresa79.com
2421;16;Médico (a);Médico;cliente2421@empresa16.com
2422;92;Coordenador (a) / Supervisor (a);Segurança do Trabalho;cliente2422@empresa92.com
2423;68;Coordenador (a) / Supervisor (a);Recursos Humanos;cliente2423@empresa68.com
2424;100;Coordenador (a) / Supervisor (a);Médico;cliente2424@empresa100.com
2425;106;Técnico;Segurança do Trabalho;cliente2425@empresa106.com
2426;111;Especialista;Recursos Humanos;cliente2426@empresa111.com
2427;96;Especialista;Segurança do Trabalho;cliente2427@empresa96.com
2428;584;Técnico;Segurança do Trabalho;cliente2428@empresa584.com
2429;8;Coordenador (a) / Supervisor (a);Recursos Humanos;cliente2429@empresa8.com
2430;612;Analista;Recursos Humanos;cliente2430@empresa612.com
2431;59;Coordenador (a) / Supervisor (a);Recursos Humanos;cliente2431@empresa59.com
2432;19;Gerente;Recursos Humanos;cliente2432@empresa19.com
2433;92;Gerente;Recursos Humanos;cliente2433@empresa92.com
2434;26;Gerente;Recursos Humanos;cliente2434@empresa26.com
2435;34;Especialista;Recursos Humanos;cliente2435@empresa34.com
2436;60;Especialista;Recursos Humanos;cliente2436@empresa60.com
2437;79;Coordenador (a) / Supervisor (a);Recursos Humanos;cliente2437@empresa79.com
2438;612;Assistente / Assessor (a) / Auxiliar;Recursos Humanos;cliente2438@empresa612.com
2439;8;Gerente;Recursos Humanos;cliente2439@empresa8.com
2440;142;Coordenador (a) / Supervisor (a);Recursos Humanos;cliente2440@empresa142.com
2441;13;Analista;Recursos Humanos;cliente2441@empresa13.com
2442;16;Especialista;Relações Governamentais / Institucionais;cliente2442@empresa16.com
2443;92;Coordenador (a) / Supervisor (a);Recursos Humanos;cliente2443@empresa92.com
2444;23;Diretor (a) / Vice Presidente;Comercial / Vendas;cliente2444@empresa23.com
2445;28;Coordenador (a) / Supervisor (a);Recursos Humanos;cliente2445@empresa28.com
2446;30;Coordenador (a) / Supervisor (a);Recursos Humanos;cliente2446@empresa30.com
2447;47;Coordenador (a) / Supervisor (a);Recursos Humanos;cliente2447@empresa47.com
2448;49;Especialista;Recursos Humanos;cliente2448@empresa49.com
2449;52;Analista;Treinamento e Desenvolvimento Corporativo;cliente2449@empresa52.com
2450;54;Gerente;Recursos Humanos;cliente2450@empresa54.com
2451;62;Analista;Recursos Humanos;cliente2451@empresa62.com
2452;66;Analista;Recursos Humanos;cliente2452@empresa66.com
2453;67;Analista;Garantia / Controle de Qualidade;cliente2453@empresa67.com
2454;69;Estagiário (a);Recursos Humanos;cliente2454@empresa69.com
2455;85;Gerente;Comunicação;cliente2455@empresa85.com
2456;633;Especialista;Recursos Humanos;cliente2456@empresa633.com
2457;106;Consultor (a);Recursos Humanos;cliente2457@empresa106.com
2458;108;Especialista;Recursos Humanos;cliente2458@empresa108.com
2459;123;Gerente;Recursos Humanos;cliente2459@empresa123.com
2460;114;Gerente;Recursos Humanos;cliente2460@empresa114.com
2461;501;Gerente;Recursos Humanos;cliente2461@empresa501.com
2462;107;Diretor (a) / Vice Presidente;Recursos Humanos;cliente2462@empresa107.com
2463;541;Analista;Recursos Humanos;cliente2463@empresa541.com
2464;118;Gerente;Jurídico;cliente2464@empresa118.com
2465;120;Diretor (a) / Vice Presidente;Recursos Humanos;cliente2465@empresa120.com
2466;121;Diretor (a) / Vice Presidente;Tecnologia da Informação;cliente2466@empresa121.com
2467;909;Coordenador (a) / Supervisor (a);Recursos Humanos;cliente2467@empresa909.com
2468;128;Analista;Recursos Humanos;cliente2468@empresa128.com
2469;130;Analista;Farmacovigilância;cliente2469@empresa130.com
2470;592;Analista;Recursos Humanos;cliente2470@empresa592.com
2471;966;Gerente;Assuntos Regulatórios;cliente2471@empresa966.com
2472;5;Gerente;Treinamento de Força de Vendas;cliente2472@empresa5.com
2473;16;Analista;Recursos Humanos;cliente2473@empresa16.com
2474;34;Gerente;Recursos Humanos;cliente2474@empresa34.com
2475;42;Gerente;Novos Negócios;cliente2475@empresa42.com
2476;48;Gerente;Treinamento e Desenvolvimento Corporativo;cliente2476@empresa48.com
2477;49;Analista;Treinamento e Desenvolvimento Corporativo;cliente2477@empresa49.com
2478;66;Analista;Recursos Humanos;cliente2478@empresa66.com
2479;79;Coordenador (a) / Supervisor (a);Treinamento de Força de Vendas;cliente2479@empresa79.com
2480;661;Gerente;Recursos Humanos;cliente2480@empresa661.com
2481;612;Coordenador (a) / Supervisor (a);Recursos Humanos;cliente2481@empresa612.com
2482;85;Analista;Recursos Humanos;cliente2482@empresa85.com
2483;1033;Analista;Recursos Humanos;cliente2483@empresa1033.com
2484;112;Coordenador (a) / Supervisor (a);Recursos Humanos;cliente2484@empresa112.com
2485;129;Coordenador (a) / Supervisor (a);Recursos Humanos;cliente2485@empresa129.com
2486;6;Diretor (a) / Vice Presidente;Recursos Humanos;cliente2486@empresa6.com
2487;142;Analista;Recursos Humanos;cliente2487@empresa142.com
2488;661;Analista;Recursos Humanos;cliente2488@empresa661.com
2489;612;Gerente;Recursos Humanos;cliente2489@empresa612.com
2490;85;Analista;Recursos Humanos;cliente2490@empresa85.com
2491;123;Assistente / Assessor (a) / Auxiliar;Recursos Humanos;cliente2491@empresa123.com
2492;143;Diretor (a) / Vice Presidente;Recursos Humanos;cliente2492@empresa143.com
2493;52;Diretor (a) / Vice Presidente;Recursos Humanos;cliente2493@empresa52.com
2494;62;Analista;Recursos Humanos;cliente2494@empresa62.com
2495;5;Especialista;Recursos Humanos;cliente2495@empresa5.com
2496;142;Coordenador (a) / Supervisor (a);Compras / Suprimentos;cliente2496@empresa142.com
2497;16;Analista;Financeiro;cliente2497@empresa16.com
2498;92;Especialista;Assuntos Corporativos;cliente2498@empresa92.com
2499;23;Especialista;Administrativo;cliente2499@empresa23.com
2500;649;Coordenador (a) / Supervisor (a);Recursos Humanos;cliente2500@empresa649.com
2501;28;Coordenador (a) / Supervisor (a);Financeiro;cliente2501@empresa28.com
2502;34;Analista;Administrativo;cliente2502@empresa34.com
2503;57;Gerente;Administrativo;cliente2503@empresa57.com
2504;670;Analista;Recursos Humanos;cliente2504@empresa670.com
2505;661;Analista;Recursos Humanos;cliente2505@empresa661.com
2506;100;Analista;Administrativo;cliente2506@empresa100.com
2507;106;Engenheiro (a);Administrativo;cliente2507@empresa106.com
2508;108;Analista;Compras / Suprimentos;cliente2508@empresa108.com
2509;110;Analista;Financeiro;cliente2509@empresa110.com
2510;120;Analista;Recursos Humanos;cliente2510@empresa120.com
2511;121;Gerente;Administrativo;cliente2511@empresa121.com
2512;127;Gerente;Recursos Humanos;cliente2512@empresa127.com
2513;582;Analista;Recursos Humanos;cliente2513@empresa582.com
2514;592;Analista;Administrativo;cliente2514@empresa592.com
2515;141;Gerente;Administrativo;cliente2515@empresa141.com
2516;8;Analista;Recursos Humanos;cliente2516@empresa8.com
2517;53;Coordenador (a) / Supervisor (a);Contabilidade;cliente2517@empresa53.com
2518;661;Analista;Recursos Humanos;cliente2518@empresa661.com
2519;85;Analista;Recursos Humanos;cliente2519@empresa85.com
2520;426;Especialista;Recursos Humanos;cliente2520@empresa426.com
2521;59;Analista;Recursos Humanos;cliente2521@empresa59.com
2522;884;Diretor (a) / Vice Presidente;Recursos Humanos;cliente2522@empresa884.com
2523;130;Coordenador (a) / Supervisor (a);Recursos Humanos;cliente2523@empresa130.com
2524;143;Analista;Financeiro;cliente2524@empresa143.com
2525;1220;Analista;Validação;cliente2525@empresa1220.com
2526;27;Gerente;Recursos Humanos;cliente2526@empresa27.com
2527;37;Analista;Recursos Humanos;cliente2527@empresa37.com
2528;62;Analista;Recursos Humanos;cliente2528@empresa62.com
2529;94;Coordenador (a) / Supervisor (a);Recursos Humanos;cliente2529@empresa94.com
2530;661;Assistente / Assessor (a) / Auxiliar;Recursos Humanos;cliente2530@empresa661.com
2531;612;Analista;Recursos Humanos;cliente2531@empresa612.com
2532;111;Analista;Recursos Humanos;cliente2532@empresa111.com
2533;50;Gerente;Recursos Humanos;cliente2533@empresa50.com
2534;1148;Gerente;Médico;cliente2534@empresa1148.com
2535;131;Analista;Comercial / Vendas;cliente2535@empresa131.com
2536;601;Analista;Recursos Humanos;cliente2536@empresa601.com
2537;5;Gerente;Recursos Humanos;cliente2537@empresa5.com
2538;8;Analista;Recursos Humanos;cliente2538@empresa8.com
2539;16;Analista;Recursos Humanos;cliente2539@empresa16.com
2540;28;Analista;Recursos Humanos;cliente2540@empresa28.com
2541;52;Analista;Recursos Humanos;cliente2541@empresa52.com
2542;62;Analista;Recursos Humanos;cliente2542@empresa62.com
2543;81;Gerente;Recursos Humanos;cliente2543@empresa81.com
2544;426;Coordenador (a) / Supervisor (a);Recursos Humanos;cliente2544@empresa426.com
2545;633;Especialista;Recursos Humanos;cliente2545@empresa633.com
2546;1165;Analista;Recursos Humanos;cliente2546@empresa1165.com
2547;567;Analista;Recursos Humanos;cliente2547@empresa567.com
2548;909;Especialista;Recursos Humanos;cliente2548@empresa909.com
2549;130;Coordenador (a) / Supervisor (a);Recursos Humanos;cliente2549@empresa130.com
2550;215;Analista;Financeiro;cliente2550@empresa215.com
2551;16;Coordenador (a) / Supervisor (a);Planejamento e Controladoria;cliente2551@empresa16.com
2552;93;Presidente;Presidência;cliente2552@empresa93.com
2553;658;Gerente;Projetos;cliente2553@empresa658.com
2554;34;Gerente;Inteligência de Mercado;cliente2554@empresa34.com
2555;42;Gerente;Business Support;cliente2555@empresa42.com
2556;610;Diretor (a) / Vice Presidente;Comercial / Vendas;cliente2556@empresa610.com
2557;47;Diretor (a) / Vice Presidente;Financeiro;cliente2557@empresa47.com
2558;48;Analista;Inteligência de Mercado;cliente2558@empresa48.com
2559;52;Diretor (a) / Vice Presidente;Controladoria;cliente2559@empresa52.com
2560;54;Coordenador (a) / Supervisor (a);Inteligência de Mercado;cliente2560@empresa54.com
2561;1027;Gerente;Marketing;cliente2561@empresa1027.com
2562;62;Diretor (a) / Vice Presidente;Relações Governamentais / Institucionais;cliente2562@empresa62.com
2563;65;Analista;Inteligência de Mercado;cliente2563@empresa65.com
2564;66;Diretor (a) / Vice Presidente;Financeiro;cliente2564@empresa66.com
2565;410;Consultor (a);Comercial / Vendas;cliente2565@empresa410.com
2566;79;Presidente;Presidência;cliente2566@empresa79.com
2567;76;Gerente;Inteligência de Mercado;cliente2567@empresa76.com
2568;426;Presidente do Conselho;Presidência;cliente2568@empresa426.com
2569;102;Gerente;Marketing;cliente2569@empresa102.com
2570;105;Diretor (a) / Vice Presidente;Marketing;cliente2570@empresa105.com
2571;884;Diretor (a) / Vice Presidente;Planejamento e Controladoria;cliente2571@empresa884.com
2572;121;Diretor (a) / Vice Presidente;Financeiro;cliente2572@empresa121.com
2573;127;Diretor (a) / Vice Presidente;Assuntos Corporativos;cliente2573@empresa127.com
2574;591;Gerente;Comercial / Vendas;cliente2574@empresa591.com
2575;689;Consultor (a);Inteligência de Mercado;cliente2575@empresa689.com
2576;139;Presidente;Administrativo;cliente2576@empresa139.com
2577;6;Gerente;Produtividade e Efetividade;cliente2577@empresa6.com
2578;8;Gerente de Produto / Brand Manager;Marketing;cliente2578@empresa8.com
2579;16;Gerente de Produto / Brand Manager;Marketing;cliente2579@empresa16.com
2580;256;Gerente;Inteligência de Mercado;cliente2580@empresa256.com
2581;1190;Diretor (a) / Vice Presidente;Marketing;cliente2581@empresa1190.com
2582;286;Coordenador (a) / Supervisor (a);Novos Negócios;cliente2582@empresa286.com
2583;658;Coordenador (a) / Supervisor (a);Inteligência de Mercado;cliente2583@empresa658.com
2584;610;Gerente;Inteligência de Mercado;cliente2584@empresa610.com
2585;62;Gerente de Produto / Brand Manager;Marketing;cliente2585@empresa62.com
2586;100;Coordenador (a) / Supervisor (a);Produtividade e Efetividade;cliente2586@empresa100.com
2587;108;Diretor (a) / Vice Presidente;Marketing;cliente2587@empresa108.com
2588;790;Gerente;Marketing;cliente2588@empresa790.com
2589;121;Coordenador (a) / Supervisor (a);Inteligência de Mercado;cliente2589@empresa121.com
2590;127;Diretor (a) / Vice Presidente;Inteligência de Mercado;cliente2590@empresa127.com
2591;143;Gerente;Business Support;cliente2591@empresa143.com
2592;8;Gerente;Produtividade e Efetividade;cliente2592@empresa8.com
2593;26;Analista;Inteligência de Mercado;cliente2593@empresa26.com
2594;54;Coordenador (a) / Supervisor (a);Produtividade e Efetividade;cliente2594@empresa54.com
2595;69;Analista;Incentivos e Premiação da Força de Vendas;cliente2595@empresa69.com
2596;89;Coordenador (a) / Supervisor (a);Inteligência de Mercado;cliente2596@empresa89.com
2597;106;Analista;Administrativo;cliente2597@empresa106.com
2598;110;Diretor (a) / Vice Presidente;Produtividade e Efetividade;cliente2598@empresa110.com
2599;492;Gerente;Produtividade e Efetividade;cliente2599@empresa492.com
2600;107;Coordenador (a) / Supervisor (a);Produtividade e Efetividade;cliente2600@empresa107.com
2601;96;Gerente;Incentivos e Premiação da Força de Vendas;cliente2601@empresa96.com
2602;567;Gerente;Inteligência de Mercado;cliente2602@empresa567.com
2603;128;Especialista;Inteligência de Mercado;cliente2603@empresa128.com
2604;592;Gerente;Incentivos e Premiação da Força de Vendas;cliente2604@empresa592.com
2605;689;Especialista;Incentivos e Premiação da Força de Vendas;cliente2605@empresa689.com
2606;8;Gerente;Marketing;cliente2606@empresa8.com
2607;16;Gerente de Produto / Brand Manager;Marketing;cliente2607@empresa16.com
2608;93;Gerente de Produto / Brand Manager;Marketing;cliente2608@empresa93.com
2609;28;Gerente;Tecnologia da Informação;cliente2609@empresa28.com
2610;37;Gerente;Inteligência de Mercado;cliente2610@empresa37.com
2611;48;Coordenador (a) / Supervisor (a);Business Support;cliente2611@empresa48.com
2612;54;Coordenador (a) / Supervisor (a);Business Support;cliente2612@empresa54.com
2613;60;Gerente;Tecnologia da Informação;cliente2613@empresa60.com
2614;62;Médico (a);Médico;cliente2614@empresa62.com
2615;94;Diretor (a) / Vice Presidente;Unidade de Negócios;cliente2615@empresa94.com
2616;661;Gerente;Tecnologia da Informação;cliente2616@empresa661.com
2617;24;Coordenador (a) / Supervisor (a);Comunicação;cliente2617@empresa24.com
2618;123;Diretor (a) / Vice Presidente;Business Support;cliente2618@empresa123.com
2619;111;Analista;Marketing;cliente2619@empresa111.com
2620;501;Diretor (a) / Vice Presidente;Inteligência de Mercado;cliente2620@empresa501.com
2621;96;Coordenador (a) / Supervisor (a);Operações;cliente2621@empresa96.com
2622;567;Gerente;Inovação;cliente2622@empresa567.com
2623;127;Gerente;Inteligência de Mercado;cliente2623@empresa127.com
2624;689;Gerente;Inteligência de Mercado;cliente2624@empresa689.com
2625;6;Gerente;Comunicação;cliente2625@empresa6.com
2626;142;Coordenador (a) / Supervisor (a);SAC;cliente2626@empresa142.com
2627;231;Analista;Garantia / Controle de Qualidade;cliente2627@empresa231.com
2628;64;Gerente;Boas Práticas de Laboratórios;cliente2628@empresa64.com
2629;33;Coordenador (a) / Supervisor (a);SAC;cliente2629@empresa33.com
2630;23;Coordenador (a) / Supervisor (a);SAC;cliente2630@empresa23.com
2631;26;Gerente;Farmacovigilância;cliente2631@empresa26.com
2632;27;Gerente;Médico;cliente2632@empresa27.com
2633;42;Analista;SAC;cliente2633@empresa42.com
2634;610;Analista;SAC;cliente2634@empresa610.com
2635;669;Analista;Garantia / Controle de Qualidade;cliente2635@empresa669.com
2636;58;Diretor (a) / Vice Presidente;Administrativo;cliente2636@empresa58.com
2637;811;Analista;Assuntos Regulatórios;cliente2637@empresa811.com
2638;1223;Gerente;SAC;cliente2638@empresa1223.com
2639;65;Coordenador (a) / Supervisor (a);Garantia / Controle de Qualidade;cliente2639@empresa65.com
2640;67;Gerente;Business Support;cliente2640@empresa67.com
2641;70;Coordenador (a) / Supervisor (a);Operações;cliente2641@empresa70.com
2642;1108;Analista;Garantia / Controle de Qualidade;cliente2642@empresa1108.com
2643;1041;Analista;SAC;cliente2643@empresa1041.com
2644;76;Gerente;Garantia / Controle de Qualidade;cliente2644@empresa76.com
2645;1121;Assistente / Assessor (a) / Auxiliar;Garantia / Controle de Qualidade;cliente2645@empresa1121.com
2646;87;Analista;Garantia / Controle de Qualidade;cliente2646@empresa87.com
2647;967;Coordenador (a) / Supervisor (a);SAC;cliente2647@empresa967.com
2648;762;Gerente;SAC;cliente2648@empresa762.com
2649;105;Gerente;Assuntos Regulatórios;cliente2649@empresa105.com
2650;1089;Farmacêutico (a) Responsável;Assuntos Regulatórios;cliente2650@empresa1089.com
2651;790;Assistente / Assessor (a) / Auxiliar;SAC;cliente2651@empresa790.com
2652;807;Analista;Garantia / Controle de Qualidade;cliente2652@empresa807.com
2653;118;Especialista;SAC;cliente2653@empresa118.com
2654;120;Coordenador (a) / Supervisor (a);SAC;cliente2654@empresa120.com
2655;906;Gerente;Médico;cliente2655@empresa906.com
2656;139;Analista;SAC;cliente2656@empresa139.com
2657;13;Gerente;Farmacovigilância;cliente2657@empresa13.com
2658;19;Diretor (a) / Vice Presidente;Farmacovigilância;cliente2658@empresa19.com
2659;23;Especialista;Farmacovigilância;cliente2659@empresa23.com
2660;69;Especialista;Farmacovigilância;cliente2660@empresa69.com
2661;903;Analista;Farmacovigilância;cliente2661@empresa903.com
2662;118;Especialista;Farmacovigilância;cliente2662@empresa118.com
2663;6;Diretor (a) / Vice Presidente;Recursos Humanos;cliente2663@empresa6.com
2664;8;Coordenador (a) / Supervisor (a);Jurídico;cliente2664@empresa8.com
2665;18;Advogado (a);Jurídico;cliente2665@empresa18.com
2666;19;Advogado (a);Jurídico;cliente2666@empresa19.com
2667;33;Especialista;Jurídico;cliente2667@empresa33.com
2668;22;Advogado (a);Jurídico;cliente2668@empresa22.com
2669;23;Gerente;Jurídico;cliente2669@empresa23.com
2670;27;Diretor (a) / Vice Presidente;Jurídico;cliente2670@empresa27.com
2671;29;Diretor (a) / Vice Presidente;Jurídico;cliente2671@empresa29.com
2672;37;Gerente;Jurídico;cliente2672@empresa37.com
2673;54;Gerente;Compliance;cliente2673@empresa54.com
2674;62;Gerente;Jurídico;cliente2674@empresa62.com
2675;75;Diretor (a) / Vice Presidente;Jurídico;cliente2675@empresa75.com
2676;661;Advogado (a);Jurídico;cliente2676@empresa661.com
2677;85;Advogado (a);Jurídico;cliente2677@empresa85.com
2678;100;Gerente;Jurídico;cliente2678@empresa100.com
2679;457;Gerente;Jurídico;cliente2679@empresa457.com
2680;96;Gerente;Jurídico;cliente2680@empresa96.com
2681;120;Gerente;Jurídico;cliente2681@empresa120.com
2682;582;Gerente;Jurídico;cliente2682@empresa582.com
2683;689;Gerente;Compliance;cliente2683@empresa689.com
2684;13;Advogado (a);Jurídico;cliente2684@empresa13.com
2685;30;Gerente;Jurídico;cliente2685@empresa30.com
2686;34;Diretor (a) / Vice Presidente;Jurídico;cliente2686@empresa34.com
2687;57;Advogado (a);Jurídico;cliente2687@empresa57.com
2688;661;Advogado (a);Jurídico;cliente2688@empresa661.com
2689;612;Analista;Recursos Humanos;cliente2689@empresa612.com
2690;426;Advogado (a);Jurídico;cliente2690@empresa426.com
2691;88;Advogado (a);Jurídico;cliente2691@empresa88.com
2692;105;Analista;Jurídico;cliente2692@empresa105.com
2693;106;Advogado (a);Jurídico;cliente2693@empresa106.com
2694;108;Assistente / Assessor (a) / Auxiliar;Jurídico;cliente2694@empresa108.com
2695;123;Estagiário (a);Jurídico;cliente2695@empresa123.com
2696;111;Advogado (a);Jurídico;cliente2696@empresa111.com
2697;19;Gerente;Pesquisa Clínica;cliente2697@empresa19.com
2698;27;Diretor (a) / Vice Presidente;Pesquisa Clínica;cliente2698@empresa27.com
2699;286;Especialista;Garantia / Controle de Qualidade;cliente2699@empresa286.com
2700;610;Analista;Garantia / Controle de Qualidade;cliente2700@empresa610.com
2701;52;Coordenador (a) / Supervisor (a);Assuntos Regulatórios;cliente2701@empresa52.com
2702;85;Gerente;Pesquisa Clínica;cliente2702@empresa85.com
2703;106;Gerente;Pesquisa e Desenvolvimento;cliente2703@empresa106.com
2704;123;Diretor (a) / Vice Presidente;Pesquisa Clínica;cliente2704@empresa123.com
2705;111;Gerente;Médico;cliente2705@empresa111.com
2706;851;Assistente / Assessor (a) / Auxiliar;SAC;cliente2706@empresa851.com
2707;27;Gerente;Business Support;cliente2707@empresa27.com
2708;54;Coordenador (a) / Supervisor (a);Produtividade e Efetividade;cliente2708@empresa54.com
2709;793;Diretor (a) / Vice Presidente;Comercial / Vendas;cliente2709@empresa793.com
2710;60;Gerente;Produtividade e Efetividade;cliente2710@empresa60.com
2711;62;Gerente;Inteligência de Mercado;cliente2711@empresa62.com
2712;118;Analista;Inteligência de Mercado;cliente2712@empresa118.com
2713;121;Gerente;Produtividade e Efetividade;cliente2713@empresa121.com
2714;139;Analista;Produtividade e Efetividade;cliente2714@empresa139.com
2715;26;Coordenador (a) / Supervisor (a);Recursos Humanos;cliente2715@empresa26.com
2716;54;Analista;Recursos Humanos;cliente2716@empresa54.com
2717;68;Analista;Recursos Humanos;cliente2717@empresa68.com
2718;142;Analista;Recursos Humanos;cliente2718@empresa142.com
2719;16;Gerente;Recursos Humanos;cliente2719@empresa16.com
2720;65;Especialista;Recursos Humanos;cliente2720@empresa65.com
2721;114;Coordenador (a) / Supervisor (a);Segurança do Trabalho;cliente2721@empresa114.com
2722;19;Gerente;Farmacovigilância;cliente2722@empresa19.com
2723;21;Analista;Garantia / Controle de Qualidade;cliente2723@empresa21.com
2724;28;Analista;Farmacovigilância;cliente2724@empresa28.com
2725;34;Coordenador (a) / Supervisor (a);SAC;cliente2725@empresa34.com
2726;669;Analista;SAC;cliente2726@empresa669.com
2727;811;Analista;Assuntos Regulatórios;cliente2727@empresa811.com
2728;70;Analista;Farmacovigilância;cliente2728@empresa70.com
2729;72;Gerente;Assuntos Regulatórios;cliente2729@empresa72.com
2730;75;Diretor (a) / Vice Presidente;Farmacovigilância;cliente2730@empresa75.com
2731;83;Coordenador (a) / Supervisor (a);Farmacovigilância;cliente2731@empresa83.com
2732;88;Gerente;Farmacovigilância;cliente2732@empresa88.com
2733;59;Gerente;Farmacovigilância;cliente2733@empresa59.com
2734;762;Especialista;SAC;cliente2734@empresa762.com
2735;112;Coordenador (a) / Supervisor (a);Farmacovigilância;cliente2735@empresa112.com
2736;8;Analista;Inteligência de Mercado;cliente2736@empresa8.com
2737;142;Especialista;Inteligência de Mercado;cliente2737@empresa142.com
2738;13;Analista;Inteligência de Mercado;cliente2738@empresa13.com
2739;256;Coordenador (a) / Supervisor (a);Logística / Materiais / Supply;cliente2739@empresa256.com
2740;92;Farmacêutico (a) Responsável;Logística / Materiais / Supply;cliente2740@empresa92.com
2741;49;Analista;Comercial / Vendas;cliente2741@empresa49.com
2742;54;Coordenador (a) / Supervisor (a);Demanda;cliente2742@empresa54.com
2743;60;Gerente;Operações;cliente2743@empresa60.com
2744;65;Coordenador (a) / Supervisor (a);Comercial / Vendas;cliente2744@empresa65.com
2745;69;Gerente;Logística / Materiais / Supply;cliente2745@empresa69.com
2746;501;Coordenador (a) / Supervisor (a);Logística / Materiais / Supply;cliente2746@empresa501.com
2747;96;Diretor (a) / Vice Presidente;Comercial / Vendas;cliente2747@empresa96.com
2748;538;Analista;Logística / Materiais / Supply;cliente2748@empresa538.com
2749;121;Gerente;Logística / Materiais / Supply;cliente2749@empresa121.com
2750;130;Gerente;Produtividade e Efetividade;cliente2750@empresa130.com
2751;708;Gerente;Logística / Materiais / Supply;cliente2751@empresa708.com
2752;93;Analista;Recursos Humanos;cliente2752@empresa93.com
2753;658;Técnico;Segurança do Trabalho;cliente2753@empresa658.com
2754;34;Coordenador (a) / Supervisor (a);Médico;cliente2754@empresa34.com
2755;62;Gerente;Médico;cliente2755@empresa62.com
2756;112;Coordenador (a) / Supervisor (a);Recursos Humanos;cliente2756@empresa112.com
2757;118;Médico (a);Médico;cliente2757@empresa118.com
2758;909;Médico (a);Médico;cliente2758@empresa909.com
2759;129;Médico (a);Médico;cliente2759@empresa129.com
2760;16;Gerente;Segurança do Trabalho;cliente2760@empresa16.com
2761;48;Especialista;Recursos Humanos;cliente2761@empresa48.com
2762;54;Analista;Recursos Humanos;cliente2762@empresa54.com
2763;69;Gerente;Recursos Humanos;cliente2763@empresa69.com
2764;102;Assistente / Assessor (a) / Auxiliar;Médico;cliente2764@empresa102.com
2765;5;Especialista;Técnico-Científico;cliente2765@empresa5.com
2766;8;Coordenador (a) / Supervisor (a);Operações;cliente2766@empresa8.com
2767;12;Gerente;Industrial / Produção;cliente2767@empresa12.com
2768;92;Diretor (a) / Vice Presidente;Industrial / Produção;cliente2768@empresa92.com
2769;33;Gerente;Industrial / Produção;cliente2769@empresa33.com
2770;34;Coordenador (a) / Supervisor (a);Recursos Humanos;cliente2770@empresa34.com
2771;669;Analista;Engenharia;cliente2771@empresa669.com
2772;52;Gerente;Industrial / Produção;cliente2772@empresa52.com
2773;1223;Gerente;Planejamento e Controladoria;cliente2773@empresa1223.com
2774;62;Analista;Tesouraria;cliente2774@empresa62.com
2775;390;Analista;Industrial / Produção;cliente2775@empresa390.com
2776;66;Gerente;Operações;cliente2776@empresa66.com
2777;661;Coordenador (a) / Supervisor (a);Produtividade e Efetividade;cliente2777@empresa661.com
2778;105;Gerente;Projetos;cliente2778@empresa105.com
2779;114;Gerente;Business Support;cliente2779@empresa114.com
2780;96;Gerente;Industrial / Produção;cliente2780@empresa96.com
2781;909;Gerente;Operações;cliente2781@empresa909.com
2782;142;Coordenador (a) / Supervisor (a);Segurança do Trabalho;cliente2782@empresa142.com
2783;19;Técnico;Segurança do Trabalho;cliente2783@empresa19.com
2784;28;Coordenador (a) / Supervisor (a);Segurança do Trabalho;cliente2784@empresa28.com
2785;286;Gerente;Segurança do Trabalho;cliente2785@empresa286.com
2786;658;Técnico;Segurança do Trabalho;cliente2786@empresa658.com
2787;34;Gerente;Segurança do Trabalho;cliente2787@empresa34.com
2788;52;Coordenador (a) / Supervisor (a);Segurança do Trabalho;cliente2788@empresa52.com
2789;1223;Engenheiro (a);Segurança do Trabalho;cliente2789@empresa1223.com
2790;612;Coordenador (a) / Supervisor (a);Segurança do Trabalho;cliente2790@empresa612.com
2791;88;Técnico;Segurança do Trabalho;cliente2791@empresa88.com
2792;8;Coordenador (a) / Supervisor (a);Controladoria;cliente2792@empresa8.com
2793;142;Gerente;Fiscal;cliente2793@empresa142.com
2794;30;Analista;Fiscal;cliente2794@empresa30.com
2795;669;Gerente;Compras / Suprimentos;cliente2795@empresa669.com
2796;48;Gerente;Fiscal;cliente2796@empresa48.com
2797;60;Gerente;Comércio Exterior / Importação e Exportação;cliente2797@empresa60.com
2798;882;Presidente;Presidência;cliente2798@empresa882.com
2799;66;Diretor (a) / Vice Presidente;Logística / Materiais / Supply;cliente2799@empresa66.com
2800;72;Consultor (a);Logística / Materiais / Supply;cliente2800@empresa72.com
2801;670;Coordenador (a) / Supervisor (a);Compras / Suprimentos;cliente2801@empresa670.com
2802;426;Gerente;Compras / Suprimentos;cliente2802@empresa426.com
2803;88;Coordenador (a) / Supervisor (a);Comércio Exterior / Importação e Exportação;cliente2803@empresa88.com
2804;100;Especialista;Fiscal;cliente2804@empresa100.com
2805;457;Coordenador (a) / Supervisor (a);Logística / Materiais / Supply;cliente2805@empresa457.com
2806;633;Especialista;Negócios Internacionais;cliente2806@empresa633.com
2807;106;Gerente;Fiscal;cliente2807@empresa106.com
2808;1151;Farmacêutico (a) Responsável;Logística / Materiais / Supply;cliente2808@empresa1151.com
2809;123;Gerente;Fiscal;cliente2809@empresa123.com
2810;501;Gerente;Fiscal;cliente2810@empresa501.com
2811;541;Contador (a);Contabilidade;cliente2811@empresa541.com
2812;120;Gerente;Fiscal;cliente2812@empresa120.com
2813;127;Coordenador (a) / Supervisor (a);Comércio Exterior / Importação e Exportação;cliente2813@empresa127.com
2814;139;Analista;Garantia / Controle de Qualidade;cliente2814@empresa139.com
2815;231;Diretor (a) / Vice Presidente;Tecnologia da Informação;cliente2815@empresa231.com
2816;28;Vendedor (a) / Representante Comercial;Comercial / Vendas;cliente2816@empresa28.com
2817;52;Coordenador (a) / Supervisor (a);Recursos Humanos;cliente2817@empresa52.com
2818;60;Gerente;Inteligência de Mercado;cliente2818@empresa60.com
2819;69;Gerente;Business Support;cliente2819@empresa69.com
2820;85;Gerente;Marketing;cliente2820@empresa85.com
2821;123;Gerente;Business Support;cliente2821@empresa123.com
2822;111;Gerente;Inteligência de Mercado;cliente2822@empresa111.com
2823;96;Diretor (a) / Vice Presidente;Inteligência de Mercado;cliente2823@empresa96.com
2824;538;Coordenador (a) / Supervisor (a);Inteligência de Mercado;cliente2824@empresa538.com
2825;139;Gerente de Produto / Brand Manager;Marketing;cliente2825@empresa139.com
2826;5;Coordenador (a) / Supervisor (a);Assuntos Regulatórios;cliente2826@empresa5.com
2827;6;Analista;Assuntos Regulatórios;cliente2827@empresa6.com
2828;8;Diretor (a) / Vice Presidente;Assuntos Regulatórios;cliente2828@empresa8.com
2829;12;Analista;Assuntos Regulatórios;cliente2829@empresa12.com
2830;19;Diretor (a) / Vice Presidente;Assuntos Regulatórios;cliente2830@empresa19.com
2831;25;Analista;Assuntos Regulatórios;cliente2831@empresa25.com
2832;1220;Coordenador (a) / Supervisor (a);Assuntos Regulatórios;cliente2832@empresa1220.com
2833;286;Gerente;Assuntos Regulatórios;cliente2833@empresa286.com
2834;658;Gerente;Assuntos Regulatórios;cliente2834@empresa658.com
2835;669;Coordenador (a) / Supervisor (a);Assuntos Regulatórios;cliente2835@empresa669.com
2836;54;Assistente / Assessor (a) / Auxiliar;Assuntos Regulatórios;cliente2836@empresa54.com
2837;1223;Farmacêutico (a) Responsável;Assuntos Regulatórios;cliente2837@empresa1223.com
2838;749;Assistente / Assessor (a) / Auxiliar;Assuntos Regulatórios;cliente2838@empresa749.com
2839;65;Analista;Assuntos Regulatórios;cliente2839@empresa65.com
2840;390;Analista;Desenvolvimento de Produtos;cliente2840@empresa390.com
2841;67;Diretor (a) / Vice Presidente;Industrial / Produção;cliente2841@empresa67.com
2842;70;Analista;Assuntos Regulatórios;cliente2842@empresa70.com
2843;77;Analista;Assuntos Regulatórios;cliente2843@empresa77.com
2844;85;Coordenador (a) / Supervisor (a);Assuntos Regulatórios;cliente2844@empresa85.com
2845;88;Analista;Assuntos Regulatórios;cliente2845@empresa88.com
2846;100;Analista;Assuntos Regulatórios;cliente2846@empresa100.com
2847;457;Gerente;Assuntos Regulatórios;cliente2847@empresa457.com
2848;633;Assistente / Assessor (a) / Auxiliar;Assuntos Regulatórios;cliente2848@empresa633.com
2849;123;Gerente;Assuntos Regulatórios;cliente2849@empresa123.com
2850;111;Analista;Assuntos Regulatórios;cliente2850@empresa111.com
2851;112;Gerente;Assuntos Regulatórios;cliente2851@empresa112.com
2852;117;Coordenador (a) / Supervisor (a);Assuntos Regulatórios;cliente2852@empresa117.com
2853;940;Diretor (a) / Vice Presidente;Assuntos Regulatórios;cliente2853@empresa940.com
2854;790;Coordenador (a) / Supervisor (a);Assuntos Regulatórios;cliente2854@empresa790.com
2855;1085;Analista;Assuntos Regulatórios;cliente2855@empresa1085.com
2856;118;Coordenador (a) / Supervisor (a);Assuntos Regulatórios;cliente2856@empresa118.com
2857;127;Gerente;Assuntos Regulatórios;cliente2857@empresa127.com
2858;689;Especialista;Assuntos Regulatórios;cliente2858@empresa689.com
2859;736;Analista;Assuntos Regulatórios;cliente2859@empresa736.com
2860;139;Analista;Assuntos Regulatórios;cliente2860@empresa139.com
2861;141;Analista;Assuntos Regulatórios;cliente2861@empresa141.com
2862;10;Gerente;Farmacovigilância;cliente2862@empresa10.com
2863;64;Técnico;SAC;cliente2863@empresa64.com
2864;256;Coordenador (a) / Supervisor (a);Farmacovigilância;cliente2864@empresa256.com
2865;28;Analista;Farmacovigilância;cliente2865@empresa28.com
2866;610;Analista;SAC;cliente2866@empresa610.com
2867;54;Analista;Farmacovigilância;cliente2867@empresa54.com
2868;60;Analista;Farmacovigilância;cliente2868@empresa60.com
2869;62;Estagiário (a);Farmacovigilância;cliente2869@empresa62.com
2870;83;Analista;Farmacovigilância;cliente2870@empresa83.com
2871;100;Analista;Farmacovigilância;cliente2871@empresa100.com
2872;799;Assistente / Assessor (a) / Auxiliar;Farmacovigilância;cliente2872@empresa799.com
2873;112;Analista;Farmacovigilância;cliente2873@empresa112.com
2874;121;Coordenador (a) / Supervisor (a);Farmacovigilância;cliente2874@empresa121.com
2875;1025;Coordenador (a) / Supervisor (a);Farmacovigilância;cliente2875@empresa1025.com
2876;584;Analista;Farmacovigilância;cliente2876@empresa584.com
2877;601;Analista;Farmacovigilância;cliente2877@empresa601.com
2878;6;Analista;Farmacovigilância;cliente2878@empresa6.com
2879;8;Analista;Farmacovigilância;cliente2879@empresa8.com
2880;19;Analista;Farmacovigilância;cliente2880@empresa19.com
2881;28;Analista;Farmacovigilância;cliente2881@empresa28.com
2882;42;Coordenador (a) / Supervisor (a);Farmacovigilância;cliente2882@empresa42.com
2883;610;Analista;Farmacovigilância;cliente2883@empresa610.com
2884;54;Analista;Farmacovigilância;cliente2884@empresa54.com
2885;62;Analista;Farmacovigilância;cliente2885@empresa62.com
2886;76;Gerente;Farmacovigilância;cliente2886@empresa76.com
2887;100;Analista;Farmacovigilância;cliente2887@empresa100.com
2888;102;Analista;Farmacovigilância;cliente2888@empresa102.com
2889;106;Especialista;Farmacovigilância;cliente2889@empresa106.com
2890;110;Gerente;Farmacovigilância;cliente2890@empresa110.com
2891;782;Analista;Assuntos Regulatórios;cliente2891@empresa782.com
2892;9;Gerente;SAC;cliente2892@empresa9.com
2893;19;Gerente;Compliance;cliente2893@empresa19.com
2894;28;Analista;SAC;cliente2894@empresa28.com
2895;52;Coordenador (a) / Supervisor (a);SAC;cliente2895@empresa52.com
2896;59;Coordenador (a) / Supervisor (a);SAC;cliente2896@empresa59.com
2897;884;Gerente;SAC;cliente2897@empresa884.com
2898;34;Diretor (a) / Vice Presidente;Recursos Humanos;cliente2898@empresa34.com
2899;37;Gerente;Recursos Humanos;cliente2899@empresa37.com
2900;829;Gerente;Recursos Humanos;cliente2900@empresa829.com
2901;1198;Especialista;Comercial / Vendas;cliente2901@empresa1198.com
2902;850;Coordenador (a) / Supervisor (a);Meio Ambiente;cliente2902@empresa850.com
2903;797;Gerente;Comercial / Vendas;cliente2903@empresa797.com
2904;18;Gerente;Comunicação;cliente2904@empresa18.com
2905;261;Gerente;Recursos Humanos;cliente2905@empresa261.com
2906;792;Analista;Marketing;cliente2906@empresa792.com
2907;23;Especialista;Recursos Humanos;cliente2907@empresa23.com
2908;1069;Sócio (a);Novos Negócios;cliente2908@empresa1069.com
2909;658;Diretor (a) / Vice Presidente;Recursos Humanos;cliente2909@empresa658.com
2910;944;Gerente;Comercial / Vendas;cliente2910@empresa944.com
2911;820;Especialista;Assuntos Regulatórios;cliente2911@empresa820.com
2912;1024;Diretor (a) / Vice Presidente;Presidência;cliente2912@empresa1024.com
2913;789;Diretor (a) / Vice Presidente;Comercial / Vendas;cliente2913@empresa789.com
2914;47;Coordenador (a) / Supervisor (a);Recursos Humanos;cliente2914@empresa47.com
2915;1094;Diretor (a) / Vice Presidente;Administrativo;cliente2915@empresa1094.com
2916;1127;Gerente de Produto / Brand Manager;Marketing;cliente2916@empresa1127.com
2917;1161;Coordenador (a) / Supervisor (a);Recursos Humanos;cliente2917@empresa1161.com
2918;1193;Sócio (a);Presidência;cliente2918@empresa1193.com
2919;822;Coordenador (a) / Supervisor (a);Recursos Humanos;cliente2919@empresa822.com
2920;994;Consultor (a);Assuntos Regulatórios;cliente2920@empresa994.com
2921;1226;Diretor (a) / Vice Presidente;Comercial / Vendas;cliente2921@empresa1226.com
2922;60;Especialista;Recursos Humanos;cliente2922@empresa60.com
2923;732;Diretor (a) / Vice Presidente;Engenharia;cliente2923@empresa732.com
2924;715;Gerente;Recursos Humanos;cliente2924@empresa715.com
2925;72;Gerente;Financeiro;cliente2925@empresa72.com
2926;75;Diretor (a) / Vice Presidente;Recursos Humanos;cliente2926@empresa75.com
2927;1214;Sócio (a);Administrativo;cliente2927@empresa1214.com
2928;1073;Gerente;Recursos Humanos;cliente2928@empresa1073.com
2929;410;Diretor (a) / Vice Presidente;Assuntos Corporativos;cliente2929@empresa410.com
2930;81;Coordenador (a) / Supervisor (a);Recursos Humanos;cliente2930@empresa81.com
2931;612;Analista;Recursos Humanos;cliente2931@empresa612.com
2932;86;Presidente;Industrial / Produção;cliente2932@empresa86.com
2933;908;Presidente;Presidência;cliente2933@empresa908.com
2934;24;Consultor de Produtos Farmacêuticos;Força de Vendas;cliente2934@empresa24.com
2935;892;Gerente;Boas Práticas de Laboratórios;cliente2935@empresa892.com
2936;1033;Diretor (a) / Vice Presidente;Comercial / Vendas;cliente2936@empresa1033.com
2937;100;Coordenador (a) / Supervisor (a);Recursos Humanos;cliente2937@empresa100.com
2938;830;Gerente;Recursos Humanos;cliente2938@empresa830.com
2939;59;Especialista;Recursos Humanos;cliente2939@empresa59.com
2940;459;Farmacêutico (a) Responsável;Garantia / Controle de Qualidade;cliente2940@empresa459.com
2941;898;Coordenador (a) / Supervisor (a);Recursos Humanos;cliente2941@empresa898.com
2942;1194;Diretor (a) / Vice Presidente;Garantia / Controle de Qualidade;cliente2942@empresa1194.com
2943;1204;Sócio (a);Administrativo;cliente2943@empresa1204.com
2944;106;Diretor (a) / Vice Presidente;Recursos Humanos;cliente2944@empresa106.com
2945;923;Gerente;Administrativo;cliente2945@empresa923.com
2946;114;Gerente;Recursos Humanos;cliente2946@empresa114.com
2947;659;Gerente;Controladoria;cliente2947@empresa659.com
2948;1177;Gerente;Pesquisa e Desenvolvimento;cliente2948@empresa1177.com
2949;117;Presidente;Administrativo;cliente2949@empresa117.com
2950;96;Coordenador (a) / Supervisor (a);Comércio Exterior / Importação e Exportação;cliente2950@empresa96.com
2951;807;Presidente;Comercial / Vendas;cliente2951@empresa807.com
2952;832;Gerente;Recursos Humanos;cliente2952@empresa832.com
2953;1164;Diretor (a) / Vice Presidente;Operações;cliente2953@empresa1164.com
2954;1036;Diretor (a) / Vice Presidente;Recursos Humanos;cliente2954@empresa1036.com
2955;650;Sócio (a);Boas Práticas de Manufatura;cliente2955@empresa650.com
2956;582;Analista;Recursos Humanos;cliente2956@empresa582.com
2957;1229;Diretor (a) / Vice Presidente;Administrativo;cliente2957@empresa1229.com
2958;770;Gerente;Administrativo;cliente2958@empresa770.com
2959;906;Assistente / Assessor (a) / Auxiliar;Recursos Humanos;cliente2959@empresa906.com
2960;883;Consultor (a);Comercial / Vendas;cliente2960@empresa883.com
2961;837;Gerente;Financeiro;cliente2961@empresa837.com
2962;689;Gerente;Recursos Humanos;cliente2962@empresa689.com
2963;1068;Coordenador (a) / Supervisor (a);Marketing;cliente2963@empresa1068.com
2964;12;Gerente;Controladoria;cliente2964@empresa12.com
2965;16;Diretor (a) / Vice Presidente;Controladoria;cliente2965@empresa16.com
2966;18;Coordenador (a) / Supervisor (a);Fiscal;cliente2966@empresa18.com
2967;1163;Coordenador (a) / Supervisor (a);Fiscal;cliente2967@empresa1163.com
2968;23;Gerente;Negócios Hospitalar;cliente2968@empresa23.com
2969;28;Coordenador (a) / Supervisor (a);Fiscal;cliente2969@empresa28.com
2970;34;Gerente;Comércio Exterior / Importação e Exportação;cliente2970@empresa34.com
2971;37;Analista;Comércio Exterior / Importação e Exportação;cliente2971@empresa37.com
2972;53;Analista;Fiscal;cliente2972@empresa53.com
2973;54;Gerente;Fiscal;cliente2973@empresa54.com
2974;882;Coordenador (a) / Supervisor (a);Fiscal;cliente2974@empresa882.com
2975;94;Contador (a);Controladoria;cliente2975@empresa94.com
2976;66;Coordenador (a) / Supervisor (a);Fiscal;cliente2976@empresa66.com
2977;70;Diretor (a) / Vice Presidente;Produtividade e Efetividade;cliente2977@empresa70.com
2978;76;Gerente;Fiscal;cliente2978@empresa76.com
2979;89;Analista;Fiscal;cliente2979@empresa89.com
2980;100;Coordenador (a) / Supervisor (a);Fiscal;cliente2980@empresa100.com
2981;106;Gerente;Comércio Exterior / Importação e Exportação;cliente2981@empresa106.com
2982;118;Analista;Comércio Exterior / Importação e Exportação;cliente2982@empresa118.com
2983;567;Gerente;Fiscal;cliente2983@empresa567.com
2984;584;Advogado (a);Comércio Exterior / Importação e Exportação;cliente2984@empresa584.com
2985;592;Gerente;Financeiro;cliente2985@empresa592.com
2986;256;Coordenador (a) / Supervisor (a);SAC;cliente2986@empresa256.com
2987;83;Coordenador (a) / Supervisor (a);Assuntos Regulatórios;cliente2987@empresa83.com
2988;121;Estagiário (a);Operações;cliente2988@empresa121.com
2989;19;Especialista;Farmacovigilância;cliente2989@empresa19.com
2990;610;Coordenador (a) / Supervisor (a);Farmacovigilância;cliente2990@empresa610.com
2991;811;Analista;Assuntos Regulatórios;cliente2991@empresa811.com
2992;69;Analista;Farmacovigilância;cliente2992@empresa69.com
2993;106;Analista;Farmacovigilância;cliente2993@empresa106.com
2994;96;Coordenador (a) / Supervisor (a);Farmacovigilância;cliente2994@empresa96.com
2995;129;Analista;Farmacovigilância;cliente2995@empresa129.com
2996;16;Coordenador (a) / Supervisor (a);Compliance;cliente2996@empresa16.com
2997;18;Diretor (a) / Vice Presidente;Compliance;cliente2997@empresa18.com
2998;92;Diretor (a) / Vice Presidente;Jurídico;cliente2998@empresa92.com
2999;23;Gerente;Compliance;cliente2999@empresa23.com
3000;28;Diretor (a) / Vice Presidente;Compliance;cliente3000@empresa28.com
3001;286;Analista;Compliance;cliente3001@empresa286.com
3002;37;Diretor (a) / Vice Presidente;Jurídico;cliente3002@empresa37.com
3003;42;Gerente;Jurídico;cliente3003@empresa42.com
3004;54;Gerente;Compliance;cliente3004@empresa54.com
3005;62;Gerente;Planejamento e Controladoria;cliente3005@empresa62.com
3006;100;Gerente;Compliance;cliente3006@empresa100.com
3007;501;Advogado (a);Compliance;cliente3007@empresa501.com
3008;120;Diretor (a) / Vice Presidente;Jurídico;cliente3008@empresa120.com
3009;567;Advogado (a);Compliance;cliente3009@empresa567.com
3010;582;Advogado (a);Compliance;cliente3010@empresa582.com
3011;128;Diretor (a) / Vice Presidente;Compliance;cliente3011@empresa128.com
3012;829;Gerente;Garantia / Controle de Qualidade;cliente3012@empresa829.com
3013;1044;Especialista;Pesquisa e Desenvolvimento;cliente3013@empresa1044.com
3014;863;Diretor (a) / Vice Presidente;Comercial / Vendas;cliente3014@empresa863.com
3015;1058;Gerente de Produto / Brand Manager;Comércio Exterior / Importação e Exportação;cliente3015@empresa1058.com
3016;1080;Gerente;Operações;cliente3016@empresa1080.com
3017;1019;Analista;Assuntos Corporativos;cliente3017@empresa1019.com
3018;1011;Gerente;Marketing;cliente3018@empresa1011.com
3019;656;Gerente;Operações;cliente3019@empresa656.com
3020;261;Analista;Administrativo;cliente3020@empresa261.com
3021;792;Gerente de Produto / Brand Manager;Comercial / Vendas;cliente3021@empresa792.com
3022;1018;Gerente;Operações;cliente3022@empresa1018.com
3023;911;Gerente;Garantia / Controle de Qualidade;cliente3023@empresa911.com
3024;1065;Gerente;Comercial / Vendas;cliente3024@empresa1065.com
3025;820;Especialista;Garantia / Controle de Qualidade;cliente3025@empresa820.com
3026;789;Vendedor (a) / Representante Comercial;Comercial / Vendas;cliente3026@empresa789.com
3027;44;Gerente;Garantia / Controle de Qualidade;cliente3027@empresa44.com
3028;671;Diretor (a) / Vice Presidente;Tecnologia da Informação;cliente3028@empresa671.com
3029;767;Gerente;Garantia / Controle de Qualidade;cliente3029@empresa767.com
3030;952;Gerente;Comércio Exterior / Importação e Exportação;cliente3030@empresa952.com
3031;344;Coordenador (a) / Supervisor (a);Garantia / Controle de Qualidade;cliente3031@empresa344.com
3032;1193;Sócio (a);Presidência;cliente3032@empresa1193.com
3033;912;Coordenador (a) / Supervisor (a);Garantia / Controle de Qualidade;cliente3033@empresa912.com
3034;350;Coordenador (a) / Supervisor (a);Logística / Materiais / Supply;cliente3034@empresa350.com
3035;794;Coordenador (a) / Supervisor (a);Garantia / Controle de Qualidade;cliente3035@empresa794.com
3036;1226;Coordenador (a) / Supervisor (a);Força de Vendas;cliente3036@empresa1226.com
3037;995;Coordenador (a) / Supervisor (a);Comercial / Vendas;cliente3037@empresa995.com
3038;814;Gerente;Novos Negócios;cliente3038@empresa814.com
3039;958;Gerente;Comercial / Vendas;cliente3039@empresa958.com
3040;62;Propagandista de Produtos Farmacêuticos;Comercial / Vendas;cliente3040@empresa62.com
3041;720;Diretor (a) / Vice Presidente;Financeiro;cliente3041@empresa720.com
3042;1147;Presidente;Presidência;cliente3042@empresa1147.com
3043;1199;Gerente;Projetos;cliente3043@empresa1199.com
3044;1214;Coordenador (a) / Supervisor (a);Financeiro;cliente3044@empresa1214.com
3045;1157;Coordenador (a) / Supervisor (a);Controladoria;cliente3045@empresa1157.com
3046;1073;Analista;Garantia / Controle de Qualidade;cliente3046@empresa1073.com
3047;614;Gerente;Recursos Humanos;cliente3047@empresa614.com
3048;733;Secretário (a);Assuntos Regulatórios;cliente3048@empresa733.com
3049;908;Coordenador (a) / Supervisor (a);Operações;cliente3049@empresa908.com
3050;622;Coordenador (a) / Supervisor (a);Técnico-Científico;cliente3050@empresa622.com
3051;700;Coordenador (a) / Supervisor (a);Assuntos Regulatórios;cliente3051@empresa700.com
3052;1090;Especialista;Assuntos Regulatórios;cliente3052@empresa1090.com
3053;986;Analista;Garantia / Controle de Qualidade;cliente3053@empresa986.com
3054;721;Diretor (a) / Vice Presidente;Comercial / Vendas;cliente3054@empresa721.com
3055;718;Gerente;Assuntos Regulatórios;cliente3055@empresa718.com
3056;296;Gerente;Garantia / Controle de Qualidade;cliente3056@empresa296.com
3057;1131;Diretor (a) / Vice Presidente;Comercial / Vendas;cliente3057@empresa1131.com
3058;898;Coordenador (a) / Supervisor (a);Marketing;cliente3058@empresa898.com
3059;1066;Sócio (a);Jurídico;cliente3059@empresa1066.com
3060;800;Coordenador (a) / Supervisor (a);Garantia / Controle de Qualidade;cliente3060@empresa800.com
3061;954;Farmacêutico (a) Responsável;Assuntos Regulatórios;cliente3061@empresa954.com
3062;1213;Farmacêutico (a) Responsável;Relações Governamentais / Institucionais;cliente3062@empresa1213.com
3063;716;Gerente;Validação;cliente3063@empresa716.com
3064;1218;Analista;Garantia / Controle de Qualidade;cliente3064@empresa1218.com
3065;923;Coordenador (a) / Supervisor (a);Garantia / Controle de Qualidade;cliente3065@empresa923.com
3066;659;Gerente;Novos Negócios;cliente3066@empresa659.com
3067;956;Gerente;Negócios Internacionais;cliente3067@empresa956.com
3068;684;Consultor (a);Produtividade e Efetividade;cliente3068@empresa684.com
3069;842;Consultor (a);Garantia / Controle de Qualidade;cliente3069@empresa842.com
3070;980;Diretor (a) / Vice Presidente;Administrativo;cliente3070@empresa980.com
3071;541;Coordenador (a) / Supervisor (a);Comercial / Vendas;cliente3071@empresa541.com
3072;1071;Coordenador (a) / Supervisor (a);Desenvolvimento de Produtos;cliente3072@empresa1071.com
3073;832;Gerente;Logística / Materiais / Supply;cliente3073@empresa832.com
3074;831;Coordenador (a) / Supervisor (a);Garantia / Controle de Qualidade;cliente3074@empresa831.com
3075;1125;Coordenador (a) / Supervisor (a);Marketing;cliente3075@empresa1125.com
3076;897;Diretor (a) / Vice Presidente;Comercial / Vendas;cliente3076@empresa897.com
3077;565;Sócio (a);Garantia / Controle de Qualidade;cliente3077@empresa565.com
3078;859;Gerente;Comércio Exterior / Importação e Exportação;cliente3078@empresa859.com
3079;673;Gerente;Comercial / Vendas;cliente3079@empresa673.com
3080;836;Diretor (a) / Vice Presidente;Comercial / Vendas;cliente3080@empresa836.com
3081;833;Diretor (a) / Vice Presidente;Logística / Materiais / Supply;cliente3081@empresa833.com
3082;1047;Presidente;Farmacovigilância;cliente3082@empresa1047.com
3083;708;Diretor (a) / Vice Presidente;Industrial / Produção;cliente3083@empresa708.com
3084;726;Sócio (a);Negócios Internacionais;cliente3084@empresa726.com
3085;883;Farmacêutico (a) Responsável;Assuntos Regulatórios;cliente3085@empresa883.com
3086;907;Coordenador (a) / Supervisor (a);Assuntos Regulatórios;cliente3086@empresa907.com
3087;5;Gerente;Garantia / Controle de Qualidade;cliente3087@empresa5.com
3088;6;Analista;Comercial / Vendas;cliente3088@empresa6.com
3089;8;Especialista;Desenvolvimento de Produtos;cliente3089@empresa8.com
3090;142;Analista;Tecnologia da Informação;cliente3090@empresa142.com
3091;16;Analista;Garantia / Controle de Qualidade;cliente3091@empresa16.com
3092;19;Analista;Compras / Suprimentos;cliente3092@empresa19.com
3093;22;Gerente;Logística / Materiais / Supply;cliente3093@empresa22.com
3094;649;Analista;Desenvolvimento Analítico;cliente3094@empresa649.com
3095;28;Analista;Garantia / Controle de Qualidade;cliente3095@empresa28.com
3096;29;Gerente;Garantia / Controle de Qualidade;cliente3096@empresa29.com
3097;286;Coordenador (a) / Supervisor (a);Desenvolvimento Analítico;cliente3097@empresa286.com
3098;34;Farmacêutico (a) Responsável;Logística / Materiais / Supply;cliente3098@empresa34.com
3099;40;Especialista;Logística / Materiais / Supply;cliente3099@empresa40.com
3100;41;Gerente;Engenharia;cliente3100@empresa41.com
3101;42;Gerente;Compras / Suprimentos;cliente3101@empresa42.com
3102;610;Gerente;Garantia / Controle de Qualidade;cliente3102@empresa610.com
3103;669;Analista;Garantia / Controle de Qualidade;cliente3103@empresa669.com
3104;49;Coordenador (a) / Supervisor (a);Garantia / Controle de Qualidade;cliente3104@empresa49.com
3105;52;Analista;Desenvolvimento Analítico;cliente3105@empresa52.com
3106;62;Especialista;Garantia / Controle de Qualidade;cliente3106@empresa62.com
3107;715;Analista;Garantia / Controle de Qualidade;cliente3107@empresa715.com
3108;749;Analista;Validação;cliente3108@empresa749.com
3109;390;Coordenador (a) / Supervisor (a);Boas Práticas de Manufatura;cliente3109@empresa390.com
3110;66;Analista;Garantia / Controle de Qualidade;cliente3110@empresa66.com
3111;69;Gerente;Projetos;cliente3111@empresa69.com
3112;73;Gerente;Compras / Suprimentos;cliente3112@empresa73.com
3113;670;Gerente;Pesquisa e Desenvolvimento;cliente3113@empresa670.com
3114;76;Gerente;Assuntos Regulatórios;cliente3114@empresa76.com
3115;81;Analista;Assuntos Regulatórios;cliente3115@empresa81.com
3116;88;Diretor (a) / Vice Presidente;Assuntos Regulatórios;cliente3116@empresa88.com
3117;100;Especialista;Pesquisa e Desenvolvimento;cliente3117@empresa100.com
3118;102;Especialista;Operações;cliente3118@empresa102.com
3119;799;Assistente / Assessor (a) / Auxiliar;Assuntos Regulatórios;cliente3119@empresa799.com
3120;111;Analista;Desenvolvimento de Produtos;cliente3120@empresa111.com
3121;114;Analista;Assuntos Regulatórios;cliente3121@empresa114.com
3122;501;Coordenador (a) / Supervisor (a);Garantia / Controle de Qualidade;cliente3122@empresa501.com
3123;96;Analista;Comércio Exterior / Importação e Exportação;cliente3123@empresa96.com
3124;790;Gerente;Desenvolvimento de Produtos;cliente3124@empresa790.com
3125;118;Especialista;Assuntos Regulatórios;cliente3125@empresa118.com
3126;1025;Analista;Garantia / Controle de Qualidade;cliente3126@empresa1025.com
3127;567;Analista;Garantia / Controle de Qualidade;cliente3127@empresa567.com
3128;50;Analista;Pesquisa e Desenvolvimento;cliente3128@empresa50.com
3129;582;Analista;Desenvolvimento de Produtos;cliente3129@empresa582.com
3130;708;Consultor (a);Demanda;cliente3130@empresa708.com
3131;689;Analista;Meio Ambiente;cliente3131@empresa689.com
3132;736;Analista;Garantia / Controle de Qualidade;cliente3132@empresa736.com
3133;5;Representante / Propagandista de Produtos Farmacêuticos;Comercial / Vendas;cliente3133@empresa5.com
3134;142;Gerente;Eventos;cliente3134@empresa142.com
3135;19;Gerente;Força de Vendas;cliente3135@empresa19.com
3136;23;Gerente;Eventos;cliente3136@empresa23.com
3137;26;Analista;Comercial / Vendas;cliente3137@empresa26.com
3138;28;Coordenador (a) / Supervisor (a);Inteligência de Mercado;cliente3138@empresa28.com
3139;37;Gerente;Eventos;cliente3139@empresa37.com
3140;42;Gerente;Comercial / Vendas;cliente3140@empresa42.com
3141;52;Coordenador (a) / Supervisor (a);Eventos;cliente3141@empresa52.com
3142;57;Analista;Marketing;cliente3142@empresa57.com
3143;62;Representante / Propagandista de Produtos Farmacêuticos;Força de Vendas;cliente3143@empresa62.com
3144;79;Coordenador (a) / Supervisor (a);Eventos;cliente3144@empresa79.com
3145;85;Gerente;Eventos;cliente3145@empresa85.com
3146;426;Gerente;Comercial / Vendas;cliente3146@empresa426.com
3147;457;Gerente;Médico;cliente3147@empresa457.com
3148;106;Gerente;Eventos;cliente3148@empresa106.com
3149;108;Analista;Marketing;cliente3149@empresa108.com
3150;114;Diretor (a) / Vice Presidente;Compliance;cliente3150@empresa114.com
3151;107;Diretor (a) / Vice Presidente;Business Support;cliente3151@empresa107.com
3152;96;Gerente;Comercial / Vendas;cliente3152@empresa96.com
3153;120;Analista;Compliance;cliente3153@empresa120.com
3154;689;Coordenador (a) / Supervisor (a);Eventos;cliente3154@empresa689.com
3155;9;Gerente;SAC;cliente3155@empresa9.com
3156;28;Analista;SAC;cliente3156@empresa28.com
3157;1145;Analista;Garantia / Controle de Qualidade;cliente3157@empresa1145.com
3158;612;Coordenador (a) / Supervisor (a);Assuntos Regulatórios;cliente3158@empresa612.com
3159;83;Coordenador (a) / Supervisor (a);SAC;cliente3159@empresa83.com
3160;100;Coordenador (a) / Supervisor (a);SAC;cliente3160@empresa100.com
3161;102;Coordenador (a) / Supervisor (a);SAC;cliente3161@empresa102.com
3162;108;Gerente;Assuntos Regulatórios;cliente3162@empresa108.com
3163;851;Coordenador (a) / Supervisor (a);SAC;cliente3163@empresa851.com
3164;909;Gerente;SAC;cliente3164@empresa909.com
3165;56;Diretor (a) / Vice Presidente;Administrativo;cliente3165@empresa56.com
3166;23;Consultor (a);Recursos Humanos;cliente3166@empresa23.com
3167;612;Especialista;Recursos Humanos;cliente3167@empresa612.com
3168;120;Gerente;Recursos Humanos;cliente3168@empresa120.com
3169;48;Gerente;Recursos Humanos;cliente3169@empresa48.com
3170;62;Especialista;Recursos Humanos;cliente3170@empresa62.com
3171;72;Coordenador (a) / Supervisor (a);Recursos Humanos;cliente3171@empresa72.com
3172;8;Advogado (a);Jurídico;cliente3172@empresa8.com
3173;142;Advogado (a);Jurídico;cliente3173@empresa142.com
3174;13;Coordenador (a) / Supervisor (a);Jurídico;cliente3174@empresa13.com
3175;1220;Advogado (a);Jurídico;cliente3175@empresa1220.com
3176;29;Diretor (a) / Vice Presidente;Jurídico;cliente3176@empresa29.com
3177;54;Especialista;Jurídico;cliente3177@empresa54.com
3178;67;Advogado (a);Jurídico;cliente3178@empresa67.com
3179;76;Gerente;Jurídico;cliente3179@empresa76.com
3180;582;Coordenador (a) / Supervisor (a);Jurídico;cliente3180@empresa582.com
3181;143;Advogado (a);Jurídico;cliente3181@empresa143.com
3182;6;Gerente;Farmacovigilância;cliente3182@empresa6.com
3183;11;Coordenador (a) / Supervisor (a);Farmacovigilância;cliente3183@empresa11.com
3184;92;Farmacêutico (a) Responsável;Farmacovigilância;cliente3184@empresa92.com
3185;1163;Farmacêutico (a) Responsável;Farmacovigilância;cliente3185@empresa1163.com
3186;336;Analista;Farmacovigilância;cliente3186@empresa336.com
3187;70;Analista;Farmacovigilância;cliente3187@empresa70.com
3188;76;Analista;Farmacovigilância;cliente3188@empresa76.com
3189;100;Gerente;Farmacovigilância;cliente3189@empresa100.com
3190;790;Analista;Farmacovigilância;cliente3190@empresa790.com
3191;601;Analista;Farmacovigilância;cliente3191@empresa601.com
3192;141;Analista;Recursos Humanos;cliente3192@empresa141.com
3193;8;Gerente;Engenharia;cliente3193@empresa8.com
3194;12;Gerente;Jurídico;cliente3194@empresa12.com
3195;92;Coordenador (a) / Supervisor (a);Meio Ambiente;cliente3195@empresa92.com
3196;1163;Diretor (a) / Vice Presidente;Assuntos Corporativos;cliente3196@empresa1163.com
3197;22;Gerente;Meio Ambiente;cliente3197@empresa22.com
3198;28;Diretor (a) / Vice Presidente;Comunicação;cliente3198@empresa28.com
3199;658;Coordenador (a) / Supervisor (a);Meio Ambiente;cliente3199@empresa658.com
3200;37;Gerente;Relações Governamentais / Institucionais;cliente3200@empresa37.com
3201;47;Advogado (a);Jurídico;cliente3201@empresa47.com
3202;48;Analista;Recursos Humanos;cliente3202@empresa48.com
3203;52;Coordenador (a) / Supervisor (a);Meio Ambiente;cliente3203@empresa52.com
3204;60;Gerente;Marketing;cliente3204@empresa60.com
3205;62;Gerente;Meio Ambiente;cliente3205@empresa62.com
3206;65;Gerente;Engenharia;cliente3206@empresa65.com
3207;67;Coordenador (a) / Supervisor (a);Meio Ambiente;cliente3207@empresa67.com
3208;69;Gerente;Assuntos Corporativos;cliente3208@empresa69.com
3209;1121;Analista;Garantia / Controle de Qualidade;cliente3209@empresa1121.com
3210;88;Diretor (a) / Vice Presidente;Garantia / Controle de Qualidade;cliente3210@empresa88.com
3211;633;Coordenador (a) / Supervisor (a);Meio Ambiente;cliente3211@empresa633.com
3212;111;Analista;Meio Ambiente;cliente3212@empresa111.com
3213;501;Gerente;Meio Ambiente;cliente3213@empresa501.com
3214;107;Gerente;Meio Ambiente;cliente3214@empresa107.com
3215;96;Gerente;Assuntos Corporativos;cliente3215@empresa96.com
3216;1072;Técnico;Garantia / Controle de Qualidade;cliente3216@empresa1072.com
3217;1085;Gerente;Garantia / Controle de Qualidade;cliente3217@empresa1085.com
3218;584;Gerente;Engenharia;cliente3218@empresa584.com
3219;582;Coordenador (a) / Supervisor (a);Meio Ambiente;cliente3219@empresa582.com
3220;128;Gerente;Comunicação;cliente3220@empresa128.com
3221;131;Engenheiro (a);Meio Ambiente;cliente3221@empresa131.com
3222;8;Coordenador (a) / Supervisor (a);Jurídico;cliente3222@empresa8.com
3223;23;Gerente;Jurídico;cliente3223@empresa23.com
3224;54;Gerente;Jurídico;cliente3224@empresa54.com
3225;107;Diretor (a) / Vice Presidente;Jurídico;cliente3225@empresa107.com
3226;584;Advogado (a);Jurídico;cliente3226@empresa584.com
3227;909;Gerente;Jurídico;cliente3227@empresa909.com
3228;582;Coordenador (a) / Supervisor (a);Jurídico;cliente3228@empresa582.com
3229;592;Coordenador (a) / Supervisor (a);Jurídico;cliente3229@empresa592.com
3230;142;Gerente;Recursos Humanos;cliente3230@empresa142.com
3231;47;Coordenador (a) / Supervisor (a);Treinamento de Força de Vendas;cliente3231@empresa47.com
3232;661;Especialista;Recursos Humanos;cliente3232@empresa661.com
3233;909;Coordenador (a) / Supervisor (a);Administrativo;cliente3233@empresa909.com
3234;142;Presidente;Presidência;cliente3234@empresa142.com
3235;18;Gerente;Acesso;cliente3235@empresa18.com
3236;22;Gerente;Relações Governamentais / Institucionais;cliente3236@empresa22.com
3237;23;Gerente;Relações Governamentais / Institucionais;cliente3237@empresa23.com
3238;649;Advogado (a);Jurídico;cliente3238@empresa649.com
3239;28;Presidente;Administrativo;cliente3239@empresa28.com
3240;42;Presidente;Administrativo;cliente3240@empresa42.com
3241;610;Gerente;Novos Negócios;cliente3241@empresa610.com
3242;715;Presidente;Administrativo;cliente3242@empresa715.com
3243;65;Diretor (a) / Vice Presidente;Presidência;cliente3243@empresa65.com
3244;67;Gerente;Acesso;cliente3244@empresa67.com
3245;69;Gerente;Engenharia;cliente3245@empresa69.com
3246;426;Presidente;Administrativo;cliente3246@empresa426.com
3247;86;Presidente;Presidência;cliente3247@empresa86.com
3248;59;Gerente;Assuntos Corporativos;cliente3248@empresa59.com
3249;102;Gerente;Controladoria;cliente3249@empresa102.com
3250;106;Especialista;Acesso;cliente3250@empresa106.com
3251;108;Presidente;Presidência;cliente3251@empresa108.com
3252;123;Diretor (a) / Vice Presidente;Financeiro;cliente3252@empresa123.com
3253;114;Gerente;Planejamento e Controladoria;cliente3253@empresa114.com
3254;505;Presidente;Presidência;cliente3254@empresa505.com
3255;144;Gerente;Financeiro;cliente3255@empresa144.com
3256;790;Presidente;Presidência;cliente3256@empresa790.com
3257;884;Diretor (a) / Vice Presidente;Comercial / Vendas;cliente3257@empresa884.com
3258;782;Presidente;Presidência;cliente3258@empresa782.com
3259;121;Presidente;Presidência;cliente3259@empresa121.com
3260;127;Assistente / Assessor (a) / Auxiliar;Presidência;cliente3260@empresa127.com
3261;128;Presidente;Assuntos Corporativos;cliente3261@empresa128.com
3262;143;Presidente;Presidência;cliente3262@empresa143.com
3263;6;Analista;Assuntos Regulatórios;cliente3263@empresa6.com
3264;215;Especialista;Assuntos Regulatórios;cliente3264@empresa215.com
3265;8;Coordenador (a) / Supervisor (a);Assuntos Regulatórios;cliente3265@empresa8.com
3266;142;Diretor (a) / Vice Presidente;Assuntos Regulatórios;cliente3266@empresa142.com
3267;12;Especialista;Inovação;cliente3267@empresa12.com
3268;21;Gerente;Assuntos Regulatórios;cliente3268@empresa21.com
3269;23;Gerente;Assuntos Corporativos;cliente3269@empresa23.com
3270;1220;Analista;Assuntos Regulatórios;cliente3270@empresa1220.com
3271;29;Diretor (a) / Vice Presidente;Assuntos Regulatórios;cliente3271@empresa29.com
3272;34;Analista;Assuntos Regulatórios;cliente3272@empresa34.com
3273;37;Especialista;Assuntos Regulatórios;cliente3273@empresa37.com
3274;42;Analista;Assuntos Regulatórios;cliente3274@empresa42.com
3275;48;Coordenador (a) / Supervisor (a);Boas Práticas de Manufatura;cliente3275@empresa48.com
3276;49;Analista;Assuntos Regulatórios;cliente3276@empresa49.com
3277;52;Assistente / Assessor (a) / Auxiliar;Garantia / Controle de Qualidade;cliente3277@empresa52.com
3278;54;Gerente;Assuntos Regulatórios;cliente3278@empresa54.com
3279;57;Diretor (a) / Vice Presidente;Assuntos Regulatórios;cliente3279@empresa57.com
3280;811;Analista;Assuntos Regulatórios;cliente3280@empresa811.com
3281;60;Especialista;Pesquisa e Desenvolvimento;cliente3281@empresa60.com
3282;63;Farmacêutico (a) Responsável;Assuntos Regulatórios;cliente3282@empresa63.com
3283;749;Coordenador (a) / Supervisor (a);Assuntos Regulatórios;cliente3283@empresa749.com
3284;882;Coordenador (a) / Supervisor (a);Garantia / Controle de Qualidade;cliente3284@empresa882.com
3285;66;Analista;Assuntos Regulatórios;cliente3285@empresa66.com
3286;68;Analista;Assuntos Regulatórios;cliente3286@empresa68.com
3287;670;Especialista;Assuntos Regulatórios;cliente3287@empresa670.com
3288;77;Gerente;Assuntos Regulatórios;cliente3288@empresa77.com
3289;1207;Estagiário (a);Assuntos Regulatórios;cliente3289@empresa1207.com
3290;88;Especialista;Assuntos Regulatórios;cliente3290@empresa88.com
3291;1244;Coordenador (a) / Supervisor (a);Assuntos Regulatórios;cliente3291@empresa1244.com
3292;100;Especialista;Assuntos Regulatórios;cliente3292@empresa100.com
3293;633;Analista;Garantia / Controle de Qualidade;cliente3293@empresa633.com
3294;106;Gerente;Assuntos Regulatórios;cliente3294@empresa106.com
3295;123;Analista;Assuntos Regulatórios;cliente3295@empresa123.com
3296;111;Analista;Assuntos Regulatórios;cliente3296@empresa111.com
3297;112;Assistente / Assessor (a) / Auxiliar;Garantia / Controle de Qualidade;cliente3297@empresa112.com
3298;116;Especialista;Assuntos Regulatórios;cliente3298@empresa116.com
3299;96;Coordenador (a) / Supervisor (a);Assuntos Regulatórios;cliente3299@empresa96.com
3300;541;Coordenador (a) / Supervisor (a);Assuntos Regulatórios;cliente3300@empresa541.com
3301;118;Analista;Assuntos Regulatórios;cliente3301@empresa118.com
3302;121;Analista;Assuntos Regulatórios;cliente3302@empresa121.com
3303;122;Analista;Assuntos Regulatórios;cliente3303@empresa122.com
3304;567;Especialista;Assuntos Regulatórios;cliente3304@empresa567.com
3305;582;Especialista;Assuntos Regulatórios;cliente3305@empresa582.com
3306;1148;Analista;Assuntos Regulatórios;cliente3306@empresa1148.com
3307;708;Gerente;Desenvolvimento Analítico;cliente3307@empresa708.com
3308;5;Gerente;Assuntos Regulatórios;cliente3308@empresa5.com
3309;215;Gerente;Financeiro;cliente3309@empresa215.com
3310;8;Estagiário (a);Assuntos Regulatórios;cliente3310@empresa8.com
3311;19;Gerente;Assuntos Regulatórios;cliente3311@empresa19.com
3312;22;Gerente;Assuntos Regulatórios;cliente3312@empresa22.com
3313;23;Coordenador (a) / Supervisor (a);Assuntos Regulatórios;cliente3313@empresa23.com
3314;26;Coordenador (a) / Supervisor (a);Assuntos Regulatórios;cliente3314@empresa26.com
3315;286;Especialista;Assuntos Regulatórios;cliente3315@empresa286.com
3316;42;Gerente;Assuntos Regulatórios;cliente3316@empresa42.com
3317;49;Analista;Assuntos Regulatórios;cliente3317@empresa49.com
3318;62;Diretor (a) / Vice Presidente;Assuntos Regulatórios;cliente3318@empresa62.com
3319;77;Gerente;Assuntos Regulatórios;cliente3319@empresa77.com
3320;1108;Coordenador (a) / Supervisor (a);Novos Negócios;cliente3320@empresa1108.com
3321;81;Analista;Assuntos Regulatórios;cliente3321@empresa81.com
3322;661;Farmacêutico (a) Responsável;Assuntos Regulatórios;cliente3322@empresa661.com
3323;59;Gerente;Assuntos Regulatórios;cliente3323@empresa59.com
3324;633;Especialista;Assuntos Regulatórios;cliente3324@empresa633.com
3325;737;Diretor (a) / Vice Presidente;Assuntos Regulatórios;cliente3325@empresa737.com
3326;567;Diretor (a) / Vice Presidente;Assuntos Regulatórios;cliente3326@empresa567.com
3327;708;Coordenador (a) / Supervisor (a);Boas Práticas de Laboratórios;cliente3327@empresa708.com
3328;54;Coordenador (a) / Supervisor (a);Farmacovigilância;cliente3328@empresa54.com
3329;63;Farmacêutico (a) Responsável;Farmacovigilância;cliente3329@empresa63.com
3330;1244;Gerente;Farmacovigilância;cliente3330@empresa1244.com
3331;737;Analista;Farmacovigilância;cliente3331@empresa737.com
3332;112;Analista;Farmacovigilância;cliente3332@empresa112.com
3333;567;Gerente;Farmacovigilância;cliente3333@empresa567.com
3334;132;Coordenador (a) / Supervisor (a);Farmacovigilância;cliente3334@empresa132.com
3335;8;Coordenador (a) / Supervisor (a);Recursos Humanos;cliente3335@empresa8.com
3336;23;Assistente / Assessor (a) / Auxiliar;Recursos Humanos;cliente3336@empresa23.com
3337;28;Coordenador (a) / Supervisor (a);Recursos Humanos;cliente3337@empresa28.com
3338;60;Coordenador (a) / Supervisor (a);Recursos Humanos;cliente3338@empresa60.com
3339;88;Analista;Recursos Humanos;cliente3339@empresa88.com
3340;100;Analista;Recursos Humanos;cliente3340@empresa100.com
3341;5;Coordenador (a) / Supervisor (a);Assuntos Regulatórios;cliente3341@empresa5.com
3342;6;Gerente;Assuntos Regulatórios;cliente3342@empresa6.com
3343;234;Analista;Assuntos Regulatórios;cliente3343@empresa234.com
3344;92;Coordenador (a) / Supervisor (a);Assuntos Regulatórios;cliente3344@empresa92.com
3345;336;Gerente;Assuntos Regulatórios;cliente3345@empresa336.com
3346;52;Gerente;Assuntos Regulatórios;cliente3346@empresa52.com
3347;100;Analista;Assuntos Regulatórios;cliente3347@empresa100.com
3348;475;Especialista;Assuntos Regulatórios;cliente3348@empresa475.com
3349;114;Analista;Pesquisa Clínica;cliente3349@empresa114.com
3350;8;Coordenador (a) / Supervisor (a);Comunicação;cliente3350@empresa8.com
3351;28;Coordenador (a) / Supervisor (a);Comunicação;cliente3351@empresa28.com
3352;54;Coordenador (a) / Supervisor (a);Comunicação;cliente3352@empresa54.com
3353;60;Gerente;Marketing;cliente3353@empresa60.com
3354;62;Gerente;Comunicação;cliente3354@empresa62.com
3355;66;Analista;Recursos Humanos;cliente3355@empresa66.com
3356;69;Diretor (a) / Vice Presidente;Comunicação;cliente3356@empresa69.com
3357;75;Diretor (a) / Vice Presidente;Assuntos Corporativos;cliente3357@empresa75.com
3358;661;Analista;Comunicação;cliente3358@empresa661.com
3359;612;Analista;Recursos Humanos;cliente3359@empresa612.com
3360;85;Analista;Comunicação;cliente3360@empresa85.com
3361;59;Gerente;Comunicação;cliente3361@empresa59.com
3362;106;Gerente;Comunicação;cliente3362@empresa106.com
3363;108;Gerente;Recursos Humanos;cliente3363@empresa108.com
3364;501;Gerente;Comunicação;cliente3364@empresa501.com
3365;107;Gerente;Comunicação;cliente3365@empresa107.com
3366;120;Gerente;Comunicação;cliente3366@empresa120.com
3367;909;Analista;Recursos Humanos;cliente3367@empresa909.com
3368;141;Assistente / Assessor (a) / Auxiliar;Comunicação;cliente3368@empresa141.com
3369;34;Coordenador (a) / Supervisor (a);Farmacovigilância;cliente3369@empresa34.com
3370;57;Analista;Farmacovigilância;cliente3370@empresa57.com
3371;62;Analista;Farmacovigilância;cliente3371@empresa62.com
3372;94;Analista;Farmacovigilância;cliente3372@empresa94.com
3373;100;Analista;Farmacovigilância;cliente3373@empresa100.com
3374;215;Coordenador (a) / Supervisor (a);Validação;cliente3374@empresa215.com
3375;8;Coordenador (a) / Supervisor (a);Garantia / Controle de Qualidade;cliente3375@empresa8.com
3376;142;Coordenador (a) / Supervisor (a);Garantia / Controle de Qualidade;cliente3376@empresa142.com
3377;234;Gerente;Garantia / Controle de Qualidade;cliente3377@empresa234.com
3378;12;Analista;Garantia / Controle de Qualidade;cliente3378@empresa12.com
3379;16;Analista;Validação;cliente3379@empresa16.com
3380;21;Coordenador (a) / Supervisor (a);Garantia / Controle de Qualidade;cliente3380@empresa21.com
3381;92;Farmacêutico (a) Responsável;Logística / Materiais / Supply;cliente3381@empresa92.com
3382;33;Analista;Garantia / Controle de Qualidade;cliente3382@empresa33.com
3383;22;Gerente;Garantia / Controle de Qualidade;cliente3383@empresa22.com
3384;23;Coordenador (a) / Supervisor (a);Garantia / Controle de Qualidade;cliente3384@empresa23.com
3385;1190;Diretor (a) / Vice Presidente;Assuntos Regulatórios;cliente3385@empresa1190.com
3386;1220;Coordenador (a) / Supervisor (a);Garantia / Controle de Qualidade;cliente3386@empresa1220.com
3387;28;Coordenador (a) / Supervisor (a);Garantia / Controle de Qualidade;cliente3387@empresa28.com
3388;37;Analista;Garantia / Controle de Qualidade;cliente3388@empresa37.com
3389;610;Coordenador (a) / Supervisor (a);Garantia / Controle de Qualidade;cliente3389@empresa610.com
3390;44;Gerente;Garantia / Controle de Qualidade;cliente3390@empresa44.com
3391;47;Gerente;Garantia / Controle de Qualidade;cliente3391@empresa47.com
3392;48;Gerente;Garantia / Controle de Qualidade;cliente3392@empresa48.com
3393;1208;Farmacêutico (a) Responsável;Garantia / Controle de Qualidade;cliente3393@empresa1208.com
3394;54;Especialista;Garantia / Controle de Qualidade;cliente3394@empresa54.com
3395;822;Coordenador (a) / Supervisor (a);Validação;cliente3395@empresa822.com
3396;793;Analista;Garantia / Controle de Qualidade;cliente3396@empresa793.com
3397;57;Farmacêutico (a) Responsável;Garantia / Controle de Qualidade;cliente3397@empresa57.com
3398;60;Analista;Garantia / Controle de Qualidade;cliente3398@empresa60.com
3399;62;Gerente;Garantia / Controle de Qualidade;cliente3399@empresa62.com
3400;715;Gerente;Garantia / Controle de Qualidade;cliente3400@empresa715.com
3401;749;Analista;Validação;cliente3401@empresa749.com
3402;94;Gerente;Logística / Materiais / Supply;cliente3402@empresa94.com
3403;67;Coordenador (a) / Supervisor (a);Garantia / Controle de Qualidade;cliente3403@empresa67.com
3404;70;Gerente;Garantia / Controle de Qualidade;cliente3404@empresa70.com
3405;76;Gerente;Logística / Materiais / Supply;cliente3405@empresa76.com
3406;612;Farmacêutico (a) Responsável;Logística / Materiais / Supply;cliente3406@empresa612.com
3407;426;Especialista;Garantia / Controle de Qualidade;cliente3407@empresa426.com
3408;1032;Farmacêutico (a) Responsável;Garantia / Controle de Qualidade;cliente3408@empresa1032.com
3409;89;Analista;Garantia / Controle de Qualidade;cliente3409@empresa89.com
3410;1244;Analista;Garantia / Controle de Qualidade;cliente3410@empresa1244.com
3411;777;Analista;Garantia / Controle de Qualidade;cliente3411@empresa777.com
3412;454;Analista;Garantia / Controle de Qualidade;cliente3412@empresa454.com
3413;100;Analista;Validação;cliente3413@empresa100.com
3414;633;Analista;Garantia / Controle de Qualidade;cliente3414@empresa633.com
3415;106;Gerente;Logística / Materiais / Supply;cliente3415@empresa106.com
3416;108;Analista;Garantia / Controle de Qualidade;cliente3416@empresa108.com
3417;123;Analista;Logística / Materiais / Supply;cliente3417@empresa123.com
3418;1228;Analista;Garantia / Controle de Qualidade;cliente3418@empresa1228.com
3419;1089;Analista;Garantia / Controle de Qualidade;cliente3419@empresa1089.com
3420;112;Gerente;Garantia / Controle de Qualidade;cliente3420@empresa112.com
3421;114;Gerente;Garantia / Controle de Qualidade;cliente3421@empresa114.com
3422;1195;Coordenador (a) / Supervisor (a);Logística / Materiais / Supply;cliente3422@empresa1195.com
3423;117;Diretor (a) / Vice Presidente;Garantia / Controle de Qualidade;cliente3423@empresa117.com
3424;940;Diretor (a) / Vice Presidente;Logística / Materiais / Supply;cliente3424@empresa940.com
3425;96;Gerente;Garantia / Controle de Qualidade;cliente3425@empresa96.com
3426;538;Gerente;Garantia / Controle de Qualidade;cliente3426@empresa538.com
3427;541;Analista;Garantia / Controle de Qualidade;cliente3427@empresa541.com
3428;1085;Farmacêutico (a) Responsável;SAC;cliente3428@empresa1085.com
3429;118;Gerente;Garantia / Controle de Qualidade;cliente3429@empresa118.com
3430;120;Coordenador (a) / Supervisor (a);Logística / Materiais / Supply;cliente3430@empresa120.com
3431;121;Farmacêutico (a) Responsável;Garantia / Controle de Qualidade;cliente3431@empresa121.com
3432;584;Farmacêutico (a) Responsável;Garantia / Controle de Qualidade;cliente3432@empresa584.com
3433;582;Coordenador (a) / Supervisor (a);Validação;cliente3433@empresa582.com
3434;129;Especialista;Validação;cliente3434@empresa129.com
3435;592;Farmacêutico (a) Responsável;Garantia / Controle de Qualidade;cliente3435@empresa592.com
3436;689;Consultor (a);Garantia / Controle de Qualidade;cliente3436@empresa689.com
3437;966;Analista;Garantia / Controle de Qualidade;cliente3437@empresa966.com
3438;601;Coordenador (a) / Supervisor (a);Garantia / Controle de Qualidade;cliente3438@empresa601.com
3439;141;Farmacêutico (a) Responsável;Garantia / Controle de Qualidade;cliente3439@empresa141.com
3440;143;Coordenador (a) / Supervisor (a);Validação;cliente3440@empresa143.com
3441;64;Farmacêutico (a) Responsável;SAC;cliente3441@empresa64.com
3442;649;Farmacêutico (a) Responsável;Farmacovigilância;cliente3442@empresa649.com
3443;62;Analista;Farmacovigilância;cliente3443@empresa62.com
3444;715;Analista;Farmacovigilância;cliente3444@empresa715.com
3445;114;Coordenador (a) / Supervisor (a);Farmacovigilância;cliente3445@empresa114.com
3446;501;Analista;Farmacovigilância;cliente3446@empresa501.com
3447;96;Gerente;Farmacovigilância;cliente3447@empresa96.com
3448;909;Estagiário (a);Farmacovigilância;cliente3448@empresa909.com
3449;9;Gerente;Assuntos Corporativos;cliente3449@empresa9.com
3450;16;Gerente;Meio Ambiente;cliente3450@empresa16.com
3451;19;Coordenador (a) / Supervisor (a);Meio Ambiente;cliente3451@empresa19.com
3452;21;Assistente / Assessor (a) / Auxiliar;Garantia / Controle de Qualidade;cliente3452@empresa21.com
3453;23;Gerente;Assuntos Corporativos;cliente3453@empresa23.com
3454;34;Especialista;Meio Ambiente;cliente3454@empresa34.com
3455;40;Coordenador (a) / Supervisor (a);Meio Ambiente;cliente3455@empresa40.com
3456;42;Coordenador (a) / Supervisor (a);Segurança do Trabalho;cliente3456@empresa42.com
3457;610;Coordenador (a) / Supervisor (a);Meio Ambiente;cliente3457@empresa610.com
3458;47;Técnico;Segurança do Trabalho;cliente3458@empresa47.com
3459;54;Coordenador (a) / Supervisor (a);Segurança do Trabalho;cliente3459@empresa54.com
3460;60;Coordenador (a) / Supervisor (a);Meio Ambiente;cliente3460@empresa60.com
3461;65;Analista;Meio Ambiente;cliente3461@empresa65.com
3462;390;Gerente;Meio Ambiente;cliente3462@empresa390.com
3463;612;Coordenador (a) / Supervisor (a);Meio Ambiente;cliente3463@empresa612.com
3464;88;Gerente;Segurança do Trabalho;cliente3464@empresa88.com
3465;59;Analista;Meio Ambiente;cliente3465@empresa59.com
3466;102;Advogado (a);Jurídico;cliente3466@empresa102.com
3467;106;Gerente;Meio Ambiente;cliente3467@empresa106.com
3468;111;Coordenador (a) / Supervisor (a);Segurança do Trabalho;cliente3468@empresa111.com
3469;112;Gerente;Segurança do Trabalho;cliente3469@empresa112.com
3470;114;Gerente;Segurança do Trabalho;cliente3470@empresa114.com
3471;790;Analista;Meio Ambiente;cliente3471@empresa790.com
3472;541;Gerente;Segurança do Trabalho;cliente3472@empresa541.com
3473;1085;Assistente / Assessor (a) / Auxiliar;Meio Ambiente;cliente3473@empresa1085.com
3474;121;Coordenador (a) / Supervisor (a);Logística / Materiais / Supply;cliente3474@empresa121.com
3475;909;Coordenador (a) / Supervisor (a);Recursos Humanos;cliente3475@empresa909.com
3476;5;Analista;Garantia / Controle de Qualidade;cliente3476@empresa5.com
3477;16;Analista;Garantia / Controle de Qualidade;cliente3477@empresa16.com
3478;17;Coordenador (a) / Supervisor (a);Garantia / Controle de Qualidade;cliente3478@empresa17.com
3479;92;Coordenador (a) / Supervisor (a);Garantia / Controle de Qualidade;cliente3479@empresa92.com
3480;93;Analista;Garantia / Controle de Qualidade;cliente3480@empresa93.com
3481;286;Gerente;Garantia / Controle de Qualidade;cliente3481@empresa286.com
3482;41;Analista;Garantia / Controle de Qualidade;cliente3482@empresa41.com
3483;610;Coordenador (a) / Supervisor (a);Garantia / Controle de Qualidade;cliente3483@empresa610.com
3484;48;Analista;Garantia / Controle de Qualidade;cliente3484@empresa48.com
3485;769;Analista;Garantia / Controle de Qualidade;cliente3485@empresa769.com
3486;49;Gerente;Garantia / Controle de Qualidade;cliente3486@empresa49.com
3487;60;Farmacêutico (a) Responsável;Garantia / Controle de Qualidade;cliente3487@empresa60.com
3488;1223;Farmacêutico (a) Responsável;SAC;cliente3488@empresa1223.com
3489;882;Farmacêutico (a) Responsável;Garantia / Controle de Qualidade;cliente3489@empresa882.com
3490;390;Coordenador (a) / Supervisor (a);Garantia / Controle de Qualidade;cliente3490@empresa390.com
3491;66;Assistente / Assessor (a) / Auxiliar;Garantia / Controle de Qualidade;cliente3491@empresa66.com
3492;69;Analista;Garantia / Controle de Qualidade;cliente3492@empresa69.com
3493;80;Analista;Garantia / Controle de Qualidade;cliente3493@empresa80.com
3494;24;Especialista;Garantia / Controle de Qualidade;cliente3494@empresa24.com
3495;1244;Gerente;Garantia / Controle de Qualidade;cliente3495@empresa1244.com
3496;100;Gerente;Operações;cliente3496@empresa100.com
3497;114;Gerente;Garantia / Controle de Qualidade;cliente3497@empresa114.com
3498;851;Coordenador (a) / Supervisor (a);Garantia / Controle de Qualidade;cliente3498@empresa851.com
3499;1195;Gerente;Garantia / Controle de Qualidade;cliente3499@empresa1195.com
3500;117;Assistente / Assessor (a) / Auxiliar;SAC;cliente3500@empresa117.com
3501;96;Gerente;Operações;cliente3501@empresa96.com
3502;121;Coordenador (a) / Supervisor (a);Garantia / Controle de Qualidade;cliente3502@empresa121.com
3503;256;Coordenador (a) / Supervisor (a);Farmacovigilância;cliente3503@empresa256.com
3504;610;Especialista;Farmacovigilância;cliente3504@empresa610.com
3505;52;Coordenador (a) / Supervisor (a);Farmacovigilância;cliente3505@empresa52.com
3506;60;Especialista;Farmacovigilância;cliente3506@empresa60.com
3507;1207;Gerente;Farmacovigilância;cliente3507@empresa1207.com
3508;114;Diretor (a) / Vice Presidente;Farmacovigilância;cliente3508@empresa114.com
3509;141;Coordenador (a) / Supervisor (a);Farmacovigilância;cliente3509@empresa141.com
3510;66;Especialista;Recursos Humanos;cliente3510@empresa66.com
3511;661;Especialista;Recursos Humanos;cliente3511@empresa661.com
3512;612;Coordenador (a) / Supervisor (a);Recursos Humanos;cliente3512@empresa612.com
3513;96;Gerente;Recursos Humanos;cliente3513@empresa96.com
3514;120;Gerente;Recursos Humanos;cliente3514@empresa120.com
3515;130;Consultor (a);Recursos Humanos;cliente3515@empresa130.com
3516;8;Coordenador (a) / Supervisor (a);Jurídico;cliente3516@empresa8.com
3517;23;Coordenador (a) / Supervisor (a);Jurídico;cliente3517@empresa23.com
3518;67;Advogado (a);Jurídico;cliente3518@empresa67.com
3519;118;Coordenador (a) / Supervisor (a);Jurídico;cliente3519@empresa118.com
3520;567;Advogado (a);Jurídico;cliente3520@empresa567.com
3521;54;Coordenador (a) / Supervisor (a);Recursos Humanos;cliente3521@empresa54.com
3522;1145;Gerente;Recursos Humanos;cliente3522@empresa1145.com
3523;60;Analista;Recursos Humanos;cliente3523@empresa60.com
3524;62;Analista;Recursos Humanos;cliente3524@empresa62.com
3525;50;Presidente;Administrativo;cliente3525@empresa50.com
3526;582;Analista;Recursos Humanos;cliente3526@empresa582.com
3527;132;Analista;Recursos Humanos;cliente3527@empresa132.com
3528;708;Gerente;Recursos Humanos;cliente3528@empresa708.com
3529;34;Gerente;Recursos Humanos;cliente3529@empresa34.com
3530;111;Gerente;Recursos Humanos;cliente3530@empresa111.com
3531;112;Coordenador (a) / Supervisor (a);Recursos Humanos;cliente3531@empresa112.com
3532;1165;Especialista;Recursos Humanos;cliente3532@empresa1165.com
3533;120;Consultor (a);Recursos Humanos;cliente3533@empresa120.com
3534;121;Gerente;Recursos Humanos;cliente3534@empresa121.com
3535;128;Gerente;Recursos Humanos;cliente3535@empresa128.com
3536;130;Coordenador (a) / Supervisor (a);Recursos Humanos;cliente3536@empresa130.com
3537;769;Coordenador (a) / Supervisor (a);Farmacovigilância;cliente3537@empresa769.com
3538;62;Analista;Farmacovigilância;cliente3538@empresa62.com
3539;76;Analista;Farmacovigilância;cliente3539@empresa76.com
3540;89;Analista;Farmacovigilância;cliente3540@empresa89.com
3541;1244;Analista;Farmacovigilância;cliente3541@empresa1244.com
3542;633;Analista;Garantia / Controle de Qualidade;cliente3542@empresa633.com
3543;548;Estagiário (a);Assuntos Regulatórios;cliente3543@empresa548.com
3544;118;Analista;Farmacovigilância;cliente3544@empresa118.com
3545;120;Gerente;Farmacovigilância;cliente3545@empresa120.com
3546;5;Especialista;Fiscal;cliente3546@empresa5.com
3547;215;Analista;Fiscal;cliente3547@empresa215.com
3548;19;Gerente;Fiscal;cliente3548@empresa19.com
3549;23;Analista;Fiscal;cliente3549@empresa23.com
3550;286;Coordenador (a) / Supervisor (a);Fiscal;cliente3550@empresa286.com
3551;52;Gerente;Fiscal;cliente3551@empresa52.com
3552;67;Contador (a);Contabilidade;cliente3552@empresa67.com
3553;69;Analista;Fiscal;cliente3553@empresa69.com
3554;73;Analista;Fiscal;cliente3554@empresa73.com
3555;77;Coordenador (a) / Supervisor (a);Fiscal;cliente3555@empresa77.com
3556;612;Gerente;Fiscal;cliente3556@empresa612.com
3557;106;Coordenador (a) / Supervisor (a);Financeiro;cliente3557@empresa106.com
3558;108;Assistente / Assessor (a) / Auxiliar;Jurídico;cliente3558@empresa108.com
3559;96;Gerente;Fiscal;cliente3559@empresa96.com
3560;118;Gerente;Fiscal;cliente3560@empresa118.com
3561;128;Analista;Fiscal;cliente3561@empresa128.com
3562;143;Analista;Financeiro;cliente3562@empresa143.com
3563;8;Analista;Comércio Exterior / Importação e Exportação;cliente3563@empresa8.com
3564;142;Coordenador (a) / Supervisor (a);Comércio Exterior / Importação e Exportação;cliente3564@empresa142.com
3565;234;Presidente;Comercial / Vendas;cliente3565@empresa234.com
3566;11;Gerente;Logística / Materiais / Supply;cliente3566@empresa11.com
3567;92;Especialista;Assuntos Regulatórios;cliente3567@empresa92.com
3568;286;Coordenador (a) / Supervisor (a);Comércio Exterior / Importação e Exportação;cliente3568@empresa286.com
3569;34;Gerente;Pesquisa e Desenvolvimento;cliente3569@empresa34.com
3570;40;Analista;Comércio Exterior / Importação e Exportação;cliente3570@empresa40.com
3571;42;Diretor (a) / Vice Presidente;Logística / Materiais / Supply;cliente3571@empresa42.com
3572;52;Gerente;Assuntos Regulatórios;cliente3572@empresa52.com
3573;60;Analista;Assuntos Regulatórios;cliente3573@empresa60.com
3574;1223;Gerente;Comércio Exterior / Importação e Exportação;cliente3574@empresa1223.com
3575;62;Gerente;Novos Negócios;cliente3575@empresa62.com
3576;1088;Diretor (a) / Vice Presidente;Administrativo;cliente3576@empresa1088.com
3577;1122;Diretor (a) / Vice Presidente;Pesquisa e Desenvolvimento;cliente3577@empresa1122.com
3578;65;Diretor (a) / Vice Presidente;Administrativo;cliente3578@empresa65.com
3579;390;Analista;Comercial / Vendas;cliente3579@empresa390.com
3580;670;Analista;Novos Negócios;cliente3580@empresa670.com
3581;1108;Coordenador (a) / Supervisor (a);Projetos;cliente3581@empresa1108.com
3582;79;Gerente;Logística / Materiais / Supply;cliente3582@empresa79.com
3583;81;Farmacêutico (a) Responsável;Assuntos Regulatórios;cliente3583@empresa81.com
3584;1104;Diretor (a) / Vice Presidente;Marketing;cliente3584@empresa1104.com
3585;88;Coordenador (a) / Supervisor (a);Relações Governamentais / Institucionais;cliente3585@empresa88.com
3586;59;Estagiário (a);Acesso;cliente3586@empresa59.com
3587;102;Gerente;Inovação;cliente3587@empresa102.com
3588;967;Diretor (a) / Vice Presidente;Inteligência de Mercado;cliente3588@empresa967.com
3589;106;Especialista;Comércio Exterior / Importação e Exportação;cliente3589@empresa106.com
3590;108;Diretor (a) / Vice Presidente;Assuntos Regulatórios;cliente3590@empresa108.com
3591;111;Especialista;Assuntos Regulatórios;cliente3591@empresa111.com
3592;501;Analista;Administrativo;cliente3592@empresa501.com
3593;116;Analista;Comércio Exterior / Importação e Exportação;cliente3593@empresa116.com
3594;884;Gerente;Comércio Exterior / Importação e Exportação;cliente3594@empresa884.com
3595;118;Gerente;Controladoria;cliente3595@empresa118.com
3596;120;Gerente;Licitações / Vendas Públicas;cliente3596@empresa120.com
3597;1025;Gerente;Novos Negócios;cliente3597@empresa1025.com
3598;50;Analista;Pesquisa e Desenvolvimento;cliente3598@empresa50.com
3599;132;Coordenador (a) / Supervisor (a);Logística / Materiais / Supply;cliente3599@empresa132.com
3600;689;Diretor (a) / Vice Presidente;Assuntos Corporativos;cliente3600@empresa689.com
3601;749;Coordenador (a) / Supervisor (a);Farmacovigilância;cliente3601@empresa749.com
3602;100;Analista;Farmacovigilância;cliente3602@empresa100.com
3603;6;Gerente;Assuntos Corporativos;cliente3603@empresa6.com
3604;8;Assistente / Assessor (a) / Auxiliar;Presidência;cliente3604@empresa8.com
3605;142;Diretor (a) / Vice Presidente;Assuntos Regulatórios;cliente3605@empresa142.com
3606;13;Gerente;Assuntos Corporativos;cliente3606@empresa13.com
3607;19;Especialista;Relações Governamentais / Institucionais;cliente3607@empresa19.com
3608;33;Presidente;Administrativo;cliente3608@empresa33.com
3609;26;Gerente;Acesso;cliente3609@empresa26.com
3610;30;Presidente;Presidência;cliente3610@empresa30.com
3611;658;Presidente;Presidência;cliente3611@empresa658.com
3612;42;Diretor (a) / Vice Presidente;Assuntos Regulatórios;cliente3612@empresa42.com
3613;48;Gerente;Relações Governamentais / Institucionais;cliente3613@empresa48.com
3614;62;Diretor (a) / Vice Presidente;Marketing;cliente3614@empresa62.com
3615;66;Diretor (a) / Vice Presidente;Relações Governamentais / Institucionais;cliente3615@empresa66.com
3616;70;Gerente;Assuntos Regulatórios;cliente3616@empresa70.com
3617;75;Diretor (a) / Vice Presidente;Relações Governamentais / Institucionais;cliente3617@empresa75.com
3618;89;Especialista;Relações Governamentais / Institucionais;cliente3618@empresa89.com
3619;1244;Analista;Assuntos Corporativos;cliente3619@empresa1244.com
3620;454;Gerente;Jurídico;cliente3620@empresa454.com
3621;501;Gerente;Relações Governamentais / Institucionais;cliente3621@empresa501.com
3622;107;Gerente;Relações Governamentais / Institucionais;cliente3622@empresa107.com
3623;96;Diretor (a) / Vice Presidente;Acesso;cliente3623@empresa96.com
3624;118;Gerente;Relações Governamentais / Institucionais;cliente3624@empresa118.com
3625;121;Diretor (a) / Vice Presidente;Relações Governamentais / Institucionais;cliente3625@empresa121.com
3626;1130;Sócio (a);Jurídico;cliente3626@empresa1130.com
3627;1239;Presidente;Assuntos Corporativos;cliente3627@empresa1239.com
3628;127;Gerente;Relações Governamentais / Institucionais;cliente3628@empresa127.com
3629;592;Diretor (a) / Vice Presidente;Acesso;cliente3629@empresa592.com
3630;138;Diretor (a) / Vice Presidente;Relações Governamentais / Institucionais;cliente3630@empresa138.com
3631;5;Estagiário (a);Informações Médicas;cliente3631@empresa5.com
3632;16;Médico (a);Médico;cliente3632@empresa16.com
3633;23;Analista;Médico;cliente3633@empresa23.com
3634;1190;Diretor (a) / Vice Presidente;Informações Médicas;cliente3634@empresa1190.com
3635;40;Analista;Técnico-Científico;cliente3635@empresa40.com
3636;41;Analista;Garantia / Controle de Qualidade;cliente3636@empresa41.com
3637;54;Gerente;Informações Médicas;cliente3637@empresa54.com
3638;1145;Especialista;Técnico-Científico;cliente3638@empresa1145.com
3639;60;Analista;Médico;cliente3639@empresa60.com
3640;65;Coordenador (a) / Supervisor (a);Informações Médicas;cliente3640@empresa65.com
3641;390;Médico (a);Médico;cliente3641@empresa390.com
3642;69;Analista;Informações Médicas;cliente3642@empresa69.com
3643;70;Diretor (a) / Vice Presidente;Médico;cliente3643@empresa70.com
3644;77;Gerente;Médico;cliente3644@empresa77.com
3645;85;Consultor (a);Informações Médicas;cliente3645@empresa85.com
3646;1043;Diretor (a) / Vice Presidente;Médico;cliente3646@empresa1043.com
3647;1244;Contador (a);Médico;cliente3647@empresa1244.com
3648;100;Analista;Informações Médicas;cliente3648@empresa100.com
3649;59;Coordenador (a) / Supervisor (a);Informações Médicas;cliente3649@empresa59.com
3650;457;Gerente;Médico;cliente3650@empresa457.com
3651;123;Gerente;Médico;cliente3651@empresa123.com
3652;114;Gerente;Informações Médicas;cliente3652@empresa114.com
3653;1195;Coordenador (a) / Supervisor (a);Assuntos Regulatórios;cliente3653@empresa1195.com
3654;120;Diretor (a) / Vice Presidente;Assuntos Regulatórios;cliente3654@empresa120.com
3655;121;Gerente;Médico;cliente3655@empresa121.com
3656;909;Gerente;Médico;cliente3656@empresa909.com
3657;215;Representante / Propagandista de Produtos Farmacêuticos;Comercial / Vendas;cliente3657@empresa215.com
3658;8;Propagandista de Produtos Farmacêuticos;Comercial / Vendas;cliente3658@empresa8.com
3659;16;Diretor (a) / Vice Presidente;Desenvolvimento de Produtos;cliente3659@empresa16.com
3660;23;Consultor de Produtos Farmacêuticos;Força de Vendas;cliente3660@empresa23.com
3661;28;Farmacêutico (a) Responsável;Assuntos Regulatórios;cliente3661@empresa28.com
3662;30;Especialista;Inteligência de Mercado;cliente3662@empresa30.com
3663;52;Analista;Controladoria;cliente3663@empresa52.com
3664;57;Consultor de Produtos Farmacêuticos;Comercial / Vendas;cliente3664@empresa57.com
3665;1145;Representante / Propagandista de Produtos Farmacêuticos;Comercial / Vendas;cliente3665@empresa1145.com
3666;62;Gerente Distrital;Força de Vendas;cliente3666@empresa62.com
3667;65;Propagandista de Produtos Farmacêuticos;Marketing;cliente3667@empresa65.com
3668;85;Coordenador (a) / Supervisor (a);Pesquisa e Desenvolvimento;cliente3668@empresa85.com
3669;111;Coordenador (a) / Supervisor (a);Desenvolvimento de Produtos;cliente3669@empresa111.com
3670;501;Propagandista de Produtos Farmacêuticos;Força de Vendas;cliente3670@empresa501.com
3671;96;Representante / Propagandista de Produtos Farmacêuticos;Comercial / Vendas;cliente3671@empresa96.com
3672;119;Diretor (a) / Vice Presidente;Comercial / Vendas;cliente3672@empresa119.com
3673;60;Gerente;Recursos Humanos;cliente3673@empresa60.com
3674;79;Assistente / Assessor (a) / Auxiliar;Administrativo;cliente3674@empresa79.com
3675;69;Especialista;Farmacovigilância;cliente3675@empresa69.com
3676;53;Diretor (a) / Vice Presidente;Operações;cliente3676@empresa53.com
3677;95;Assistente / Assessor (a) / Auxiliar;Recursos Humanos;cliente3677@empresa95.com
3678;96;Gerente;Recursos Humanos;cliente3678@empresa96.com
3679;5;Gerente;Pesquisa e Desenvolvimento;cliente3679@empresa5.com
3680;8;Coordenador (a) / Supervisor (a);Desenvolvimento Analítico;cliente3680@empresa8.com
3681;231;Diretor (a) / Vice Presidente;Garantia / Controle de Qualidade;cliente3681@empresa231.com
3682;28;Diretor (a) / Vice Presidente;Relações Governamentais / Institucionais;cliente3682@empresa28.com
3683;610;Diretor (a) / Vice Presidente;Inovação;cliente3683@empresa610.com
3684;45;Gerente;Garantia / Controle de Qualidade;cliente3684@empresa45.com
3685;48;Coordenador (a) / Supervisor (a);Garantia / Controle de Qualidade;cliente3685@empresa48.com
3686;1208;Consultor de Produtos Farmacêuticos;Assuntos Regulatórios;cliente3686@empresa1208.com
3687;52;Diretor (a) / Vice Presidente;Pesquisa e Desenvolvimento;cliente3687@empresa52.com
3688;56;Analista;Validação;cliente3688@empresa56.com
3689;62;Diretor (a) / Vice Presidente;Inovação;cliente3689@empresa62.com
3690;65;Diretor (a) / Vice Presidente;Novos Negócios;cliente3690@empresa65.com
3691;390;Coordenador (a) / Supervisor (a);Projetos;cliente3691@empresa390.com
3692;75;Diretor (a) / Vice Presidente;Pesquisa Clínica;cliente3692@empresa75.com
3693;426;Gerente;Pesquisa e Desenvolvimento;cliente3693@empresa426.com
3694;100;Diretor (a) / Vice Presidente;Novos Negócios;cliente3694@empresa100.com
3695;1194;Diretor (a) / Vice Presidente;Pesquisa e Desenvolvimento;cliente3695@empresa1194.com
3696;106;Gerente;Técnico-Científico;cliente3696@empresa106.com
3697;1151;Analista;Garantia / Controle de Qualidade;cliente3697@empresa1151.com
3698;501;Gerente;Assuntos Regulatórios;cliente3698@empresa501.com
3699;851;Coordenador (a) / Supervisor (a);Assuntos Regulatórios;cliente3699@empresa851.com
3700;96;Gerente;Assuntos Regulatórios;cliente3700@empresa96.com
3701;541;Gerente;Pesquisa e Desenvolvimento;cliente3701@empresa541.com
3702;1114;Coordenador (a) / Supervisor (a);Pesquisa e Desenvolvimento;cliente3702@empresa1114.com
3703;118;Gerente;Assuntos Regulatórios;cliente3703@empresa118.com
3704;567;Analista;Logística / Materiais / Supply;cliente3704@empresa567.com
3705;582;Farmacêutico (a) Responsável;Garantia / Controle de Qualidade;cliente3705@empresa582.com
3706;129;Coordenador (a) / Supervisor (a);Pesquisa e Desenvolvimento;cliente3706@empresa129.com
3707;966;Farmacêutico (a) Responsável;Garantia / Controle de Qualidade;cliente3707@empresa966.com
3708;5;Gerente;Marketing;cliente3708@empresa5.com
3709;142;Médico (a);Médico;cliente3709@empresa142.com
3710;93;Gerente;Marketing;cliente3710@empresa93.com
3711;28;Gerente;Médico;cliente3711@empresa28.com
3712;29;Analista;Médico;cliente3712@empresa29.com
3713;37;Analista;Operações;cliente3713@empresa37.com
3714;42;Gerente;Operações;cliente3714@empresa42.com
3715;53;Gerente;Médico;cliente3715@empresa53.com
3716;57;Gerente;Marketing;cliente3716@empresa57.com
3717;65;Gerente de Produto / Brand Manager;Marketing;cliente3717@empresa65.com
3718;94;Especialista;Marketing;cliente3718@empresa94.com
3719;76;Diretor (a) / Vice Presidente;Business Support;cliente3719@empresa76.com
3720;59;Gerente;Inovação;cliente3720@empresa59.com
3721;457;Coordenador (a) / Supervisor (a);Marketing;cliente3721@empresa457.com
3722;102;Estagiário (a);Marketing;cliente3722@empresa102.com
3723;123;Gerente;Inovação;cliente3723@empresa123.com
3724;492;Gerente;Marketing;cliente3724@empresa492.com
3725;114;Analista;Marketing;cliente3725@empresa114.com
3726;96;Gerente;Inovação;cliente3726@empresa96.com
3727;118;Gerente;Business Support;cliente3727@empresa118.com
3728;121;Gerente de Produto / Brand Manager;Marketing;cliente3728@empresa121.com
3729;127;Diretor (a) / Vice Presidente;Tecnologia da Informação;cliente3729@empresa127.com
3730;128;Diretor (a) / Vice Presidente;Médico;cliente3730@empresa128.com
3731;132;Gerente;Inovação;cliente3731@empresa132.com
3732;234;Especialista;Recursos Humanos;cliente3732@empresa234.com
3733;811;Coordenador (a) / Supervisor (a);Recursos Humanos;cliente3733@empresa811.com
3734;670;Analista;Recursos Humanos;cliente3734@empresa670.com
3735;1016;Gerente;Recursos Humanos;cliente3735@empresa1016.com
3736;708;Analista;Recursos Humanos;cliente3736@empresa708.com
3737;13;Gerente;Logística / Materiais / Supply;cliente3737@empresa13.com
3738;16;Coordenador (a) / Supervisor (a);Assuntos Corporativos;cliente3738@empresa16.com
3739;92;Gerente;Comunicação;cliente3739@empresa92.com
3740;26;Diretor (a) / Vice Presidente;Financeiro;cliente3740@empresa26.com
3741;286;Presidente;Presidência;cliente3741@empresa286.com
3742;34;Diretor (a) / Vice Presidente;Financeiro;cliente3742@empresa34.com
3743;37;Gerente;Comunicação;cliente3743@empresa37.com
3744;53;Presidente;Presidência;cliente3744@empresa53.com
3745;822;Diretor (a) / Vice Presidente;Administrativo;cliente3745@empresa822.com
3746;60;Diretor (a) / Vice Presidente;Assuntos Corporativos;cliente3746@empresa60.com
3747;67;Diretor (a) / Vice Presidente;Comercial / Vendas;cliente3747@empresa67.com
3748;69;Presidente;Presidência;cliente3748@empresa69.com
3749;24;Farmacêutico (a) Responsável;Assuntos Regulatórios;cliente3749@empresa24.com
3750;59;Diretor (a) / Vice Presidente;Assuntos Corporativos;cliente3750@empresa59.com
3751;967;Gerente;Garantia / Controle de Qualidade;cliente3751@empresa967.com
3752;106;Advogado (a);Compliance;cliente3752@empresa106.com
3753;501;Presidente;Presidência;cliente3753@empresa501.com
3754;127;Diretor (a) / Vice Presidente;Controladoria;cliente3754@empresa127.com
3755;5;Gerente;Fiscal;cliente3755@empresa5.com
3756;8;Advogado (a);Jurídico;cliente3756@empresa8.com
3757;42;Gerente;Fiscal;cliente3757@empresa42.com
3758;49;Coordenador (a) / Supervisor (a);Fiscal;cliente3758@empresa49.com
3759;60;Diretor (a) / Vice Presidente;Fiscal;cliente3759@empresa60.com
3760;1223;Gerente;Jurídico;cliente3760@empresa1223.com
3761;66;Analista;Fiscal;cliente3761@empresa66.com
3762;79;Especialista;Fiscal;cliente3762@empresa79.com
3763;81;Analista;Controladoria;cliente3763@empresa81.com
3764;661;Analista;Fiscal;cliente3764@empresa661.com
3765;83;Gerente;Controladoria;cliente3765@empresa83.com
3766;426;Coordenador (a) / Supervisor (a);Fiscal;cliente3766@empresa426.com
3767;89;Coordenador (a) / Supervisor (a);Fiscal;cliente3767@empresa89.com
3768;1244;Coordenador (a) / Supervisor (a);Fiscal;cliente3768@empresa1244.com
3769;100;Especialista;Fiscal;cliente3769@empresa100.com
3770;59;Gerente;Controladoria;cliente3770@empresa59.com
3771;105;Analista;Fiscal;cliente3771@empresa105.com
3772;111;Especialista;Fiscal;cliente3772@empresa111.com
3773;112;Analista;Fiscal;cliente3773@empresa112.com
3774;114;Gerente;Financeiro;cliente3774@empresa114.com
3775;541;Gerente;Fiscal;cliente3775@empresa541.com
3776;50;Coordenador (a) / Supervisor (a);Controladoria;cliente3776@empresa50.com
3777;128;Gerente;Financeiro;cliente3777@empresa128.com
3778;130;Analista;Fiscal;cliente3778@empresa130.com
3779;592;Analista;Fiscal;cliente3779@empresa592.com
3780;143;Gerente;Controladoria;cliente3780@empresa143.com
3781;8;Analista;Farmacovigilância;cliente3781@empresa8.com
3782;92;Gerente;Assuntos Regulatórios;cliente3782@empresa92.com
3783;1244;Analista;Farmacovigilância;cliente3783@empresa1244.com
3784;100;Analista;Farmacovigilância;cliente3784@empresa100.com
3785;114;Gerente;Farmacovigilância;cliente3785@empresa114.com
3786;1257;Especialista;Assuntos Regulatórios;cliente3786@empresa1257.com
3787;23;Especialista;Recursos Humanos;cliente3787@empresa23.com
3788;34;Analista;Recursos Humanos;cliente3788@empresa34.com
3789;37;Analista;Recursos Humanos;cliente3789@empresa37.com
3790;48;Coordenador (a) / Supervisor (a);Recursos Humanos;cliente3790@empresa48.com
3791;49;Gerente;Recursos Humanos;cliente3791@empresa49.com
3792;661;Coordenador (a) / Supervisor (a);Recursos Humanos;cliente3792@empresa661.com
3793;106;Analista;Recursos Humanos;cliente3793@empresa106.com
3794;501;Analista;Recursos Humanos;cliente3794@empresa501.com
3795;129;Coordenador (a) / Supervisor (a);Recursos Humanos;cliente3795@empresa129.com
3796;23;Analista;Recursos Humanos;cliente3796@empresa23.com
3797;851;Gerente;Recursos Humanos;cliente3797@empresa851.com
3798;708;Analista;Recursos Humanos;cliente3798@empresa708.com
3799;601;Analista;Recursos Humanos;cliente3799@empresa601.com
3800;60;Analista;Recursos Humanos;cliente3800@empresa60.com
3801;94;Estagiário (a);Recursos Humanos;cliente3801@empresa94.com
3802;100;Coordenador (a) / Supervisor (a);Recursos Humanos;cliente3802@empresa100.com
3803;123;Gerente;Recursos Humanos;cliente3803@empresa123.com
3804;708;Analista;Recursos Humanos;cliente3804@empresa708.com
3805;143;Analista;Recursos Humanos;cliente3805@empresa143.com
3806;16;Analista;Recursos Humanos;cliente3806@empresa16.com
3807;19;Gerente;Recursos Humanos;cliente3807@empresa19.com
3808;23;Gerente;Treinamento de Força de Vendas;cliente3808@empresa23.com
3809;822;Analista;Recursos Humanos;cliente3809@empresa822.com
3810;1145;Gerente;Recursos Humanos;cliente3810@empresa1145.com
3811;390;Coordenador (a) / Supervisor (a);Recursos Humanos;cliente3811@empresa390.com
3812;85;Analista;Recursos Humanos;cliente3812@empresa85.com
3813;59;Analista;Recursos Humanos;cliente3813@empresa59.com
3814;457;Especialista;Recursos Humanos;cliente3814@empresa457.com
3815;106;Coordenador (a) / Supervisor (a);Recursos Humanos;cliente3815@empresa106.com
3816;123;Gerente;Treinamento de Força de Vendas;cliente3816@empresa123.com
3817;582;Coordenador (a) / Supervisor (a);Industrial / Produção;cliente3817@empresa582.com
3818;592;Assistente / Assessor (a) / Auxiliar;Recursos Humanos;cliente3818@empresa592.com
3819;47;Especialista;Recursos Humanos;cliente3819@empresa47.com
3820;62;Coordenador (a) / Supervisor (a);Recursos Humanos;cliente3820@empresa62.com
3821;69;Assistente / Assessor (a) / Auxiliar;Recursos Humanos;cliente3821@empresa69.com
3822;64;Analista;Garantia / Controle de Qualidade;cliente3822@empresa64.com
3823;17;Coordenador (a) / Supervisor (a);Recursos Humanos;cliente3823@empresa17.com
3824;390;Coordenador (a) / Supervisor (a);Recursos Humanos;cliente3824@empresa390.com
3825;426;Especialista;Recursos Humanos;cliente3825@empresa426.com
3826;111;Analista;Recursos Humanos;cliente3826@empresa111.com
3827;1224;Analista;Recursos Humanos;cliente3827@empresa1224.com
3828;8;Gerente;Recursos Humanos;cliente3828@empresa8.com
3829;53;Especialista;Recursos Humanos;cliente3829@empresa53.com
3830;1195;Gerente;Recursos Humanos;cliente3830@empresa1195.com
3831;538;Coordenador (a) / Supervisor (a);Recursos Humanos;cliente3831@empresa538.com
3832;131;Coordenador (a) / Supervisor (a);Industrial / Produção;cliente3832@empresa131.com
3833;12;Analista;Recursos Humanos;cliente3833@empresa12.com
3834;16;Analista;Financeiro;cliente3834@empresa16.com
3835;26;Coordenador (a) / Supervisor (a);Recursos Humanos;cliente3835@empresa26.com
3836;27;Coordenador (a) / Supervisor (a);Administrativo;cliente3836@empresa27.com
3837;48;Gerente;Compras / Suprimentos;cliente3837@empresa48.com
3838;52;Analista;Administrativo;cliente3838@empresa52.com
3839;793;Presidente;Presidência;cliente3839@empresa793.com
3840;715;Analista;Recursos Humanos;cliente3840@empresa715.com
3841;94;Consultor (a);Administrativo;cliente3841@empresa94.com
3842;66;Assistente / Assessor (a) / Auxiliar;Recursos Humanos;cliente3842@empresa66.com
3843;106;Coordenador (a) / Supervisor (a);Tesouraria;cliente3843@empresa106.com
3844;475;Assistente / Assessor (a) / Auxiliar;Administrativo;cliente3844@empresa475.com
3845;108;Gerente;Compras / Suprimentos;cliente3845@empresa108.com
3846;737;Gerente;Controladoria;cliente3846@empresa737.com
3847;790;Assistente / Assessor (a) / Auxiliar;Recursos Humanos;cliente3847@empresa790.com
3848;120;Analista;Recursos Humanos;cliente3848@empresa120.com
3849;584;Assistente / Assessor (a) / Auxiliar;Administrativo;cliente3849@empresa584.com
3850;126;Analista;Administrativo;cliente3850@empresa126.com
3851;909;Analista;Administrativo;cliente3851@empresa909.com
3852;44;Assistente / Assessor (a) / Auxiliar;Industrial / Produção;cliente3852@empresa44.com
3853;48;Gerente;Comercial / Vendas;cliente3853@empresa48.com
3854;54;Gerente;Recursos Humanos;cliente3854@empresa54.com
3855;822;Analista;Recursos Humanos;cliente3855@empresa822.com
3856;60;Especialista;Recursos Humanos;cliente3856@empresa60.com
3857;65;Analista;Recursos Humanos;cliente3857@empresa65.com
3858;69;Coordenador (a) / Supervisor (a);Recursos Humanos;cliente3858@empresa69.com
3859;111;Gerente;Recursos Humanos;cliente3859@empresa111.com
3860;114;Consultor (a);Fiscal;cliente3860@empresa114.com
3861;541;Gerente;Industrial / Produção;cliente3861@empresa541.com
3862;120;Gerente;Recursos Humanos;cliente3862@empresa120.com
3863;906;Gerente;Recursos Humanos;cliente3863@empresa906.com
3864;8;Analista;Recursos Humanos;cliente3864@empresa8.com
3865;142;Diretor (a) / Vice Presidente;Recursos Humanos;cliente3865@empresa142.com
3866;234;Gerente;Recursos Humanos;cliente3866@empresa234.com
3867;37;Consultor (a);Recursos Humanos;cliente3867@empresa37.com
3868;42;Gerente;Acesso;cliente3868@empresa42.com
3869;45;Presidente;Presidência;cliente3869@empresa45.com
3870;813;Gerente;Assuntos Regulatórios;cliente3870@empresa813.com
3871;671;Gerente;Recursos Humanos;cliente3871@empresa671.com
3872;1208;Sócio (a);Presidência;cliente3872@empresa1208.com
3873;1027;Gerente;Marketing;cliente3873@empresa1027.com
3874;62;Coordenador (a) / Supervisor (a);Recursos Humanos;cliente3874@empresa62.com
3875;69;Presidente;Presidência;cliente3875@empresa69.com
3876;72;Coordenador (a) / Supervisor (a);Recursos Humanos;cliente3876@empresa72.com
3877;76;Especialista;Recursos Humanos;cliente3877@empresa76.com
3878;661;Gerente;Recursos Humanos;cliente3878@empresa661.com
3879;996;Presidente;Pesquisa Clínica;cliente3879@empresa996.com
3880;1032;Diretor (a) / Vice Presidente;Financeiro;cliente3880@empresa1032.com
3881;1201;Analista;Meio Ambiente;cliente3881@empresa1201.com
3882;894;Presidente;Assuntos Corporativos;cliente3882@empresa894.com
3883;908;Coordenador (a) / Supervisor (a);Recursos Humanos;cliente3883@empresa908.com
3884;24;Diretor (a) / Vice Presidente;Médico;cliente3884@empresa24.com
3885;967;Presidente;Presidência;cliente3885@empresa967.com
3886;110;Diretor (a) / Vice Presidente;Acesso;cliente3886@empresa110.com
3887;1218;Diretor (a) / Vice Presidente;Administrativo;cliente3887@empresa1218.com
3888;114;Gerente;Recursos Humanos;cliente3888@empresa114.com
3889;501;Analista;Recursos Humanos;cliente3889@empresa501.com
3890;724;Especialista;Recursos Humanos;cliente3890@empresa724.com
3891;790;Gerente;Recursos Humanos;cliente3891@empresa790.com
3892;972;Diretor (a) / Vice Presidente;Presidência;cliente3892@empresa972.com
3893;118;Diretor (a) / Vice Presidente;Recursos Humanos;cliente3893@empresa118.com
3894;567;Coordenador (a) / Supervisor (a);Recursos Humanos;cliente3894@empresa567.com
3895;650;Sócio (a);Assuntos Corporativos;cliente3895@empresa650.com
3896;127;Gerente;Recursos Humanos;cliente3896@empresa127.com
3897;132;Analista;Recursos Humanos;cliente3897@empresa132.com
3898;883;Coordenador (a) / Supervisor (a);Comercial / Vendas;cliente3898@empresa883.com
3899;138;Diretor (a) / Vice Presidente;Recursos Humanos;cliente3899@empresa138.com
3900;28;Analista;Médico;cliente3900@empresa28.com
3901;77;Gerente;Recursos Humanos;cliente3901@empresa77.com
3902;79;Especialista;Recursos Humanos;cliente3902@empresa79.com
3903;85;Analista;Recursos Humanos;cliente3903@empresa85.com
3904;426;Analista;Recursos Humanos;cliente3904@empresa426.com
3905;24;Diretor (a) / Vice Presidente;Recursos Humanos;cliente3905@empresa24.com
3906;457;Analista;Recursos Humanos;cliente3906@empresa457.com
3907;123;Gerente;Recursos Humanos;cliente3907@empresa123.com
3908;1025;Técnico;Segurança do Trabalho;cliente3908@empresa1025.com
3909;909;Técnico;Recursos Humanos;cliente3909@empresa909.com
3910;582;Analista;Recursos Humanos;cliente3910@empresa582.com
3911;8;Analista;Recursos Humanos;cliente3911@empresa8.com
3912;142;Gerente;Recursos Humanos;cliente3912@empresa142.com
3913;92;Coordenador (a) / Supervisor (a);Treinamento e Desenvolvimento Corporativo;cliente3913@empresa92.com
3914;27;Gerente;Recursos Humanos;cliente3914@empresa27.com
3915;28;Analista;Recursos Humanos;cliente3915@empresa28.com
3916;1290;Coordenador (a) / Supervisor (a);Administrativo;cliente3916@empresa1290.com
3917;52;Gerente;Treinamento de Força de Vendas;cliente3917@empresa52.com
3918;53;Gerente;Recursos Humanos;cliente3918@empresa53.com
3919;54;Coordenador (a) / Supervisor (a);Recursos Humanos;cliente3919@empresa54.com
3920;62;Estagiário (a);Recursos Humanos;cliente3920@empresa62.com
3921;77;Gerente;Recursos Humanos;cliente3921@empresa77.com
3922;426;Analista;Recursos Humanos;cliente3922@empresa426.com
3923;108;Coordenador (a) / Supervisor (a);Recursos Humanos;cliente3923@empresa108.com
3924;111;Gerente;Recursos Humanos;cliente3924@empresa111.com
3925;492;Gerente;Treinamento de Força de Vendas;cliente3925@empresa492.com
3926;1195;Gerente;Recursos Humanos;cliente3926@empresa1195.com
3927;1257;Coordenador (a) / Supervisor (a);Recursos Humanos;cliente3927@empresa1257.com
3928;120;Gerente;Recursos Humanos;cliente3928@empresa120.com
3929;584;Analista;Recursos Humanos;cliente3929@empresa584.com
3930;1190;Diretor (a) / Vice Presidente;Recursos Humanos;cliente3930@empresa1190.com
3931;658;Analista;Recursos Humanos;cliente3931@empresa658.com
3932;37;Gerente;Recursos Humanos;cliente3932@empresa37.com
3933;1290;Coordenador (a) / Supervisor (a);Administrativo;cliente3933@empresa1290.com
3934;52;Analista;Recursos Humanos;cliente3934@empresa52.com
3935;62;Gerente;Recursos Humanos;cliente3935@empresa62.com
3936;65;Analista;Recursos Humanos;cliente3936@empresa65.com
3937;108;Coordenador (a) / Supervisor (a);Recursos Humanos;cliente3937@empresa108.com
3938;111;Coordenador (a) / Supervisor (a);Recursos Humanos;cliente3938@empresa111.com
3939;737;Analista;Recursos Humanos;cliente3939@empresa737.com
3940;130;Analista;Recursos Humanos;cliente3940@empresa130.com
3941;141;Diretor (a) / Vice Presidente;Recursos Humanos;cliente3941@empresa141.com
3942;8;Gerente;Recursos Humanos;cliente3942@empresa8.com
3943;142;Especialista;Recursos Humanos;cliente3943@empresa142.com
3944;26;Assistente / Assessor (a) / Auxiliar;Recursos Humanos;cliente3944@empresa26.com
3945;27;Analista;Recursos Humanos;cliente3945@empresa27.com
3946;54;Coordenador (a) / Supervisor (a);Recursos Humanos;cliente3946@empresa54.com
3947;60;Estagiário (a);Recursos Humanos;cliente3947@empresa60.com
3948;62;Analista;Recursos Humanos;cliente3948@empresa62.com
3949;661;Analista;Recursos Humanos;cliente3949@empresa661.com
3950;661;Especialista;Recursos Humanos;cliente3950@empresa661.com
3951;567;Analista;Recursos Humanos;cliente3951@empresa567.com
3952;909;Analista;Recursos Humanos;cliente3952@empresa909.com
3953;6;Analista;Comunicação;cliente3953@empresa6.com
3954;142;Coordenador (a) / Supervisor (a);SAC;cliente3954@empresa142.com
3955;231;Coordenador (a) / Supervisor (a);Garantia / Controle de Qualidade;cliente3955@empresa231.com
3956;234;Técnico;SAC;cliente3956@empresa234.com
3957;33;Analista;SAC;cliente3957@empresa33.com
3958;28;Coordenador (a) / Supervisor (a);SAC;cliente3958@empresa28.com
3959;40;Gerente;SAC;cliente3959@empresa40.com
3960;68;Coordenador (a) / Supervisor (a);SAC;cliente3960@empresa68.com
3961;70;Especialista;Garantia / Controle de Qualidade;cliente3961@empresa70.com
3962;59;Coordenador (a) / Supervisor (a);SAC;cliente3962@empresa59.com
3963;457;Gerente;Médico;cliente3963@empresa457.com
3964;967;Gerente;Assuntos Regulatórios;cliente3964@empresa967.com
3965;105;Coordenador (a) / Supervisor (a);Assuntos Regulatórios;cliente3965@empresa105.com
3966;106;Estagiário (a);SAC;cliente3966@empresa106.com
3967;108;Analista;Assuntos Regulatórios;cliente3967@empresa108.com
3968;501;Coordenador (a) / Supervisor (a);SAC;cliente3968@empresa501.com
3969;782;Gerente;Assuntos Regulatórios;cliente3969@empresa782.com
3970;127;Gerente;SAC;cliente3970@empresa127.com
3971;128;Coordenador (a) / Supervisor (a);Médico;cliente3971@empresa128.com
3972;129;Assistente / Assessor (a) / Auxiliar;SAC;cliente3972@empresa129.com
3973;591;Analista;Assuntos Regulatórios;cliente3973@empresa591.com
3974;966;Analista;Garantia / Controle de Qualidade;cliente3974@empresa966.com
3975;601;Analista;Assuntos Regulatórios;cliente3975@empresa601.com
3976;649;Farmacêutico (a) Responsável;SAC;cliente3976@empresa649.com
3977;34;Gerente;SAC;cliente3977@empresa34.com
3978;40;Coordenador (a) / Supervisor (a);SAC;cliente3978@empresa40.com
3979;610;Analista;SAC;cliente3979@empresa610.com
3980;48;Analista;SAC;cliente3980@empresa48.com
3981;54;Analista;SAC;cliente3981@empresa54.com
3982;390;Gerente;Comercial / Vendas;cliente3982@empresa390.com
3983;76;Assistente / Assessor (a) / Auxiliar;SAC;cliente3983@empresa76.com
3984;89;Coordenador (a) / Supervisor (a);SAC;cliente3984@empresa89.com
3985;1244;Gerente;SAC;cliente3985@empresa1244.com
3986;584;Analista;Garantia / Controle de Qualidade;cliente3986@empresa584.com
3987;127;Analista;SAC;cliente3987@empresa127.com
3988;582;Coordenador (a) / Supervisor (a);SAC;cliente3988@empresa582.com
3989;142;Diretor (a) / Vice Presidente;Business Support;cliente3989@empresa142.com
3990;17;Gerente;Inteligência de Mercado;cliente3990@empresa17.com
3991;26;Diretor (a) / Vice Presidente;Marketing;cliente3991@empresa26.com
3992;27;Diretor (a) / Vice Presidente;Business Support;cliente3992@empresa27.com
3993;28;Analista;Recursos Humanos;cliente3993@empresa28.com
3994;52;Gerente;Inteligência de Mercado;cliente3994@empresa52.com
3995;53;Diretor (a) / Vice Presidente;Marketing;cliente3995@empresa53.com
3996;60;Diretor (a) / Vice Presidente;Business Support;cliente3996@empresa60.com
3997;67;Gerente de Produto / Brand Manager;Marketing;cliente3997@empresa67.com
3998;492;Estagiário (a);Recursos Humanos;cliente3998@empresa492.com
3999;120;Diretor (a) / Vice Presidente;Business Support;cliente3999@empresa120.com
4000;121;Coordenador (a) / Supervisor (a);Business Support;cliente4000@empresa121.com
4001;16;Diretor (a) / Vice Presidente;Planejamento e Controladoria;cliente4001@empresa16.com
4002;1163;Diretor (a) / Vice Presidente;Marketing;cliente4002@empresa1163.com
4003;23;Gerente;Acesso;cliente4003@empresa23.com
4004;1190;Diretor (a) / Vice Presidente;Financeiro;cliente4004@empresa1190.com
4005;1245;Presidente;Administrativo;cliente4005@empresa1245.com
4006;28;Gerente;Financeiro;cliente4006@empresa28.com
4007;286;Gerente;Planejamento e Controladoria;cliente4007@empresa286.com
4008;48;Contador (a);Financeiro;cliente4008@empresa48.com
4009;54;Gerente;Inteligência de Mercado;cliente4009@empresa54.com
4010;57;Gerente;Business Support;cliente4010@empresa57.com
4011;65;Analista;Controladoria;cliente4011@empresa65.com
4012;75;Diretor (a) / Vice Presidente;Operações;cliente4012@empresa75.com
4013;77;Diretor (a) / Vice Presidente;Comercial / Vendas;cliente4013@empresa77.com
4014;79;Gerente;Inteligência de Mercado;cliente4014@empresa79.com
4015;661;Presidente;Presidência;cliente4015@empresa661.com
4016;1244;Diretor (a) / Vice Presidente;Marketing;cliente4016@empresa1244.com
4017;454;Diretor (a) / Vice Presidente;Comercial / Vendas;cliente4017@empresa454.com
4018;106;Diretor (a) / Vice Presidente;Marketing;cliente4018@empresa106.com
4019;107;Especialista;Acesso;cliente4019@empresa107.com
4020;96;Gerente;Assuntos Corporativos;cliente4020@empresa96.com
4021;909;Gerente;Marketing;cliente4021@empresa909.com
4022;127;Gerente;Assuntos Corporativos;cliente4022@empresa127.com
4023;8;Gerente;Treinamento de Força de Vendas;cliente4023@empresa8.com
4024;142;Gerente;Treinamento de Força de Vendas;cliente4024@empresa142.com
4025;17;Gerente;Treinamento de Força de Vendas;cliente4025@empresa17.com
4026;93;Consultor (a);Treinamento de Força de Vendas;cliente4026@empresa93.com
4027;26;Gerente;Treinamento de Força de Vendas;cliente4027@empresa26.com
4028;28;Gerente;Treinamento de Força de Vendas;cliente4028@empresa28.com
4029;47;Gerente;Treinamento de Força de Vendas;cliente4029@empresa47.com
4030;54;Gerente;Treinamento de Força de Vendas;cliente4030@empresa54.com
4031;793;Gerente;Treinamento de Força de Vendas;cliente4031@empresa793.com
4032;60;Diretor (a) / Vice Presidente;Treinamento e Desenvolvimento Corporativo;cliente4032@empresa60.com
4033;65;Gerente;Marketing;cliente4033@empresa65.com
4034;102;Gerente;Treinamento de Força de Vendas;cliente4034@empresa102.com
4035;108;Coordenador (a) / Supervisor (a);Treinamento de Força de Vendas;cliente4035@empresa108.com
4036;114;Gerente;Treinamento de Força de Vendas;cliente4036@empresa114.com
4037;127;Gerente;Business Support;cliente4037@empresa127.com
4038;689;Gerente;Treinamento de Força de Vendas;cliente4038@empresa689.com
4039;26;Gerente;Inteligência de Mercado;cliente4039@empresa26.com
4040;793;Coordenador (a) / Supervisor (a);Marketing;cliente4040@empresa793.com
4041;60;Gerente;Inteligência de Mercado;cliente4041@empresa60.com
4042;65;Propagandista de Produtos Farmacêuticos;Comercial / Vendas;cliente4042@empresa65.com
4043;1108;Analista;Inteligência de Mercado;cliente4043@empresa1108.com
4044;79;Analista;Inteligência de Mercado;cliente4044@empresa79.com
4045;102;Gerente;Inteligência de Mercado;cliente4045@empresa102.com
4046;118;Gerente;Inteligência de Mercado;cliente4046@empresa118.com
4047;120;Gerente;Inteligência de Mercado;cliente4047@empresa120.com
4048;582;Analista;Comercial / Vendas;cliente4048@empresa582.com
4049;1070;Sócio (a);Jurídico;cliente4049@empresa1070.com
4050;219;Assistente / Assessor (a) / Auxiliar;Presidência;cliente4050@empresa219.com
4051;7;Coordenador (a) / Supervisor (a);Assuntos Regulatórios;cliente4051@empresa7.com
4052;8;Analista;Administrativo;cliente4052@empresa8.com
4053;142;Analista;Financeiro;cliente4053@empresa142.com
4054;850;Analista;Comercial / Vendas;cliente4054@empresa850.com
4055;234;Diretor (a) / Vice Presidente;Operações;cliente4055@empresa234.com
4056;17;Assistente / Assessor (a) / Auxiliar;Assuntos Regulatórios;cliente4056@empresa17.com
4057;256;Analista;Garantia / Controle de Qualidade;cliente4057@empresa256.com
4058;33;Analista;Logística / Materiais / Supply;cliente4058@empresa33.com
4059;22;Gerente;Garantia / Controle de Qualidade;cliente4059@empresa22.com
4060;23;Analista;Fiscal;cliente4060@empresa23.com
4061;1190;Gerente;Acesso;cliente4061@empresa1190.com
4062;26;Diretor (a) / Vice Presidente;Demanda;cliente4062@empresa26.com
4063;1245;Farmacêutico (a) Responsável;Garantia / Controle de Qualidade;cliente4063@empresa1245.com
4064;27;Gerente;Assuntos Corporativos;cliente4064@empresa27.com
4065;28;Analista;Assuntos Regulatórios;cliente4065@empresa28.com
4066;911;Diretor (a) / Vice Presidente;Financeiro;cliente4066@empresa911.com
4067;39;Especialista;Farmacovigilância;cliente4067@empresa39.com
4068;40;Analista;Compras / Suprimentos;cliente4068@empresa40.com
4069;41;Especialista;Desenvolvimento Analítico;cliente4069@empresa41.com
4070;669;Analista;Logística / Materiais / Supply;cliente4070@empresa669.com
4071;1290;Analista;Garantia / Controle de Qualidade;cliente4071@empresa1290.com
4072;47;Analista;Assuntos Regulatórios;cliente4072@empresa47.com
4073;769;Coordenador (a) / Supervisor (a);Desenvolvimento de Produtos;cliente4073@empresa769.com
4074;49;Analista;Pesquisa e Desenvolvimento;cliente4074@empresa49.com
4075;338;Secretário (a);Administrativo;cliente4075@empresa338.com
4076;52;Gerente;Administrativo;cliente4076@empresa52.com
4077;60;Gerente;Pesquisa e Desenvolvimento;cliente4077@empresa60.com
4078;1179;Coordenador (a) / Supervisor (a);Comercial / Vendas;cliente4078@empresa1179.com
4079;882;Analista;Fiscal;cliente4079@empresa882.com
4080;1122;Analista;Industrial / Produção;cliente4080@empresa1122.com
4081;65;Coordenador (a) / Supervisor (a);Logística / Materiais / Supply;cliente4081@empresa65.com
4082;390;Coordenador (a) / Supervisor (a);Desenvolvimento de Produtos;cliente4082@empresa390.com
4083;66;Estagiário (a);Garantia / Controle de Qualidade;cliente4083@empresa66.com
4084;678;Advogado (a);Jurídico;cliente4084@empresa678.com
4085;72;Coordenador (a) / Supervisor (a);Recursos Humanos;cliente4085@empresa72.com
4086;670;Analista;Desenvolvimento Analítico;cliente4086@empresa670.com
4087;1242;Analista;Assuntos Regulatórios;cliente4087@empresa1242.com
4088;80;Coordenador (a) / Supervisor (a);Garantia / Controle de Qualidade;cliente4088@empresa80.com
4089;81;Analista;Logística / Materiais / Supply;cliente4089@empresa81.com
4090;1216;Analista;Assuntos Regulatórios;cliente4090@empresa1216.com
4091;612;Analista;Meio Ambiente;cliente4091@empresa612.com
4092;85;Médico (a);Marketing;cliente4092@empresa85.com
4093;733;Especialista;Assuntos Regulatórios;cliente4093@empresa733.com
4094;24;Analista;Inteligência de Mercado;cliente4094@empresa24.com
4095;88;Coordenador (a) / Supervisor (a);Assuntos Regulatórios;cliente4095@empresa88.com
4096;1244;Especialista;Garantia / Controle de Qualidade;cliente4096@empresa1244.com
4097;777;Assistente / Assessor (a) / Auxiliar;Assuntos Regulatórios;cliente4097@empresa777.com
4098;1286;Farmacêutico (a) Responsável;Industrial / Produção;cliente4098@empresa1286.com
4099;100;Analista;Técnico-Científico;cliente4099@empresa100.com
4100;830;Farmacêutico (a) Responsável;Garantia / Controle de Qualidade;cliente4100@empresa830.com
4101;296;Especialista;Garantia / Controle de Qualidade;cliente4101@empresa296.com
4102;102;Analista;Garantia / Controle de Qualidade;cliente4102@empresa102.com
4103;105;Analista;Jurídico;cliente4103@empresa105.com
4104;123;Gerente;Inovação;cliente4104@empresa123.com
4105;1165;Técnico;Segurança do Trabalho;cliente4105@empresa1165.com
4106;716;Especialista;Validação;cliente4106@empresa716.com
4107;116;Coordenador (a) / Supervisor (a);Garantia / Controle de Qualidade;cliente4107@empresa116.com
4108;107;Gerente;Logística / Materiais / Supply;cliente4108@empresa107.com
4109;940;Diretor (a) / Vice Presidente;Força de Vendas;cliente4109@empresa940.com
4110;1257;Especialista;Desenvolvimento Analítico;cliente4110@empresa1257.com
4111;541;Trainee;Projetos;cliente4111@empresa541.com
4112;118;Gerente;Comunicação;cliente4112@empresa118.com
4113;795;Coordenador (a) / Supervisor (a);Farmacovigilância;cliente4113@empresa795.com
4114;121;Gerente;Comercial / Vendas;cliente4114@empresa121.com
4115;571;Analista;Inteligência de Mercado;cliente4115@empresa571.com
4116;127;Especialista;Médico;cliente4116@empresa127.com
4117;582;Analista;Validação;cliente4117@empresa582.com
4118;592;Gerente;Acesso;cliente4118@empresa592.com
4119;888;Analista;Pesquisa e Desenvolvimento;cliente4119@empresa888.com
4120;1224;Diretor (a) / Vice Presidente;Comercial / Vendas;cliente4120@empresa1224.com
4121;141;Diretor (a) / Vice Presidente;Assuntos Regulatórios;cliente4121@empresa141.com
4122;143;Analista;Garantia / Controle de Qualidade;cliente4122@empresa143.com
4123;8;Assistente / Assessor (a) / Auxiliar;Marketing;cliente4123@empresa8.com
4124;33;Gerente de Produto / Brand Manager;Marketing;cliente4124@empresa33.com
4125;28;Analista;Comunicação;cliente4125@empresa28.com
4126;658;Gerente;Tecnologia da Informação;cliente4126@empresa658.com
4127;610;Gerente de Produto / Brand Manager;Unidade de Negócios;cliente4127@empresa610.com
4128;54;Analista;Marketing;cliente4128@empresa54.com
4129;60;Gerente;Trade;cliente4129@empresa60.com
4130;390;Assistente / Assessor (a) / Auxiliar;Assuntos Corporativos;cliente4130@empresa390.com
4131;79;Gerente de Produto / Brand Manager;Marketing;cliente4131@empresa79.com
4132;80;Gerente;Tecnologia da Informação;cliente4132@empresa80.com
4133;612;Analista;Inovação;cliente4133@empresa612.com
4134;102;Gerente;Tecnologia da Informação;cliente4134@empresa102.com
4135;108;Diretor (a) / Vice Presidente;Marketing;cliente4135@empresa108.com
4136;114;Gerente;Marketing;cliente4136@empresa114.com
4137;541;Assistente / Assessor (a) / Auxiliar;Marketing;cliente4137@empresa541.com
4138;118;Gerente;Comunicação;cliente4138@empresa118.com
4139;592;Coordenador (a) / Supervisor (a);Marketing;cliente4139@empresa592.com
4140;143;Coordenador (a) / Supervisor (a);Comercial / Vendas;cliente4140@empresa143.com
4141;1190;Diretor (a) / Vice Presidente;Marketing;cliente4141@empresa1190.com
4142;34;Analista;Inteligência de Mercado;cliente4142@empresa34.com
4143;47;Analista;Financeiro;cliente4143@empresa47.com
4144;52;Analista;Recursos Humanos;cliente4144@empresa52.com
4145;53;Diretor (a) / Vice Presidente;Comercial / Vendas;cliente4145@empresa53.com
4146;793;Coordenador (a) / Supervisor (a);Recursos Humanos;cliente4146@empresa793.com
4147;60;Gerente;Inteligência de Mercado;cliente4147@empresa60.com
4148;102;Gerente de Produto / Brand Manager;Marketing;cliente4148@empresa102.com
4149;106;Especialista;Produtividade e Efetividade;cliente4149@empresa106.com
4150;123;Especialista;Produtividade e Efetividade;cliente4150@empresa123.com
4151;114;Gerente;Incentivos e Premiação da Força de Vendas;cliente4151@empresa114.com
4152;96;Gerente;Incentivos e Premiação da Força de Vendas;cliente4152@empresa96.com
4153;807;Diretor (a) / Vice Presidente;Financeiro;cliente4153@empresa807.com
4154;120;Consultor (a);Incentivos e Premiação da Força de Vendas;cliente4154@empresa120.com
4155;584;Coordenador (a) / Supervisor (a);Inteligência de Mercado;cliente4155@empresa584.com
4156;130;Analista;Incentivos e Premiação da Força de Vendas;cliente4156@empresa130.com
4157;139;Gerente;Financeiro;cliente4157@empresa139.com
4158;8;Diretor (a) / Vice Presidente;Unidade de Negócios;cliente4158@empresa8.com
4159;28;Gerente de Produto / Brand Manager;Comunicação;cliente4159@empresa28.com
4160;658;Gerente;Comercial / Vendas;cliente4160@empresa658.com
4161;34;Coordenador (a) / Supervisor (a);Marketing;cliente4161@empresa34.com
4162;40;Analista;Médico;cliente4162@empresa40.com
4163;60;Gerente;Marketing;cliente4163@empresa60.com
4164;62;Analista;Marketing;cliente4164@empresa62.com
4165;94;Diretor (a) / Vice Presidente;Médico;cliente4165@empresa94.com
4166;69;Gerente;Médico;cliente4166@empresa69.com
4167;72;Médico (a);Médico;cliente4167@empresa72.com
4168;670;Gerente;Marketing;cliente4168@empresa670.com
4169;661;Diretor (a) / Vice Presidente;Médico;cliente4169@empresa661.com
4170;85;Diretor (a) / Vice Presidente;Unidade de Negócios;cliente4170@empresa85.com
4171;89;Gerente;Médico;cliente4171@empresa89.com
4172;102;Gerente;Marketing;cliente4172@empresa102.com
4173;475;Gerente;Médico;cliente4173@empresa475.com
4174;123;Gerente;Médico;cliente4174@empresa123.com
4175;96;Diretor (a) / Vice Presidente;Marketing;cliente4175@empresa96.com
4176;118;Analista;Médico;cliente4176@empresa118.com
4177;139;Gerente;Marketing;cliente4177@empresa139.com
4178;22;Gerente;Compliance;cliente4178@empresa22.com
4179;37;Gerente;Jurídico;cliente4179@empresa37.com
4180;42;Diretor (a) / Vice Presidente;Compliance;cliente4180@empresa42.com
4181;49;Gerente;Compliance;cliente4181@empresa49.com
4182;54;Gerente;Compliance;cliente4182@empresa54.com
4183;57;Gerente;Compliance;cliente4183@empresa57.com
4184;60;Especialista;Compliance;cliente4184@empresa60.com
4185;62;Especialista;Jurídico;cliente4185@empresa62.com
4186;882;Coordenador (a) / Supervisor (a);Jurídico;cliente4186@empresa882.com
4187;79;Gerente;Compliance;cliente4187@empresa79.com
4188;85;Gerente;Compliance;cliente4188@empresa85.com
4189;105;Analista;Compliance;cliente4189@empresa105.com
4190;96;Diretor (a) / Vice Presidente;Jurídico;cliente4190@empresa96.com
4191;33;Coordenador (a) / Supervisor (a);SAC;cliente4191@empresa33.com
4192;62;Coordenador (a) / Supervisor (a);SAC;cliente4192@empresa62.com
4193;633;Analista;Garantia / Controle de Qualidade;cliente4193@empresa633.com
4194;96;Gerente;Informações Médicas;cliente4194@empresa96.com
4195;62;Coordenador (a) / Supervisor (a);Recursos Humanos;cliente4195@empresa62.com
4196;57;Gerente;Recursos Humanos;cliente4196@empresa57.com
4197;661;Analista;Recursos Humanos;cliente4197@empresa661.com
4198;85;Consultor (a);Recursos Humanos;cliente4198@empresa85.com
4199;822;Analista;Recursos Humanos;cliente4199@empresa822.com
4200;60;Gerente;Recursos Humanos;cliente4200@empresa60.com
4201;62;Analista;Recursos Humanos;cliente4201@empresa62.com
4202;65;Analista;Recursos Humanos;cliente4202@empresa65.com
4203;100;Analista;Compliance;cliente4203@empresa100.com
4204;122;Gerente;Recursos Humanos;cliente4204@empresa122.com
4205;50;Especialista;Recursos Humanos;cliente4205@empresa50.com
4206;215;Analista;Assuntos Regulatórios;cliente4206@empresa215.com
4207;7;Analista;Assuntos Regulatórios;cliente4207@empresa7.com
4208;8;Coordenador (a) / Supervisor (a);Assuntos Regulatórios;cliente4208@empresa8.com
4209;142;Gerente;Assuntos Regulatórios;cliente4209@empresa142.com
4210;13;Analista;Assuntos Regulatórios;cliente4210@empresa13.com
4211;93;Analista;Assuntos Regulatórios;cliente4211@empresa93.com
4212;25;Analista;Assuntos Regulatórios;cliente4212@empresa25.com
4213;29;Analista;Assuntos Regulatórios;cliente4213@empresa29.com
4214;34;Analista;Assuntos Regulatórios;cliente4214@empresa34.com
4215;37;Analista;Garantia / Controle de Qualidade;cliente4215@empresa37.com
4216;41;Analista;Assuntos Regulatórios;cliente4216@empresa41.com
4217;669;Gerente;Assuntos Regulatórios;cliente4217@empresa669.com
4218;769;Analista;Assuntos Regulatórios;cliente4218@empresa769.com
4219;54;Analista;Assuntos Regulatórios;cliente4219@empresa54.com
4220;56;Analista;Garantia / Controle de Qualidade;cliente4220@empresa56.com
4221;57;Estagiário (a);Assuntos Regulatórios;cliente4221@empresa57.com
4222;60;Gerente;Assuntos Regulatórios;cliente4222@empresa60.com
4223;882;Especialista;Assuntos Regulatórios;cliente4223@empresa882.com
4224;65;Gerente;Comunicação;cliente4224@empresa65.com
4225;390;Especialista;Assuntos Regulatórios;cliente4225@empresa390.com
4226;670;Coordenador (a) / Supervisor (a);Desenvolvimento de Produtos;cliente4226@empresa670.com
4227;77;Analista;Garantia / Controle de Qualidade;cliente4227@empresa77.com
4228;1108;Coordenador (a) / Supervisor (a);Garantia / Controle de Qualidade;cliente4228@empresa1108.com
4229;1041;Analista;Assuntos Regulatórios;cliente4229@empresa1041.com
4230;80;Coordenador (a) / Supervisor (a);Garantia / Controle de Qualidade;cliente4230@empresa80.com
4231;1207;Especialista;Garantia / Controle de Qualidade;cliente4231@empresa1207.com
4232;81;Gerente;Assuntos Regulatórios;cliente4232@empresa81.com
4233;426;Analista;Assuntos Regulatórios;cliente4233@empresa426.com
4234;1244;Analista;Assuntos Regulatórios;cliente4234@empresa1244.com
4235;777;Especialista;Assuntos Regulatórios;cliente4235@empresa777.com
4236;59;Analista;Assuntos Regulatórios;cliente4236@empresa59.com
4237;967;Analista;Assuntos Regulatórios;cliente4237@empresa967.com
4238;1194;Gerente;Assuntos Regulatórios;cliente4238@empresa1194.com
4239;112;Analista;Assuntos Regulatórios;cliente4239@empresa112.com
4240;114;Coordenador (a) / Supervisor (a);Assuntos Regulatórios;cliente4240@empresa114.com
4241;1195;Analista;Assuntos Regulatórios;cliente4241@empresa1195.com
4242;940;Analista;Assuntos Regulatórios;cliente4242@empresa940.com
4243;541;Coordenador (a) / Supervisor (a);Assuntos Regulatórios;cliente4243@empresa541.com
4244;118;Analista;Assuntos Regulatórios;cliente4244@empresa118.com
4245;122;Especialista;Validação;cliente4245@empresa122.com
4246;50;Analista;Desenvolvimento de Produtos;cliente4246@empresa50.com
4247;582;Analista;Garantia / Controle de Qualidade;cliente4247@empresa582.com
4248;128;Coordenador (a) / Supervisor (a);Assuntos Regulatórios;cliente4248@empresa128.com
4249;132;Gerente;Garantia / Controle de Qualidade;cliente4249@empresa132.com
4250;143;Analista;Garantia / Controle de Qualidade;cliente4250@empresa143.com
4251;23;Analista;Recursos Humanos;cliente4251@empresa23.com
4252;23;Gerente;Médico;cliente4252@empresa23.com
4253;26;Gerente;Médico;cliente4253@empresa26.com
4254;28;Diretor (a) / Vice Presidente;Pesquisa Clínica;cliente4254@empresa28.com
4255;37;Analista;Médico;cliente4255@empresa37.com
4256;54;Analista;Informações Médicas;cliente4256@empresa54.com
4257;1145;Gerente;Técnico-Científico;cliente4257@empresa1145.com
4258;60;Médico (a);Informações Médicas;cliente4258@empresa60.com
4259;62;Gerente;Médico;cliente4259@empresa62.com
4260;94;Gerente;Médico;cliente4260@empresa94.com
4261;85;Médico (a);Médico;cliente4261@empresa85.com
4262;89;Gerente;Informações Médicas;cliente4262@empresa89.com
4263;88;Gerente;Médico;cliente4263@empresa88.com
4264;100;Coordenador (a) / Supervisor (a);Informações Médicas;cliente4264@empresa100.com
4265;59;Gerente;SAC;cliente4265@empresa59.com
4266;106;Analista;Médico;cliente4266@empresa106.com
4267;475;Gerente;Pesquisa e Desenvolvimento;cliente4267@empresa475.com
4268;108;Médico (a);Médico;cliente4268@empresa108.com
4269;492;Médico (a);Médico;cliente4269@empresa492.com
4270;96;Gerente;Médico;cliente4270@empresa96.com
4271;884;Gerente;Informações Médicas;cliente4271@empresa884.com
4272;121;Diretor (a) / Vice Presidente;Médico;cliente4272@empresa121.com
4273;567;Analista;Médico;cliente4273@empresa567.com
4274;132;Gerente;Médico;cliente4274@empresa132.com
4275;18;Diretor (a) / Vice Presidente;Jurídico;cliente4275@empresa18.com
4276;112;Coordenador (a) / Supervisor (a);Jurídico;cliente4276@empresa112.com
4277;114;Diretor (a) / Vice Presidente;Jurídico;cliente4277@empresa114.com
4278;582;Gerente;Jurídico;cliente4278@empresa582.com
4279;132;Advogado (a);Jurídico;cliente4279@empresa132.com
4280;62;Especialista;Recursos Humanos;cliente4280@empresa62.com
4281;65;Analista;Recursos Humanos;cliente4281@empresa65.com
4282;100;Analista;Recursos Humanos;cliente4282@empresa100.com
4283;112;Analista;Recursos Humanos;cliente4283@empresa112.com
4284;37;Consultor (a);Recursos Humanos;cliente4284@empresa37.com
4285;52;Coordenador (a) / Supervisor (a);Administrativo;cliente4285@empresa52.com
4286;53;Diretor (a) / Vice Presidente;Operações;cliente4286@empresa53.com
4287;110;Analista;Compras / Suprimentos;cliente4287@empresa110.com
4288;28;Técnico;Segurança do Trabalho;cliente4288@empresa28.com
4289;62;Coordenador (a) / Supervisor (a);Segurança do Trabalho;cliente4289@empresa62.com
4290;67;Técnico;Segurança do Trabalho;cliente4290@empresa67.com
4291;633;Técnico;Segurança do Trabalho;cliente4291@empresa633.com
4292;1151;Técnico;Segurança do Trabalho;cliente4292@empresa1151.com
4293;127;Coordenador (a) / Supervisor (a);Segurança do Trabalho;cliente4293@empresa127.com
4294;129;Técnico;Segurança do Trabalho;cliente4294@empresa129.com
4295;48;Gerente;Recursos Humanos;cliente4295@empresa48.com
4296;612;Analista;Recursos Humanos;cliente4296@empresa612.com
4297;59;Coordenador (a) / Supervisor (a);Recursos Humanos;cliente4297@empresa59.com
4298;49;Analista;Recursos Humanos;cliente4298@empresa49.com
4299;85;Especialista;Recursos Humanos;cliente4299@empresa85.com
4300;100;Consultor (a);Recursos Humanos;cliente4300@empresa100.com
4301;60;Coordenador (a) / Supervisor (a);Recursos Humanos;cliente4301@empresa60.com
4302;62;Especialista;Médico;cliente4302@empresa62.com
4303;65;Analista;Recursos Humanos;cliente4303@empresa65.com
4304;85;Coordenador (a) / Supervisor (a);Recursos Humanos;cliente4304@empresa85.com
4305;582;Coordenador (a) / Supervisor (a);Segurança do Trabalho;cliente4305@empresa582.com
4306;8;Diretor (a) / Vice Presidente;Garantia / Controle de Qualidade;cliente4306@empresa8.com
4307;142;Gerente;Garantia / Controle de Qualidade;cliente4307@empresa142.com
4308;13;Gerente;Garantia / Controle de Qualidade;cliente4308@empresa13.com
4309;92;Gerente;Garantia / Controle de Qualidade;cliente4309@empresa92.com
4310;30;Analista;Validação;cliente4310@empresa30.com
4311;286;Diretor (a) / Vice Presidente;Garantia / Controle de Qualidade;cliente4311@empresa286.com
4312;34;Coordenador (a) / Supervisor (a);Garantia / Controle de Qualidade;cliente4312@empresa34.com
4313;37;Gerente;Garantia / Controle de Qualidade;cliente4313@empresa37.com
4314;38;Gerente;Assuntos Regulatórios;cliente4314@empresa38.com
4315;40;Gerente;Desenvolvimento Analítico;cliente4315@empresa40.com
4316;41;Diretor (a) / Vice Presidente;Garantia / Controle de Qualidade;cliente4316@empresa41.com
4317;610;Analista;Garantia / Controle de Qualidade;cliente4317@empresa610.com
4318;54;Gerente;Garantia / Controle de Qualidade;cliente4318@empresa54.com
4319;56;Coordenador (a) / Supervisor (a);Garantia / Controle de Qualidade;cliente4319@empresa56.com
4320;57;Coordenador (a) / Supervisor (a);Garantia / Controle de Qualidade;cliente4320@empresa57.com
4321;1145;Gerente;Garantia / Controle de Qualidade;cliente4321@empresa1145.com
4322;1236;Analista;Assuntos Regulatórios;cliente4322@empresa1236.com
4323;1223;Coordenador (a) / Supervisor (a);Garantia / Controle de Qualidade;cliente4323@empresa1223.com
4324;62;Analista;Validação;cliente4324@empresa62.com
4325;69;Diretor (a) / Vice Presidente;Garantia / Controle de Qualidade;cliente4325@empresa69.com
4326;759;Pesquisador (a);Pesquisa e Desenvolvimento;cliente4326@empresa759.com
4327;661;Gerente;Garantia / Controle de Qualidade;cliente4327@empresa661.com
4328;612;Gerente;Garantia / Controle de Qualidade;cliente4328@empresa612.com
4329;100;Analista;Garantia / Controle de Qualidade;cliente4329@empresa100.com
4330;1194;Gerente;Garantia / Controle de Qualidade;cliente4330@empresa1194.com
4331;105;Farmacêutico (a) Responsável;Financeiro;cliente4331@empresa105.com
4332;1151;Coordenador (a) / Supervisor (a);Garantia / Controle de Qualidade;cliente4332@empresa1151.com
4333;1228;Gerente;Assuntos Regulatórios;cliente4333@empresa1228.com
4334;111;Especialista;Garantia / Controle de Qualidade;cliente4334@empresa111.com
4335;121;Diretor (a) / Vice Presidente;Garantia / Controle de Qualidade;cliente4335@empresa121.com
4336;127;Coordenador (a) / Supervisor (a);Garantia / Controle de Qualidade;cliente4336@empresa127.com
4337;582;Gerente;Garantia / Controle de Qualidade;cliente4337@empresa582.com
4338;129;Gerente;Garantia / Controle de Qualidade;cliente4338@empresa129.com
4339;888;Coordenador (a) / Supervisor (a);Garantia / Controle de Qualidade;cliente4339@empresa888.com
4340;5;Gerente;Logística / Materiais / Supply;cliente4340@empresa5.com
4341;8;Analista;Logística / Materiais / Supply;cliente4341@empresa8.com
4342;16;Diretor (a) / Vice Presidente;Industrial / Produção;cliente4342@empresa16.com
4343;17;Coordenador (a) / Supervisor (a);Logística / Materiais / Supply;cliente4343@empresa17.com
4344;1163;Assistente / Assessor (a) / Auxiliar;Logística / Materiais / Supply;cliente4344@empresa1163.com
4345;44;Coordenador (a) / Supervisor (a);Logística / Materiais / Supply;cliente4345@empresa44.com
4346;769;Técnico;Segurança do Trabalho;cliente4346@empresa769.com
4347;52;Coordenador (a) / Supervisor (a);Logística / Materiais / Supply;cliente4347@empresa52.com
4348;54;Diretor (a) / Vice Presidente;Industrial / Produção;cliente4348@empresa54.com
4349;793;Gerente;Industrial / Produção;cliente4349@empresa793.com
4350;62;Gerente;Logística / Materiais / Supply;cliente4350@empresa62.com
4351;65;Coordenador (a) / Supervisor (a);Logística / Materiais / Supply;cliente4351@empresa65.com
4352;66;Técnico;Segurança do Trabalho;cliente4352@empresa66.com
4353;670;Gerente;Compras / Suprimentos;cliente4353@empresa670.com
4354;1033;Gerente;Industrial / Produção;cliente4354@empresa1033.com
4355;454;Coordenador (a) / Supervisor (a);Logística / Materiais / Supply;cliente4355@empresa454.com
4356;100;Gerente;Logística / Materiais / Supply;cliente4356@empresa100.com
4357;1089;Coordenador (a) / Supervisor (a);Garantia / Controle de Qualidade;cliente4357@empresa1089.com
4358;96;Coordenador (a) / Supervisor (a);Logística / Materiais / Supply;cliente4358@empresa96.com
4359;790;Farmacêutico (a) Responsável;Logística / Materiais / Supply;cliente4359@empresa790.com
4360;1072;Diretor (a) / Vice Presidente;Industrial / Produção;cliente4360@empresa1072.com
4361;1114;Gerente;Garantia / Controle de Qualidade;cliente4361@empresa1114.com
4362;118;Engenheiro (a);Engenharia;cliente4362@empresa118.com
4363;121;Coordenador (a) / Supervisor (a);Logística / Materiais / Supply;cliente4363@empresa121.com
4364;909;Gerente;Logística / Materiais / Supply;cliente4364@empresa909.com
4365;582;Coordenador (a) / Supervisor (a);Logística / Materiais / Supply;cliente4365@empresa582.com
4366;128;Analista;Logística / Materiais / Supply;cliente4366@empresa128.com
4367;139;Técnico;Segurança do Trabalho;cliente4367@empresa139.com
4368;601;Assistente / Assessor (a) / Auxiliar;Industrial / Produção;cliente4368@empresa601.com
4369;5;Gerente;Produtividade e Efetividade;cliente4369@empresa5.com
4370;8;Coordenador (a) / Supervisor (a);Garantia / Controle de Qualidade;cliente4370@empresa8.com
4371;231;Coordenador (a) / Supervisor (a);Garantia / Controle de Qualidade;cliente4371@empresa231.com
4372;17;Técnico;Industrial / Produção;cliente4372@empresa17.com
4373;19;Coordenador (a) / Supervisor (a);Garantia / Controle de Qualidade;cliente4373@empresa19.com
4374;1163;Farmacêutico (a) Responsável;Produtividade e Efetividade;cliente4374@empresa1163.com
4375;23;Coordenador (a) / Supervisor (a);Produtividade e Efetividade;cliente4375@empresa23.com
4376;90;Analista;Garantia / Controle de Qualidade;cliente4376@empresa90.com
4377;26;Coordenador (a) / Supervisor (a);Administrativo;cliente4377@empresa26.com
4378;649;Analista;Garantia / Controle de Qualidade;cliente4378@empresa649.com
4379;658;Analista;Garantia / Controle de Qualidade;cliente4379@empresa658.com
4380;38;Farmacêutico (a) Responsável;Garantia / Controle de Qualidade;cliente4380@empresa38.com
4381;40;Coordenador (a) / Supervisor (a);Garantia / Controle de Qualidade;cliente4381@empresa40.com
4382;610;Coordenador (a) / Supervisor (a);Segurança do Trabalho;cliente4382@empresa610.com
4383;44;Analista;Garantia / Controle de Qualidade;cliente4383@empresa44.com
4384;47;Gerente;Operações;cliente4384@empresa47.com
4385;48;Coordenador (a) / Supervisor (a);Produtividade e Efetividade;cliente4385@empresa48.com
4386;769;Analista;Garantia / Controle de Qualidade;cliente4386@empresa769.com
4387;1210;Coordenador (a) / Supervisor (a);Garantia / Controle de Qualidade;cliente4387@empresa1210.com
4388;54;Gerente;Operações;cliente4388@empresa54.com
4389;1145;Gerente;Engenharia;cliente4389@empresa1145.com
4390;1223;Analista;Boas Práticas de Laboratórios;cliente4390@empresa1223.com
4391;62;Diretor (a) / Vice Presidente;Garantia / Controle de Qualidade;cliente4391@empresa62.com
4392;749;Analista;Garantia / Controle de Qualidade;cliente4392@empresa749.com
4393;65;Especialista;Garantia / Controle de Qualidade;cliente4393@empresa65.com
4394;390;Coordenador (a) / Supervisor (a);Garantia / Controle de Qualidade;cliente4394@empresa390.com
4395;67;Coordenador (a) / Supervisor (a);Garantia / Controle de Qualidade;cliente4395@empresa67.com
4396;612;Coordenador (a) / Supervisor (a);Garantia / Controle de Qualidade;cliente4396@empresa612.com
4397;83;Diretor (a) / Vice Presidente;Garantia / Controle de Qualidade;cliente4397@empresa83.com
4398;426;Gerente;Garantia / Controle de Qualidade;cliente4398@empresa426.com
4399;1244;Coordenador (a) / Supervisor (a);Garantia / Controle de Qualidade;cliente4399@empresa1244.com
4400;100;Analista;Administrativo;cliente4400@empresa100.com
4401;633;Diretor (a) / Vice Presidente;Industrial / Produção;cliente4401@empresa633.com
4402;799;Analista;Boas Práticas de Laboratórios;cliente4402@empresa799.com
4403;112;Analista;Boas Práticas de Laboratórios;cliente4403@empresa112.com
4404;501;Especialista;Garantia / Controle de Qualidade;cliente4404@empresa501.com
4405;851;Especialista;Projetos;cliente4405@empresa851.com
4406;117;Coordenador (a) / Supervisor (a);Industrial / Produção;cliente4406@empresa117.com
4407;107;Analista;Garantia / Controle de Qualidade;cliente4407@empresa107.com
4408;96;Gerente;Operações;cliente4408@empresa96.com
4409;790;Coordenador (a) / Supervisor (a);Garantia / Controle de Qualidade;cliente4409@empresa790.com
4410;1257;Coordenador (a) / Supervisor (a);Garantia / Controle de Qualidade;cliente4410@empresa1257.com
4411;541;Gerente de Produto / Brand Manager;Boas Práticas de Manufatura;cliente4411@empresa541.com
4412;1085;Coordenador (a) / Supervisor (a);Industrial / Produção;cliente4412@empresa1085.com
4413;121;Gerente;Garantia / Controle de Qualidade;cliente4413@empresa121.com
4414;50;Analista;Garantia / Controle de Qualidade;cliente4414@empresa50.com
4415;909;Diretor (a) / Vice Presidente;Operações;cliente4415@empresa909.com
4416;127;Coordenador (a) / Supervisor (a);Industrial / Produção;cliente4416@empresa127.com
4417;582;Gerente;Operações;cliente4417@empresa582.com
4418;139;Diretor (a) / Vice Presidente;Operações;cliente4418@empresa139.com
4419;141;Analista;Garantia / Controle de Qualidade;cliente4419@empresa141.com
4420;18;Gerente;SAC;cliente4420@empresa18.com
4421;610;Analista;SAC;cliente4421@empresa610.com
4422;1244;Gerente;SAC;cliente4422@empresa1244.com
4423;111;Analista;SAC;cliente4423@empresa111.com
4424;129;Assistente / Assessor (a) / Auxiliar;SAC;cliente4424@empresa129.com
4425;13;Coordenador (a) / Supervisor (a);Financeiro;cliente4425@empresa13.com
4426;26;Assistente / Assessor (a) / Auxiliar;Administrativo;cliente4426@empresa26.com
4427;54;Coordenador (a) / Supervisor (a);Eventos;cliente4427@empresa54.com
4428;65;Gerente;Compras / Suprimentos;cliente4428@empresa65.com
4429;108;Secretário (a);Presidência;cliente4429@empresa108.com
4430;120;Gerente;Financeiro;cliente4430@empresa120.com
4431;906;Diretor (a) / Vice Presidente;Controladoria;cliente4431@empresa906.com
4432;689;Gerente;Administrativo;cliente4432@empresa689.com
4433;966;Diretor (a) / Vice Presidente;Assuntos Corporativos;cliente4433@empresa966.com
4434;95;Assistente / Assessor (a) / Auxiliar;Recursos Humanos;cliente4434@empresa95.com
4435;92;Analista;Recursos Humanos;cliente4435@empresa92.com
4436;65;Analista;Recursos Humanos;cliente4436@empresa65.com
4437;85;Analista;Recursos Humanos;cliente4437@empresa85.com
4438;22;Gerente;Recursos Humanos;cliente4438@empresa22.com
4439;27;Diretor (a) / Vice Presidente;Recursos Humanos;cliente4439@empresa27.com
4440;1290;Coordenador (a) / Supervisor (a);Administrativo;cliente4440@empresa1290.com
4441;62;Analista;Recursos Humanos;cliente4441@empresa62.com
4442;107;Especialista;Recursos Humanos;cliente4442@empresa107.com
4443;8;Coordenador (a) / Supervisor (a);Desenvolvimento Analítico;cliente4443@empresa8.com
4444;142;Coordenador (a) / Supervisor (a);Desenvolvimento de Produtos;cliente4444@empresa142.com
4445;231;Diretor (a) / Vice Presidente;Novos Negócios;cliente4445@empresa231.com
4446;12;Especialista;Pesquisa e Desenvolvimento;cliente4446@empresa12.com
4447;16;Gerente;Projetos;cliente4447@empresa16.com
4448;23;Presidente;Presidência;cliente4448@empresa23.com
4449;28;Gerente;Pesquisa e Desenvolvimento;cliente4449@empresa28.com
4450;34;Analista;Desenvolvimento de Produtos;cliente4450@empresa34.com
4451;52;Diretor (a) / Vice Presidente;Pesquisa e Desenvolvimento;cliente4451@empresa52.com
4452;60;Pesquisador (a);Pesquisa e Desenvolvimento;cliente4452@empresa60.com
4453;65;Diretor (a) / Vice Presidente;Operações;cliente4453@empresa65.com
4454;94;Diretor (a) / Vice Presidente;Inovação;cliente4454@empresa94.com
4455;390;Gerente;Garantia / Controle de Qualidade;cliente4455@empresa390.com
4456;66;Coordenador (a) / Supervisor (a);Desenvolvimento Analítico;cliente4456@empresa66.com
4457;426;Diretor (a) / Vice Presidente;Pesquisa e Desenvolvimento;cliente4457@empresa426.com
4458;89;Gerente;Inovação;cliente4458@empresa89.com
4459;1194;Diretor (a) / Vice Presidente;Compras / Suprimentos;cliente4459@empresa1194.com
4460;106;Especialista;Desenvolvimento Analítico;cliente4460@empresa106.com
4461;1151;Analista;Garantia / Controle de Qualidade;cliente4461@empresa1151.com
4462;114;Gerente;Inovação;cliente4462@empresa114.com
4463;107;Diretor (a) / Vice Presidente;Tecnologia da Informação;cliente4463@empresa107.com
4464;96;Diretor (a) / Vice Presidente;Tecnologia da Informação;cliente4464@empresa96.com
4465;541;Pesquisador (a);Pesquisa e Desenvolvimento;cliente4465@empresa541.com
4466;118;Analista;Inovação;cliente4466@empresa118.com
4467;120;Diretor (a) / Vice Presidente;Assuntos Corporativos;cliente4467@empresa120.com
4468;582;Gerente;Desenvolvimento de Produtos;cliente4468@empresa582.com
4469;128;Gerente;Projetos;cliente4469@empresa128.com
4470;129;Pesquisador (a);Desenvolvimento de Produtos;cliente4470@empresa129.com
4471;966;Coordenador (a) / Supervisor (a);Pesquisa e Desenvolvimento;cliente4471@empresa966.com
4472;601;Analista;Pesquisa e Desenvolvimento;cliente4472@empresa601.com
4473;6;Gerente;Tecnologia da Informação;cliente4473@empresa6.com
4474;8;Gerente;Marketing;cliente4474@empresa8.com
4475;142;Coordenador (a) / Supervisor (a);Marketing;cliente4475@empresa142.com
4476;16;Coordenador (a) / Supervisor (a);Tecnologia da Informação;cliente4476@empresa16.com
4477;28;Diretor (a) / Vice Presidente;Marketing;cliente4477@empresa28.com
4478;37;Gerente;Tecnologia da Informação;cliente4478@empresa37.com
4479;40;Analista;Médico;cliente4479@empresa40.com
4480;42;Gerente;Tecnologia da Informação;cliente4480@empresa42.com
4481;769;Analista;Assuntos Regulatórios;cliente4481@empresa769.com
4482;793;Gerente;Marketing;cliente4482@empresa793.com
4483;62;Diretor (a) / Vice Presidente;Inovação;cliente4483@empresa62.com
4484;80;Diretor (a) / Vice Presidente;Médico;cliente4484@empresa80.com
4485;1244;Gerente;Médico;cliente4485@empresa1244.com
4486;111;Gerente de Produto / Brand Manager;Marketing;cliente4486@empresa111.com
4487;737;Analista;Marketing;cliente4487@empresa737.com
4488;114;Gerente de Produto / Brand Manager;Marketing;cliente4488@empresa114.com
4489;118;Gerente;Inovação;cliente4489@empresa118.com
4490;582;Gerente;Tecnologia da Informação;cliente4490@empresa582.com
4491;130;Gerente;Médico;cliente4491@empresa130.com
4492;27;Analista;Médico;cliente4492@empresa27.com
4493;34;Diretor (a) / Vice Presidente;Garantia / Controle de Qualidade;cliente4493@empresa34.com
4494;610;Analista;Boas Práticas de Manufatura;cliente4494@empresa610.com
4495;49;Analista;SAC;cliente4495@empresa49.com
4496;822;Coordenador (a) / Supervisor (a);Garantia / Controle de Qualidade;cliente4496@empresa822.com
4497;60;Analista;SAC;cliente4497@empresa60.com
4498;88;Analista;Garantia / Controle de Qualidade;cliente4498@empresa88.com
4499;1244;Gerente;Garantia / Controle de Qualidade;cliente4499@empresa1244.com
4500;59;Analista;Garantia / Controle de Qualidade;cliente4500@empresa59.com
4501;119;Analista;Compliance;cliente4501@empresa119.com
4502;909;Analista;SAC;cliente4502@empresa909.com
4503;141;Analista;Garantia / Controle de Qualidade;cliente4503@empresa141.com
4504;6;Gerente;Pesquisa Clínica;cliente4504@empresa6.com
4505;12;Analista;Assuntos Regulatórios;cliente4505@empresa12.com
4506;34;Gerente;Assuntos Regulatórios;cliente4506@empresa34.com
4507;42;Gerente;Pesquisa Clínica;cliente4507@empresa42.com
4508;610;Diretor (a) / Vice Presidente;Pesquisa Clínica;cliente4508@empresa610.com
4509;52;Gerente;Pesquisa Clínica;cliente4509@empresa52.com
4510;54;Gerente;Pesquisa Clínica;cliente4510@empresa54.com
4511;24;Gerente;Médico;cliente4511@empresa24.com
4512;1244;Gerente;Assuntos Regulatórios;cliente4512@empresa1244.com
4513;59;Gerente;Pesquisa Clínica;cliente4513@empresa59.com
4514;501;Gerente;Pesquisa Clínica;cliente4514@empresa501.com
4515;116;Farmacêutico (a) Responsável;Assuntos Regulatórios;cliente4515@empresa116.com
4516;107;Diretor (a) / Vice Presidente;Médico;cliente4516@empresa107.com
4517;1009;Assistente / Assessor (a) / Auxiliar;Pesquisa Clínica;cliente4517@empresa1009.com
4518;541;Gerente;Pesquisa Clínica;cliente4518@empresa541.com
4519;884;Especialista;Assuntos Regulatórios;cliente4519@empresa884.com
4520;118;Gerente;Pesquisa Clínica;cliente4520@empresa118.com
4521;127;Especialista;Pesquisa Clínica;cliente4521@empresa127.com
4522;129;Analista;Pesquisa Clínica;cliente4522@empresa129.com
4523;8;Gerente;Pesquisa Clínica;cliente4523@empresa8.com
4524;234;Analista;Garantia / Controle de Qualidade;cliente4524@empresa234.com
4525;256;Gerente;Assuntos Regulatórios;cliente4525@empresa256.com
4526;28;Coordenador (a) / Supervisor (a);Assuntos Regulatórios;cliente4526@empresa28.com
4527;34;Gerente;Pesquisa e Desenvolvimento;cliente4527@empresa34.com
4528;40;Coordenador (a) / Supervisor (a);Assuntos Regulatórios;cliente4528@empresa40.com
4529;47;Gerente;Pesquisa e Desenvolvimento;cliente4529@empresa47.com
4530;769;Coordenador (a) / Supervisor (a);Assuntos Regulatórios;cliente4530@empresa769.com
4531;52;Coordenador (a) / Supervisor (a);Assuntos Regulatórios;cliente4531@empresa52.com
4532;60;Especialista;Assuntos Regulatórios;cliente4532@empresa60.com
4533;390;Analista;Garantia / Controle de Qualidade;cliente4533@empresa390.com
4534;66;Coordenador (a) / Supervisor (a);Boas Práticas de Laboratórios;cliente4534@empresa66.com
4535;1108;Gerente;Desenvolvimento de Produtos;cliente4535@empresa1108.com
4536;81;Analista;Garantia / Controle de Qualidade;cliente4536@empresa81.com
4537;612;Coordenador (a) / Supervisor (a);Desenvolvimento de Produtos;cliente4537@empresa612.com
4538;426;Coordenador (a) / Supervisor (a);Pesquisa e Desenvolvimento;cliente4538@empresa426.com
4539;1194;Gerente;Desenvolvimento de Produtos;cliente4539@empresa1194.com
4540;105;Analista;Desenvolvimento de Produtos;cliente4540@empresa105.com
4541;112;Analista;Garantia / Controle de Qualidade;cliente4541@empresa112.com
4542;807;Gerente;Garantia / Controle de Qualidade;cliente4542@empresa807.com
4543;541;Gerente;Assuntos Regulatórios;cliente4543@empresa541.com
4544;121;Analista;Assuntos Regulatórios;cliente4544@empresa121.com
4545;129;Gerente;Desenvolvimento de Produtos;cliente4545@empresa129.com
4546;601;Assistente / Assessor (a) / Auxiliar;Garantia / Controle de Qualidade;cliente4546@empresa601.com
4547;8;Gerente;Projetos;cliente4547@empresa8.com
4548;142;Gerente;Projetos;cliente4548@empresa142.com
4549;40;Analista;Projetos;cliente4549@empresa40.com
4550;54;Gerente;Projetos;cliente4550@empresa54.com
4551;390;Gerente;Projetos;cliente4551@empresa390.com
4552;106;Gerente;Engenharia;cliente4552@empresa106.com
4553;884;Gerente;Business Support;cliente4553@empresa884.com
4554;64;Farmacêutico (a) Responsável;SAC;cliente4554@empresa64.com
4555;28;Analista;Farmacovigilância;cliente4555@empresa28.com
4556;52;Gerente;Médico;cliente4556@empresa52.com
4557;62;Analista;Farmacovigilância;cliente4557@empresa62.com
4558;390;Médico (a);Farmacovigilância;cliente4558@empresa390.com
4559;66;Analista;Farmacovigilância;cliente4559@empresa66.com
4560;79;Gerente;Farmacovigilância;cliente4560@empresa79.com
4561;76;Coordenador (a) / Supervisor (a);Farmacovigilância;cliente4561@empresa76.com
4562;100;Analista;Farmacovigilância;cliente4562@empresa100.com
4563;851;Coordenador (a) / Supervisor (a);Garantia / Controle de Qualidade;cliente4563@empresa851.com
4564;1195;Gerente;Farmacovigilância;cliente4564@empresa1195.com
4565;107;Analista;Farmacovigilância;cliente4565@empresa107.com
4566;122;Analista;Assuntos Regulatórios;cliente4566@empresa122.com
4567;8;Propagandista de Produtos Farmacêuticos;Força de Vendas;cliente4567@empresa8.com
4568;142;Coordenador (a) / Supervisor (a);Tecnologia da Informação;cliente4568@empresa142.com
4569;26;Representante / Propagandista de Produtos Farmacêuticos;Força de Vendas;cliente4569@empresa26.com
4570;30;Especialista;Tecnologia da Informação;cliente4570@empresa30.com
4571;658;Gerente de Produto / Brand Manager;Marketing;cliente4571@empresa658.com
4572;48;Consultor de Produtos Farmacêuticos;Força de Vendas;cliente4572@empresa48.com
4573;52;Analista;Inteligência de Mercado;cliente4573@empresa52.com
4574;62;Vendedor (a) / Representante Comercial;Comercial / Vendas;cliente4574@empresa62.com
4575;85;Propagandista de Produtos Farmacêuticos;Força de Vendas;cliente4575@empresa85.com
4576;111;Coordenador (a) / Supervisor (a);Tecnologia da Informação;cliente4576@empresa111.com
4577;114;Diretor (a) / Vice Presidente;Marketing;cliente4577@empresa114.com
4578;121;Diretor (a) / Vice Presidente;Business Support;cliente4578@empresa121.com
4579;909;Gerente;Tecnologia da Informação;cliente4579@empresa909.com
4580;130;Propagandista de Produtos Farmacêuticos;Força de Vendas;cliente4580@empresa130.com
4581;8;Analista;Recursos Humanos;cliente4581@empresa8.com
4582;13;Técnico;Segurança do Trabalho;cliente4582@empresa13.com
4583;54;Analista;Recursos Humanos;cliente4583@empresa54.com
4584;66;Gerente;Recursos Humanos;cliente4584@empresa66.com
4585;69;Gerente;Recursos Humanos;cliente4585@empresa69.com
4586;8;Analista;Garantia / Controle de Qualidade;cliente4586@empresa8.com
4587;16;Analista;Assuntos Regulatórios;cliente4587@empresa16.com
4588;62;Gerente;Marcas e Patentes;cliente4588@empresa62.com
4589;65;Coordenador (a) / Supervisor (a);Garantia / Controle de Qualidade;cliente4589@empresa65.com
4590;81;Coordenador (a) / Supervisor (a);Garantia / Controle de Qualidade;cliente4590@empresa81.com
4591;85;Gerente;Relações Governamentais / Institucionais;cliente4591@empresa85.com
4592;1244;Técnico;Operações;cliente4592@empresa1244.com
4593;13;Analista;Farmacovigilância;cliente4593@empresa13.com
4594;256;Analista;Farmacovigilância;cliente4594@empresa256.com
4595;18;Assistente / Assessor (a) / Auxiliar;Farmacovigilância;cliente4595@empresa18.com
4596;1190;Diretor (a) / Vice Presidente;Farmacovigilância;cliente4596@empresa1190.com
4597;54;Analista;Farmacovigilância;cliente4597@empresa54.com
4598;69;Coordenador (a) / Supervisor (a);Farmacovigilância;cliente4598@empresa69.com
4599;1242;Farmacêutico (a) Responsável;Farmacovigilância;cliente4599@empresa1242.com
4600;100;Assistente / Assessor (a) / Auxiliar;Farmacovigilância;cliente4600@empresa100.com
4601;127;Gerente;Farmacovigilância;cliente4601@empresa127.com
4602;8;Coordenador (a) / Supervisor (a);Médico;cliente4602@empresa8.com
4603;111;Especialista;Recursos Humanos;cliente4603@empresa111.com
4604;1070;Sócio (a);Jurídico;cliente4604@empresa1070.com
4605;13;Analista;Compliance;cliente4605@empresa13.com
4606;16;Analista;Compliance;cliente4606@empresa16.com
4607;26;Advogado (a);Compliance;cliente4607@empresa26.com
4608;27;Diretor (a) / Vice Presidente;Compliance;cliente4608@empresa27.com
4609;28;Diretor (a) / Vice Presidente;Compliance;cliente4609@empresa28.com
4610;37;Gerente;Jurídico;cliente4610@empresa37.com
4611;42;Diretor (a) / Vice Presidente;Compliance;cliente4611@empresa42.com
4612;47;Especialista;Jurídico;cliente4612@empresa47.com
4613;887;Advogado (a);Compliance;cliente4613@empresa887.com
4614;65;Diretor (a) / Vice Presidente;Jurídico;cliente4614@empresa65.com
4615;1244;Gerente;Compliance;cliente4615@empresa1244.com
4616;846;Advogado (a);Compliance;cliente4616@empresa846.com
4617;111;Gerente;Compliance;cliente4617@empresa111.com
4618;827;Advogado (a);Jurídico;cliente4618@empresa827.com
4619;807;Gerente;Compliance;cliente4619@empresa807.com
4620;118;Gerente;Compliance;cliente4620@empresa118.com
4621;840;Advogado (a);Jurídico;cliente4621@empresa840.com
4622;1220;Advogado (a);Jurídico;cliente4622@empresa1220.com
4623;30;Advogado (a);Jurídico;cliente4623@empresa30.com
4624;43;Coordenador (a) / Supervisor (a);Recursos Humanos;cliente4624@empresa43.com
4625;52;Analista;Recursos Humanos;cliente4625@empresa52.com
4626;69;Assistente / Assessor (a) / Auxiliar;Jurídico;cliente4626@empresa69.com
4627;77;Analista;Recursos Humanos;cliente4627@empresa77.com
4628;76;Diretor (a) / Vice Presidente;Compliance;cliente4628@empresa76.com
4629;89;Gerente;Recursos Humanos;cliente4629@empresa89.com
4630;1244;Especialista;Recursos Humanos;cliente4630@empresa1244.com
4631;762;Advogado (a);Jurídico;cliente4631@empresa762.com
4632;106;Gerente;Recursos Humanos;cliente4632@empresa106.com
4633;118;Gerente;Recursos Humanos;cliente4633@empresa118.com
4634;128;Gerente;Compliance;cliente4634@empresa128.com
4635;231;Consultor (a);Meio Ambiente;cliente4635@empresa231.com
4636;28;Especialista;Meio Ambiente;cliente4636@empresa28.com
4637;669;Coordenador (a) / Supervisor (a);Meio Ambiente;cliente4637@empresa669.com
4638;45;Gerente;Farmacovigilância;cliente4638@empresa45.com
4639;769;Coordenador (a) / Supervisor (a);Garantia / Controle de Qualidade;cliente4639@empresa769.com
4640;60;Especialista;Meio Ambiente;cliente4640@empresa60.com
4641;1223;Coordenador (a) / Supervisor (a);Meio Ambiente;cliente4641@empresa1223.com
4642;62;Analista;Meio Ambiente;cliente4642@empresa62.com
4643;390;Analista;Meio Ambiente;cliente4643@empresa390.com
4644;70;Gerente;Segurança do Trabalho;cliente4644@empresa70.com
4645;670;Analista;Meio Ambiente;cliente4645@empresa670.com
4646;661;Coordenador (a) / Supervisor (a);Meio Ambiente;cliente4646@empresa661.com
4647;24;Diretor (a) / Vice Presidente;Assuntos Corporativos;cliente4647@empresa24.com
4648;89;Gerente;Jurídico;cliente4648@empresa89.com
4649;1244;Gerente;Meio Ambiente;cliente4649@empresa1244.com
4650;100;Analista;Meio Ambiente;cliente4650@empresa100.com
4651;105;Analista;Meio Ambiente;cliente4651@empresa105.com
4652;106;Coordenador (a) / Supervisor (a);Meio Ambiente;cliente4652@empresa106.com
4653;118;Analista;Garantia / Controle de Qualidade;cliente4653@empresa118.com
4654;121;Engenheiro (a);Meio Ambiente;cliente4654@empresa121.com
4655;129;Analista;Meio Ambiente;cliente4655@empresa129.com
4656;132;Analista;Logística / Materiais / Supply;cliente4656@empresa132.com
4657;708;Gerente;Operações;cliente4657@empresa708.com
4658;60;Gerente;Pesquisa Clínica;cliente4658@empresa60.com
4659;62;;Pesquisa Clínica;cliente4659@empresa62.com
4660;100;Analista;Pesquisa Clínica;cliente4660@empresa100.com
4661;142;Especialista;Recursos Humanos;cliente4661@empresa142.com
4662;23;Médico (a);Médico;cliente4662@empresa23.com
4663;28;Coordenador (a) / Supervisor (a);Recursos Humanos;cliente4663@empresa28.com
4664;85;Gerente;Médico;cliente4664@empresa85.com
4665;8;Diretor (a) / Vice Presidente;Assuntos Regulatórios;cliente4665@empresa8.com
4666;1190;Diretor (a) / Vice Presidente;Assuntos Regulatórios;cliente4666@empresa1190.com
4667;649;Gerente;Assuntos Regulatórios;cliente4667@empresa649.com
4668;28;Analista;Assuntos Regulatórios;cliente4668@empresa28.com
4669;40;Gerente;Pesquisa e Desenvolvimento;cliente4669@empresa40.com
4670;42;Gerente;Assuntos Regulatórios;cliente4670@empresa42.com
4671;769;Coordenador (a) / Supervisor (a);Assuntos Regulatórios;cliente4671@empresa769.com
4672;57;Coordenador (a) / Supervisor (a);Assuntos Regulatórios;cliente4672@empresa57.com
4673;1236;Coordenador (a) / Supervisor (a);Pesquisa e Desenvolvimento;cliente4673@empresa1236.com
4674;60;Especialista;Pesquisa e Desenvolvimento;cliente4674@empresa60.com
4675;749;Gerente;Pesquisa e Desenvolvimento;cliente4675@empresa749.com
4676;79;Diretor (a) / Vice Presidente;Assuntos Regulatórios;cliente4676@empresa79.com
4677;1244;Pesquisador (a);Pesquisa Clínica;cliente4677@empresa1244.com
4678;100;Coordenador (a) / Supervisor (a);Pesquisa Clínica;cliente4678@empresa100.com
4679;123;Coordenador (a) / Supervisor (a);Assuntos Regulatórios;cliente4679@empresa123.com
4680;107;Coordenador (a) / Supervisor (a);Assuntos Regulatórios;cliente4680@empresa107.com
4681;584;Coordenador (a) / Supervisor (a);Assuntos Regulatórios;cliente4681@empresa584.com
4682;127;Especialista;Assuntos Regulatórios;cliente4682@empresa127.com
4683;592;Gerente;Médico;cliente4683@empresa592.com
4684;689;Gerente;Assuntos Regulatórios;cliente4684@empresa689.com
4685;1224;Gerente;Assuntos Regulatórios;cliente4685@empresa1224.com
4686;8;Estagiário (a);Assuntos Corporativos;cliente4686@empresa8.com
4687;19;Consultor (a);Operações;cliente4687@empresa19.com
4688;40;Estagiário (a);Garantia / Controle de Qualidade;cliente4688@empresa40.com
4689;48;Gerente;Meio Ambiente;cliente4689@empresa48.com
4690;769;Analista;Meio Ambiente;cliente4690@empresa769.com
4691;60;Especialista;Meio Ambiente;cliente4691@empresa60.com
4692;1223;Coordenador (a) / Supervisor (a);Meio Ambiente;cliente4692@empresa1223.com
4693;749;Gerente;Administrativo;cliente4693@empresa749.com
4694;670;Analista;Meio Ambiente;cliente4694@empresa670.com
4695;940;Gerente;Relações Governamentais / Institucionais;cliente4695@empresa940.com
4696;118;Coordenador (a) / Supervisor (a);Meio Ambiente;cliente4696@empresa118.com
4697;122;Coordenador (a) / Supervisor (a);Meio Ambiente;cliente4697@empresa122.com
4698;52;Coordenador (a) / Supervisor (a);Recursos Humanos;cliente4698@empresa52.com
4699;62;Analista;Recursos Humanos;cliente4699@empresa62.com
4700;74;Vendedor (a) / Representante Comercial;Comercial / Vendas;cliente4700@empresa74.com
4701;1207;Consultor de Produtos Farmacêuticos;Força de Vendas;cliente4701@empresa1207.com
4702;313;Especialista;Comércio Exterior / Importação e Exportação;cliente4702@empresa313.com
4703;119;Gerente;Comercial / Vendas;cliente4703@empresa119.com
4704;5;Coordenador (a) / Supervisor (a);Farmacovigilância;cliente4704@empresa5.com
4705;8;Coordenador (a) / Supervisor (a);Garantia / Controle de Qualidade;cliente4705@empresa8.com
4706;231;Analista;Garantia / Controle de Qualidade;cliente4706@empresa231.com
4707;19;Gerente;Garantia / Controle de Qualidade;cliente4707@empresa19.com
4708;1190;Diretor (a) / Vice Presidente;Farmacovigilância;cliente4708@empresa1190.com
4709;37;Analista;Garantia / Controle de Qualidade;cliente4709@empresa37.com
4710;610;Analista;Garantia / Controle de Qualidade;cliente4710@empresa610.com
4711;48;Analista;Farmacovigilância;cliente4711@empresa48.com
4712;49;Diretor (a) / Vice Presidente;Garantia / Controle de Qualidade;cliente4712@empresa49.com
4713;57;Especialista;Garantia / Controle de Qualidade;cliente4713@empresa57.com
4714;882;Analista;Garantia / Controle de Qualidade;cliente4714@empresa882.com
4715;1122;Analista;Garantia / Controle de Qualidade;cliente4715@empresa1122.com
4716;69;Coordenador (a) / Supervisor (a);Garantia / Controle de Qualidade;cliente4716@empresa69.com
4717;73;Analista;Garantia / Controle de Qualidade;cliente4717@empresa73.com
4718;75;Especialista;Garantia / Controle de Qualidade;cliente4718@empresa75.com
4719;88;Gerente;Garantia / Controle de Qualidade;cliente4719@empresa88.com
4720;1286;Farmacêutico (a) Responsável;Assuntos Regulatórios;cliente4720@empresa1286.com
4721;457;Especialista;Garantia / Controle de Qualidade;cliente4721@empresa457.com
4722;105;Analista;Assuntos Regulatórios;cliente4722@empresa105.com
4723;123;Gerente;Farmacovigilância;cliente4723@empresa123.com
4724;112;Analista;Farmacovigilância;cliente4724@empresa112.com
4725;1195;Gerente;Garantia / Controle de Qualidade;cliente4725@empresa1195.com
4726;117;Gerente;Garantia / Controle de Qualidade;cliente4726@empresa117.com
4727;541;Analista;Farmacovigilância;cliente4727@empresa541.com
4728;1114;Analista;Garantia / Controle de Qualidade;cliente4728@empresa1114.com
4729;130;Analista;Farmacovigilância;cliente4729@empresa130.com
4730;591;Coordenador (a) / Supervisor (a);Operações;cliente4730@empresa591.com
4731;708;Analista;Garantia / Controle de Qualidade;cliente4731@empresa708.com
4732;139;Analista;Garantia / Controle de Qualidade;cliente4732@empresa139.com
4733;6;Diretor (a) / Vice Presidente;Assuntos Regulatórios;cliente4733@empresa6.com
4734;231;Coordenador (a) / Supervisor (a);Desenvolvimento Analítico;cliente4734@empresa231.com
4735;13;Gerente;Assuntos Regulatórios;cliente4735@empresa13.com
4736;256;Gerente;Assuntos Regulatórios;cliente4736@empresa256.com
4737;658;Diretor (a) / Vice Presidente;Assuntos Regulatórios;cliente4737@empresa658.com
4738;34;Diretor (a) / Vice Presidente;Assuntos Regulatórios;cliente4738@empresa34.com
4739;610;Especialista;Assuntos Regulatórios;cliente4739@empresa610.com
4740;44;Diretor (a) / Vice Presidente;Assuntos Regulatórios;cliente4740@empresa44.com
4741;769;Gerente;Assuntos Regulatórios;cliente4741@empresa769.com
4742;57;Diretor (a) / Vice Presidente;Assuntos Regulatórios;cliente4742@empresa57.com
4743;62;Gerente;Assuntos Regulatórios;cliente4743@empresa62.com
4744;67;Gerente;Assuntos Regulatórios;cliente4744@empresa67.com
4745;1041;Analista;Assuntos Regulatórios;cliente4745@empresa1041.com
4746;81;Gerente;Desenvolvimento de Produtos;cliente4746@empresa81.com
4747;1244;Analista;Assuntos Regulatórios;cliente4747@empresa1244.com
4748;100;Diretor (a) / Vice Presidente;Assuntos Corporativos;cliente4748@empresa100.com
4749;633;Gerente;Pesquisa e Desenvolvimento;cliente4749@empresa633.com
4750;123;Diretor (a) / Vice Presidente;Assuntos Regulatórios;cliente4750@empresa123.com
4751;114;Gerente;Assuntos Regulatórios;cliente4751@empresa114.com
4752;851;Especialista;Assuntos Regulatórios;cliente4752@empresa851.com
4753;118;Gerente;Assuntos Regulatórios;cliente4753@empresa118.com
4754;120;Gerente;Assuntos Regulatórios;cliente4754@empresa120.com
4755;121;Gerente;Assuntos Regulatórios;cliente4755@empresa121.com
4756;708;Coordenador (a) / Supervisor (a);Assuntos Regulatórios;cliente4756@empresa708.com
4757;44;Assistente / Assessor (a) / Auxiliar;Recursos Humanos;cliente4757@empresa44.com
4758;59;Especialista;Recursos Humanos;cliente4758@empresa59.com
4759;106;Analista;Recursos Humanos;cliente4759@empresa106.com
4760;475;Analista;Recursos Humanos;cliente4760@empresa475.com
4761;54;Coordenador (a) / Supervisor (a);Recursos Humanos;cliente4761@empresa54.com
4762;79;Especialista;Recursos Humanos;cliente4762@empresa79.com
4763;59;Gerente;Fiscal;cliente4763@empresa59.com
4764;106;Gerente;Recursos Humanos;cliente4764@empresa106.com
4765;1228;Contador (a);Contabilidade;cliente4765@empresa1228.com
4766;906;Gerente;Recursos Humanos;cliente4766@empresa906.com
4767;276;Coordenador (a) / Supervisor (a);Desenvolvimento Analítico;cliente4767@empresa276.com
4768;28;Coordenador (a) / Supervisor (a);Farmacovigilância;cliente4768@empresa28.com
4769;57;Coordenador (a) / Supervisor (a);Farmacovigilância;cliente4769@empresa57.com
4770;60;Especialista;Farmacovigilância;cliente4770@empresa60.com
4771;76;Gerente;Farmacovigilância;cliente4771@empresa76.com
4772;123;Diretor (a) / Vice Presidente;Farmacovigilância;cliente4772@empresa123.com
4773;1025;Farmacêutico (a) Responsável;Farmacovigilância;cliente4773@empresa1025.com
4774;127;Diretor (a) / Vice Presidente;Farmacovigilância;cliente4774@empresa127.com
4775;234;Assistente / Assessor (a) / Auxiliar;SAC;cliente4775@empresa234.com
4776;12;Analista;Pesquisa Clínica;cliente4776@empresa12.com
4777;18;Gerente;SAC;cliente4777@empresa18.com
4778;42;Médico (a);Médico;cliente4778@empresa42.com
4779;54;Coordenador (a) / Supervisor (a);Administrativo;cliente4779@empresa54.com
4780;60;Coordenador (a) / Supervisor (a);Médico;cliente4780@empresa60.com
4781;65;Analista;Pesquisa e Desenvolvimento;cliente4781@empresa65.com
4782;76;Gerente;Médico;cliente4782@empresa76.com
4783;81;Estagiário (a);Administrativo;cliente4783@empresa81.com
4784;85;Médico (a);Marketing;cliente4784@empresa85.com
4785;457;Analista;Médico;cliente4785@empresa457.com
4786;102;Gerente;Médico;cliente4786@empresa102.com
4787;123;Gerente;Médico;cliente4787@empresa123.com
4788;851;Analista;SAC;cliente4788@empresa851.com
4789;96;Diretor (a) / Vice Presidente;SAC;cliente4789@empresa96.com
4790;118;Coordenador (a) / Supervisor (a);Médico;cliente4790@empresa118.com
4791;592;Analista;Farmacovigilância;cliente4791@empresa592.com
4792;5;Gerente;Acesso;cliente4792@empresa5.com
4793;142;Gerente;Acesso;cliente4793@empresa142.com
4794;13;Gerente;Acesso;cliente4794@empresa13.com
4795;19;Diretor (a) / Vice Presidente;Acesso;cliente4795@empresa19.com
4796;1190;Gerente;Acesso;cliente4796@empresa1190.com
4797;658;Analista;Validação;cliente4797@empresa658.com
4798;37;Gerente;Acesso;cliente4798@empresa37.com
4799;42;Gerente;Acesso;cliente4799@empresa42.com
4800;1221;Sócio (a);Jurídico;cliente4800@empresa1221.com
4801;53;Diretor (a) / Vice Presidente;Acesso;cliente4801@empresa53.com
4802;54;Diretor (a) / Vice Presidente;Acesso;cliente4802@empresa54.com
4803;57;Gerente;Acesso;cliente4803@empresa57.com
4804;75;Diretor (a) / Vice Presidente;Acesso;cliente4804@empresa75.com
4805;89;Diretor (a) / Vice Presidente;Relações Governamentais / Institucionais;cliente4805@empresa89.com
4806;100;Gerente;Acesso;cliente4806@empresa100.com
4807;739;Sócio (a);Jurídico;cliente4807@empresa739.com
4808;106;Gerente;Acesso;cliente4808@empresa106.com
4809;96;Gerente;Acesso;cliente4809@empresa96.com
4810;118;Gerente;Acesso;cliente4810@empresa118.com
4811;121;Gerente;Preços;cliente4811@empresa121.com
4812;840;Advogado (a);Jurídico;cliente4812@empresa840.com
4813;128;Gerente;Acesso;cliente4813@empresa128.com
4814;4;Gerente;Acesso;cliente4814@empresa4.com
4815;132;Especialista;Acesso;cliente4815@empresa132.com
4816;592;Gerente;Acesso;cliente4816@empresa592.com
4817;28;Assistente / Assessor (a) / Auxiliar;Médico;cliente4817@empresa28.com
4818;62;Especialista;Médico;cliente4818@empresa62.com
4819;24;Gerente;Recursos Humanos;cliente4819@empresa24.com
4820;100;Analista;Recursos Humanos;cliente4820@empresa100.com
4821;111;Especialista;Recursos Humanos;cliente4821@empresa111.com
4822;7;Coordenador (a) / Supervisor (a);Contabilidade;cliente4822@empresa7.com
4823;231;Diretor (a) / Vice Presidente;Assuntos Corporativos;cliente4823@empresa231.com
4824;1022;Presidente;Comercial / Vendas;cliente4824@empresa1022.com
4825;12;Analista;Recursos Humanos;cliente4825@empresa12.com
4826;29;Analista;Recursos Humanos;cliente4826@empresa29.com
4827;56;Coordenador (a) / Supervisor (a);Financeiro;cliente4827@empresa56.com
4828;62;Coordenador (a) / Supervisor (a);Recursos Humanos;cliente4828@empresa62.com
4829;410;Gerente;Recursos Humanos;cliente4829@empresa410.com
4830;100;Analista;Recursos Humanos;cliente4830@empresa100.com
4831;1255;Diretor (a) / Vice Presidente;Recursos Humanos;cliente4831@empresa1255.com
4832;111;Analista;Recursos Humanos;cliente4832@empresa111.com
4833;112;Analista;Recursos Humanos;cliente4833@empresa112.com
4834;501;Analista;Recursos Humanos;cliente4834@empresa501.com
4835;107;Especialista;Recursos Humanos;cliente4835@empresa107.com
4836;120;Analista;Recursos Humanos;cliente4836@empresa120.com
4837;48;Coordenador (a) / Supervisor (a);Recursos Humanos;cliente4837@empresa48.com
4838;1193;Diretor (a) / Vice Presidente;Garantia / Controle de Qualidade;cliente4838@empresa1193.com
4839;716;Coordenador (a) / Supervisor (a);Recursos Humanos;cliente4839@empresa716.com
4840;998;Coordenador (a) / Supervisor (a);Recursos Humanos;cliente4840@empresa998.com
4841;784;Coordenador (a) / Supervisor (a);Recursos Humanos;cliente4841@empresa784.com
4842;130;Consultor (a);Comunicação;cliente4842@empresa130.com
4843;142;Gerente;Médico;cliente4843@empresa142.com
4844;19;Gerente;Médico;cliente4844@empresa19.com
4845;92;Coordenador (a) / Supervisor (a);Médico;cliente4845@empresa92.com
4846;52;Coordenador (a) / Supervisor (a);Médico;cliente4846@empresa52.com
4847;62;Coordenador (a) / Supervisor (a);Médico;cliente4847@empresa62.com
4848;100;Analista;Médico;cliente4848@empresa100.com
4849;1165;Técnico;Segurança do Trabalho;cliente4849@empresa1165.com
4850;114;Médico (a);Operações;cliente4850@empresa114.com
4851;96;Técnico;Recursos Humanos;cliente4851@empresa96.com
4852;120;Coordenador (a) / Supervisor (a);Segurança do Trabalho;cliente4852@empresa120.com
4853;127;Técnico;Segurança do Trabalho;cliente4853@empresa127.com
4854;34;Especialista;Recursos Humanos;cliente4854@empresa34.com
4855;123;Gerente;Recursos Humanos;cliente4855@empresa123.com
4856;582;Analista;Recursos Humanos;cliente4856@empresa582.com
4857;130;Analista;Recursos Humanos;cliente4857@empresa130.com
4858;5;Diretor (a) / Vice Presidente;Assuntos Regulatórios;cliente4858@empresa5.com
4859;231;Coordenador (a) / Supervisor (a);Pesquisa e Desenvolvimento;cliente4859@empresa231.com
4860;12;Analista;Pesquisa e Desenvolvimento;cliente4860@empresa12.com
4861;28;Coordenador (a) / Supervisor (a);Desenvolvimento de Produtos;cliente4861@empresa28.com
4862;34;Especialista;Desenvolvimento Analítico;cliente4862@empresa34.com
4863;40;Gerente;Pesquisa e Desenvolvimento;cliente4863@empresa40.com
4864;42;Especialista;Assuntos Regulatórios;cliente4864@empresa42.com
4865;669;Especialista;Pesquisa e Desenvolvimento;cliente4865@empresa669.com
4866;49;Analista;Pesquisa e Desenvolvimento;cliente4866@empresa49.com
4867;52;Especialista;Desenvolvimento Analítico;cliente4867@empresa52.com
4868;54;Gerente;Assuntos Regulatórios;cliente4868@empresa54.com
4869;57;Gerente;Assuntos Regulatórios;cliente4869@empresa57.com
4870;715;Analista;Assuntos Regulatórios;cliente4870@empresa715.com
4871;390;Analista;Assuntos Regulatórios;cliente4871@empresa390.com
4872;66;Especialista;Desenvolvimento Analítico;cliente4872@empresa66.com
4873;1207;Gerente;Assuntos Regulatórios;cliente4873@empresa1207.com
4874;100;Especialista;Pesquisa e Desenvolvimento;cliente4874@empresa100.com
4875;112;Coordenador (a) / Supervisor (a);Pesquisa e Desenvolvimento;cliente4875@empresa112.com
4876;501;Analista;Assuntos Regulatórios;cliente4876@empresa501.com
4877;96;Analista;Validação;cliente4877@empresa96.com
4878;582;Coordenador (a) / Supervisor (a);Pesquisa e Desenvolvimento;cliente4878@empresa582.com
4879;966;Gerente;Desenvolvimento Analítico;cliente4879@empresa966.com
4880;610;Analista;Farmacovigilância;cliente4880@empresa610.com
4881;65;Analista;Farmacovigilância;cliente4881@empresa65.com
4882;1242;Especialista;Farmacovigilância;cliente4882@empresa1242.com
4883;1043;Coordenador (a) / Supervisor (a);Farmacovigilância;cliente4883@empresa1043.com
4884;59;Gerente;Farmacovigilância;cliente4884@empresa59.com
4885;118;Especialista;Farmacovigilância;cliente4885@empresa118.com
4886;12;Coordenador (a) / Supervisor (a);Pesquisa Clínica;cliente4886@empresa12.com
4887;16;Especialista;Pesquisa Clínica;cliente4887@empresa16.com
4888;17;Diretor (a) / Vice Presidente;Pesquisa e Desenvolvimento;cliente4888@empresa17.com
4889;610;Monitor (a);Pesquisa Clínica;cliente4889@empresa610.com
4890;1290;Gerente;Assuntos Regulatórios;cliente4890@empresa1290.com
4891;390;Analista;Pesquisa Clínica;cliente4891@empresa390.com
4892;69;Analista;Pesquisa Clínica;cliente4892@empresa69.com
4893;1033;Analista;Pesquisa e Desenvolvimento;cliente4893@empresa1033.com
4894;59;Diretor (a) / Vice Presidente;Pesquisa e Desenvolvimento;cliente4894@empresa59.com
4895;967;Diretor (a) / Vice Presidente;Assuntos Regulatórios;cliente4895@empresa967.com
4896;114;Gerente;Pesquisa Clínica;cliente4896@empresa114.com
4897;1009;Analista;Projetos;cliente4897@empresa1009.com
4898;567;Assistente / Assessor (a) / Auxiliar;Pesquisa Clínica;cliente4898@empresa567.com
4899;8;Assistente / Assessor (a) / Auxiliar;Recursos Humanos;cliente4899@empresa8.com
4900;100;Analista;Recursos Humanos;cliente4900@empresa100.com
4901;118;Gerente;Recursos Humanos;cliente4901@empresa118.com
4902;129;Coordenador (a) / Supervisor (a);Recursos Humanos;cliente4902@empresa129.com
4903;92;Gerente;Comércio Exterior / Importação e Exportação;cliente4903@empresa92.com
4904;93;Gerente;Pesquisa e Desenvolvimento;cliente4904@empresa93.com
4905;649;Diretor (a) / Vice Presidente;Administrativo;cliente4905@empresa649.com
4906;658;Diretor (a) / Vice Presidente;Novos Negócios;cliente4906@empresa658.com
4907;34;Analista;Pesquisa e Desenvolvimento;cliente4907@empresa34.com
4908;43;Presidente;Presidência;cliente4908@empresa43.com
4909;48;Diretor (a) / Vice Presidente;Acesso;cliente4909@empresa48.com
4910;52;Gerente;Desenvolvimento Analítico;cliente4910@empresa52.com
4911;60;Diretor (a) / Vice Presidente;Negócios Internacionais;cliente4911@empresa60.com
4912;1223;Coordenador (a) / Supervisor (a);Assuntos Regulatórios;cliente4912@empresa1223.com
4913;749;Coordenador (a) / Supervisor (a);Pesquisa e Desenvolvimento;cliente4913@empresa749.com
4914;882;Analista;Comércio Exterior / Importação e Exportação;cliente4914@empresa882.com
4915;390;Analista;Comercial / Vendas;cliente4915@empresa390.com
4916;66;Gerente;Business Support;cliente4916@empresa66.com
4917;1244;Coordenador (a) / Supervisor (a);Comércio Exterior / Importação e Exportação;cliente4917@empresa1244.com
4918;100;Analista;Assuntos Regulatórios;cliente4918@empresa100.com
4919;105;Presidente;Administrativo;cliente4919@empresa105.com
4920;123;Gerente;Logística / Materiais / Supply;cliente4920@empresa123.com
4921;501;Analista;Farmacoeconomia;cliente4921@empresa501.com
4922;107;Diretor (a) / Vice Presidente;Acesso;cliente4922@empresa107.com
4923;1257;Diretor (a) / Vice Presidente;Técnico-Científico;cliente4923@empresa1257.com
4924;884;Gerente;Acesso;cliente4924@empresa884.com
4925;1085;Analista;Assuntos Regulatórios;cliente4925@empresa1085.com
4926;118;Coordenador (a) / Supervisor (a);Operações;cliente4926@empresa118.com
4927;120;Diretor (a) / Vice Presidente;Novos Negócios;cliente4927@empresa120.com
4928;582;Gerente;Desenvolvimento Analítico;cliente4928@empresa582.com
4929;132;Presidente;Comercial / Vendas;cliente4929@empresa132.com
4930;906;Diretor (a) / Vice Presidente;Relações Governamentais / Institucionais;cliente4930@empresa906.com
4931;592;Diretor (a) / Vice Presidente;Acesso;cliente4931@empresa592.com
4932;138;Gerente;Acesso;cliente4932@empresa138.com
4933;234;Gerente;Segurança do Trabalho;cliente4933@empresa234.com
4934;19;Gerente;Médico;cliente4934@empresa19.com
4935;27;Coordenador (a) / Supervisor (a);Recursos Humanos;cliente4935@empresa27.com
4936;28;Engenheiro (a);Segurança do Trabalho;cliente4936@empresa28.com
4937;42;Diretor (a) / Vice Presidente;Segurança do Trabalho;cliente4937@empresa42.com
4938;48;Engenheiro (a);Segurança do Trabalho;cliente4938@empresa48.com
4939;62;Médico (a);Médico;cliente4939@empresa62.com
4940;80;Diretor (a) / Vice Presidente;Recursos Humanos;cliente4940@empresa80.com
4941;426;Técnico;Segurança do Trabalho;cliente4941@empresa426.com
4942;102;Especialista;Médico;cliente4942@empresa102.com
4943;737;Assistente / Assessor (a) / Auxiliar;Recursos Humanos;cliente4943@empresa737.com
4944;96;Técnico;Recursos Humanos;cliente4944@empresa96.com
4945;541;Engenheiro (a);Segurança do Trabalho;cliente4945@empresa541.com
4946;689;Analista;Recursos Humanos;cliente4946@empresa689.com
4947;27;Estagiário (a);Recursos Humanos;cliente4947@empresa27.com
4948;54;Analista;Farmacovigilância;cliente4948@empresa54.com
4949;89;Gerente;Farmacovigilância;cliente4949@empresa89.com
4950;851;Coordenador (a) / Supervisor (a);SAC;cliente4950@empresa851.com
4951;215;Analista;Assuntos Regulatórios;cliente4951@empresa215.com
4952;829;Coordenador (a) / Supervisor (a);Garantia / Controle de Qualidade;cliente4952@empresa829.com
4953;1253;Especialista;Comércio Exterior / Importação e Exportação;cliente4953@empresa1253.com
4954;850;Analista;Assuntos Regulatórios;cliente4954@empresa850.com
4955;234;Analista;Assuntos Regulatórios;cliente4955@empresa234.com
4956;64;Analista;Tecnologia da Informação;cliente4956@empresa64.com
4957;12;Analista;Pesquisa e Desenvolvimento;cliente4957@empresa12.com
4958;17;Pesquisador (a);Pesquisa e Desenvolvimento;cliente4958@empresa17.com
4959;261;Coordenador (a) / Supervisor (a);Meio Ambiente;cliente4959@empresa261.com
4960;646;Gerente;Comercial / Vendas;cliente4960@empresa646.com
4961;22;Coordenador (a) / Supervisor (a);Industrial / Produção;cliente4961@empresa22.com
4962;23;Gerente;Tecnologia da Informação;cliente4962@empresa23.com
4963;25;Assistente / Assessor (a) / Auxiliar;Assuntos Regulatórios;cliente4963@empresa25.com
4964;26;Especialista;Validação;cliente4964@empresa26.com
4965;276;Pesquisador (a);Técnico-Científico;cliente4965@empresa276.com
4966;649;Técnico;Desenvolvimento Analítico;cliente4966@empresa649.com
4967;1056;Analista;Garantia / Controle de Qualidade;cliente4967@empresa1056.com
4968;34;Diretor (a) / Vice Presidente;Médico;cliente4968@empresa34.com
4969;911;Farmacêutico (a) Responsável;Garantia / Controle de Qualidade;cliente4969@empresa911.com
4970;1065;Farmacêutico (a) Responsável;Garantia / Controle de Qualidade;cliente4970@empresa1065.com
4971;40;Analista;Pesquisa e Desenvolvimento;cliente4971@empresa40.com
4972;610;Gerente;Assuntos Regulatórios;cliente4972@empresa610.com
4973;808;Especialista;Projetos;cliente4973@empresa808.com
4974;44;Gerente;Projetos;cliente4974@empresa44.com
4975;45;Gerente;Garantia / Controle de Qualidade;cliente4975@empresa45.com
4976;47;Especialista;Pesquisa e Desenvolvimento;cliente4976@empresa47.com
4977;887;Sócio (a);Jurídico;cliente4977@empresa887.com
4978;49;Gerente;Desenvolvimento Analítico;cliente4978@empresa49.com
4979;1161;Vendedor (a) / Representante Comercial;Comercial / Vendas;cliente4979@empresa1161.com
4980;767;Especialista;Pesquisa e Desenvolvimento;cliente4980@empresa767.com
4981;1193;Coordenador (a) / Supervisor (a);Garantia / Controle de Qualidade;cliente4981@empresa1193.com
4982;822;Coordenador (a) / Supervisor (a);Tecnologia da Informação;cliente4982@empresa822.com
4983;1288;Gerente;Comércio Exterior / Importação e Exportação;cliente4983@empresa1288.com
4984;1223;Analista;Desenvolvimento Analítico;cliente4984@empresa1223.com
4985;62;Estagiário (a);Informações Médicas;cliente4985@empresa62.com
4986;1088;Estagiário (a);Garantia / Controle de Qualidade;cliente4986@empresa1088.com
4987;1205;Farmacêutico (a) Responsável;Garantia / Controle de Qualidade;cliente4987@empresa1205.com
4988;1122;Farmacêutico (a) Responsável;Assuntos Regulatórios;cliente4988@empresa1122.com
4989;390;Analista;Industrial / Produção;cliente4989@empresa390.com
4990;880;Analista;Logística / Materiais / Supply;cliente4990@empresa880.com
4991;1199;Assistente / Assessor (a) / Auxiliar;Garantia / Controle de Qualidade;cliente4991@empresa1199.com
4992;1214;Consultor (a);Garantia / Controle de Qualidade;cliente4992@empresa1214.com
4993;1041;Farmacêutico (a) Responsável;Garantia / Controle de Qualidade;cliente4993@empresa1041.com
4994;79;Estagiário (a);Assuntos Regulatórios;cliente4994@empresa79.com
4995;540;Diretor (a) / Vice Presidente;Técnico-Científico;cliente4995@empresa540.com
4996;80;Analista;Validação;cliente4996@empresa80.com
4997;612;Analista;Assuntos Regulatórios;cliente4997@empresa612.com
4998;996;Gerente;Pesquisa e Desenvolvimento;cliente4998@empresa996.com
4999;1059;Diretor (a) / Vice Presidente;Técnico-Científico;cliente4999@empresa1059.com
5000;87;Analista;Farmacovigilância;cliente5000@empresa87.com
5001;1301;Gerente;Operações;cliente5001@empresa1301.com
5002;622;Coordenador (a) / Supervisor (a);Garantia / Controle de Qualidade;cliente5002@empresa622.com
5003;89;Analista;Desenvolvimento Analítico;cliente5003@empresa89.com
5004;725;Coordenador (a) / Supervisor (a);Assuntos Regulatórios;cliente5004@empresa725.com
5005;1140;Gerente;Comercial / Vendas;cliente5005@empresa1140.com
5006;100;Analista;Pesquisa Clínica;cliente5006@empresa100.com
5007;898;Farmacêutico (a) Responsável;Assuntos Regulatórios;cliente5007@empresa898.com
5008;1194;Gerente;Desenvolvimento Analítico;cliente5008@empresa1194.com
5009;1101;Diretor (a) / Vice Presidente;Médico;cliente5009@empresa1101.com
5010;106;Gerente;Novos Negócios;cliente5010@empresa106.com
5011;800;Analista;Garantia / Controle de Qualidade;cliente5011@empresa800.com
5012;108;Coordenador (a) / Supervisor (a);Assuntos Regulatórios;cliente5012@empresa108.com
5013;123;Diretor (a) / Vice Presidente;Assuntos Regulatórios;cliente5013@empresa123.com
5014;903;Analista;Farmacovigilância;cliente5014@empresa903.com
5015;111;Gerente;Desenvolvimento de Produtos;cliente5015@empresa111.com
5016;112;Coordenador (a) / Supervisor (a);Produtividade e Efetividade;cliente5016@empresa112.com
5017;1165;Consultor (a);Desenvolvimento de Produtos;cliente5017@empresa1165.com
5018;962;Diretor (a) / Vice Presidente;Assuntos Regulatórios;cliente5018@empresa962.com
5019;619;Analista;Assuntos Regulatórios;cliente5019@empresa619.com
5020;107;Analista;Médico;cliente5020@empresa107.com
5021;724;Especialista;Garantia / Controle de Qualidade;cliente5021@empresa724.com
5022;1055;Analista;Farmacovigilância;cliente5022@empresa1055.com
5023;819;Gerente;Assuntos Regulatórios;cliente5023@empresa819.com
5024;1071;Analista;Operações;cliente5024@empresa1071.com
5025;1139;Diretor (a) / Vice Presidente;Assuntos Regulatórios;cliente5025@empresa1139.com
5026;1085;Assistente / Assessor (a) / Auxiliar;Garantia / Controle de Qualidade;cliente5026@empresa1085.com
5027;831;Farmacêutico (a) Responsável;Garantia / Controle de Qualidade;cliente5027@empresa831.com
5028;121;Analista;Pesquisa e Desenvolvimento;cliente5028@empresa121.com
5029;977;Gerente;Garantia / Controle de Qualidade;cliente5029@empresa977.com
5030;1247;Gerente;Comercial / Vendas;cliente5030@empresa1247.com
5031;1263;Coordenador (a) / Supervisor (a);Business Support;cliente5031@empresa1263.com
5032;784;Gerente;Projetos;cliente5032@empresa784.com
5033;901;Gerente;Pesquisa Clínica;cliente5033@empresa901.com
5034;1158;Pesquisador (a);Assuntos Regulatórios;cliente5034@empresa1158.com
5035;815;Gerente;Garantia / Controle de Qualidade;cliente5035@empresa815.com
5036;835;Analista;Assuntos Regulatórios;cliente5036@empresa835.com
5037;727;Analista;Garantia / Controle de Qualidade;cliente5037@empresa727.com
5038;966;Coordenador (a) / Supervisor (a);Garantia / Controle de Qualidade;cliente5038@empresa966.com
5039;1181;Farmacêutico (a) Responsável;Garantia / Controle de Qualidade;cliente5039@empresa1181.com
5040;143;Assistente / Assessor (a) / Auxiliar;Garantia / Controle de Qualidade;cliente5040@empresa143.com
5041;6;Coordenador (a) / Supervisor (a);Assuntos Regulatórios;cliente5041@empresa6.com
5042;8;Coordenador (a) / Supervisor (a);Assuntos Regulatórios;cliente5042@empresa8.com
5043;142;Analista;Assuntos Regulatórios;cliente5043@empresa142.com
5044;19;Analista;Assuntos Regulatórios;cliente5044@empresa19.com
5045;22;Analista;Assuntos Regulatórios;cliente5045@empresa22.com
5046;1190;Gerente;Assuntos Regulatórios;cliente5046@empresa1190.com
5047;26;Gerente;Assuntos Regulatórios;cliente5047@empresa26.com
5048;649;Analista;Assuntos Regulatórios;cliente5048@empresa649.com
5049;37;Analista;Assuntos Regulatórios;cliente5049@empresa37.com
5050;610;Analista;Assuntos Regulatórios;cliente5050@empresa610.com
5051;769;Estagiário (a);Assuntos Regulatórios;cliente5051@empresa769.com
5052;49;Analista;Assuntos Regulatórios;cliente5052@empresa49.com
5053;52;Analista;Assuntos Regulatórios;cliente5053@empresa52.com
5054;53;Analista;Assuntos Regulatórios;cliente5054@empresa53.com
5055;822;Advogado (a);Assuntos Regulatórios;cliente5055@empresa822.com
5056;62;Analista;Assuntos Regulatórios;cliente5056@empresa62.com
5057;749;Analista;Assuntos Regulatórios;cliente5057@empresa749.com
5058;882;Especialista;Assuntos Regulatórios;cliente5058@empresa882.com
5059;390;Analista;Assuntos Regulatórios;cliente5059@empresa390.com
5060;66;Analista;Assuntos Regulatórios;cliente5060@empresa66.com
5061;75;Gerente;Assuntos Regulatórios;cliente5061@empresa75.com
5062;77;Coordenador (a) / Supervisor (a);Assuntos Regulatórios;cliente5062@empresa77.com
5063;1108;Coordenador (a) / Supervisor (a);Assuntos Regulatórios;cliente5063@empresa1108.com
5064;76;Especialista;Assuntos Regulatórios;cliente5064@empresa76.com
5065;426;Analista;Assuntos Regulatórios;cliente5065@empresa426.com
5066;89;Gerente;Assuntos Regulatórios;cliente5066@empresa89.com
5067;1033;Gerente;Assuntos Regulatórios;cliente5067@empresa1033.com
5068;100;Analista;Assuntos Regulatórios;cliente5068@empresa100.com
5069;102;Analista;Assuntos Regulatórios;cliente5069@empresa102.com
5070;108;Coordenador (a) / Supervisor (a);Assuntos Regulatórios;cliente5070@empresa108.com
5071;123;Gerente;Assuntos Regulatórios;cliente5071@empresa123.com
5072;111;Analista;Assuntos Regulatórios;cliente5072@empresa111.com
5073;501;Analista;Assuntos Regulatórios;cliente5073@empresa501.com
5074;541;Analista;Assuntos Regulatórios;cliente5074@empresa541.com
5075;884;Analista;Assuntos Regulatórios;cliente5075@empresa884.com
5076;584;Coordenador (a) / Supervisor (a);Assuntos Regulatórios;cliente5076@empresa584.com
5077;129;Coordenador (a) / Supervisor (a);Assuntos Regulatórios;cliente5077@empresa129.com
5078;592;Coordenador (a) / Supervisor (a);Assuntos Regulatórios;cliente5078@empresa592.com
5079;8;Analista;Comercial / Vendas;cliente5079@empresa8.com
5080;28;Gerente;Financeiro;cliente5080@empresa28.com
5081;67;Coordenador (a) / Supervisor (a);Controladoria;cliente5081@empresa67.com
5082;111;Coordenador (a) / Supervisor (a);Incentivos e Premiação da Força de Vendas;cliente5082@empresa111.com
5083;737;Analista;Recursos Humanos;cliente5083@empresa737.com
5084;131;Gerente;Controladoria;cliente5084@empresa131.com
5085;8;Propagandista de Produtos Farmacêuticos;Comercial / Vendas;cliente5085@empresa8.com
5086;16;Gerente;Demanda;cliente5086@empresa16.com
5087;93;Gerente;Demanda;cliente5087@empresa93.com
5088;1190;Diretor (a) / Vice Presidente;Comercial / Vendas;cliente5088@empresa1190.com
5089;37;Gerente;Demanda;cliente5089@empresa37.com
5090;42;Diretor (a) / Vice Presidente;Comercial / Vendas;cliente5090@empresa42.com
5091;53;Consultor (a);Força de Vendas;cliente5091@empresa53.com
5092;55;Gerente;Comercial / Vendas;cliente5092@empresa55.com
5093;65;Propagandista de Produtos Farmacêuticos;Força de Vendas;cliente5093@empresa65.com
5094;75;Diretor (a) / Vice Presidente;Marketing;cliente5094@empresa75.com
5095;100;Gerente;Comercial / Vendas;cliente5095@empresa100.com
5096;584;Gerente;Comercial / Vendas;cliente5096@empresa584.com
5097;8;Coordenador (a) / Supervisor (a);Recursos Humanos;cliente5097@empresa8.com
5098;47;Especialista;Recursos Humanos;cliente5098@empresa47.com
5099;57;Analista;Recursos Humanos;cliente5099@empresa57.com
5100;111;Coordenador (a) / Supervisor (a);Recursos Humanos;cliente5100@empresa111.com
5101;1044;Gerente;Assuntos Regulatórios;cliente5101@empresa1044.com
5102;17;Gerente;Assuntos Regulatórios;cliente5102@empresa17.com
5103;261;Diretor (a) / Vice Presidente;Presidência;cliente5103@empresa261.com
5104;774;Analista;Assuntos Regulatórios;cliente5104@empresa774.com
5105;722;Gerente;Acesso;cliente5105@empresa722.com
5106;29;Diretor (a) / Vice Presidente;Relações Governamentais / Institucionais;cliente5106@empresa29.com
5107;610;Gerente;Licitações / Vendas Públicas;cliente5107@empresa610.com
5108;52;Diretor (a) / Vice Presidente;Inovação;cliente5108@empresa52.com
5109;71;Diretor (a) / Vice Presidente;Comercial / Vendas;cliente5109@empresa71.com
5110;54;Diretor (a) / Vice Presidente;Financeiro;cliente5110@empresa54.com
5111;350;Gerente;Assuntos Regulatórios;cliente5111@empresa350.com
5112;57;Diretor (a) / Vice Presidente;Assuntos Regulatórios;cliente5112@empresa57.com
5113;62;Diretor (a) / Vice Presidente;Novos Negócios;cliente5113@empresa62.com
5114;1040;Gerente;Assuntos Regulatórios;cliente5114@empresa1040.com
5115;803;Diretor (a) / Vice Presidente;Comercial / Vendas;cliente5115@empresa803.com
5116;70;Analista;Assuntos Regulatórios;cliente5116@empresa70.com
5117;85;Gerente;Novos Negócios;cliente5117@empresa85.com
5118;908;Diretor (a) / Vice Presidente;Marketing;cliente5118@empresa908.com
5119;1286;Diretor (a) / Vice Presidente;Comercial / Vendas;cliente5119@empresa1286.com
5120;1140;Consultor de Produtos Farmacêuticos;Assuntos Regulatórios;cliente5120@empresa1140.com
5121;778;Consultor (a);Assuntos Regulatórios;cliente5121@empresa778.com
5122;954;Gerente;Comercial / Vendas;cliente5122@empresa954.com
5123;501;Diretor (a) / Vice Presidente;Novos Negócios;cliente5123@empresa501.com
5124;932;Diretor (a) / Vice Presidente;Assuntos Regulatórios;cliente5124@empresa932.com
5125;1130;Consultor (a);Jurídico;cliente5125@empresa1130.com
5126;890;Presidente;Presidência;cliente5126@empresa890.com
5127;8;Gerente de Produto / Brand Manager;Marketing;cliente5127@empresa8.com
5128;27;Gerente;Tecnologia da Informação;cliente5128@empresa27.com
5129;28;Diretor (a) / Vice Presidente;Novos Negócios;cliente5129@empresa28.com
5130;610;Analista;Inovação;cliente5130@empresa610.com
5131;52;Assistente / Assessor (a) / Auxiliar;Pesquisa e Desenvolvimento;cliente5131@empresa52.com
5132;54;Diretor (a) / Vice Presidente;Tecnologia da Informação;cliente5132@empresa54.com
5133;60;Coordenador (a) / Supervisor (a);Inteligência de Mercado;cliente5133@empresa60.com
5134;62;Coordenador (a) / Supervisor (a);Inovação;cliente5134@empresa62.com
5135;65;Especialista;Tecnologia da Informação;cliente5135@empresa65.com
5136;390;Especialista;Inovação;cliente5136@empresa390.com
5137;612;Especialista;Tecnologia da Informação;cliente5137@empresa612.com
5138;89;Estagiário (a);Relações Governamentais / Institucionais;cliente5138@empresa89.com
5139;100;Coordenador (a) / Supervisor (a);Tecnologia da Informação;cliente5139@empresa100.com
5140;59;Diretor (a) / Vice Presidente;Tecnologia da Informação;cliente5140@empresa59.com
5141;106;Analista;Força de Vendas;cliente5141@empresa106.com
5142;111;Gerente de Produto / Brand Manager;Marketing;cliente5142@empresa111.com
5143;121;Diretor (a) / Vice Presidente;Tecnologia da Informação;cliente5143@empresa121.com
5144;582;Diretor (a) / Vice Presidente;Industrial / Produção;cliente5144@empresa582.com
5145;139;Gerente;Tecnologia da Informação;cliente5145@empresa139.com
5146;8;Coordenador (a) / Supervisor (a);Jurídico;cliente5146@empresa8.com
5147;27;Diretor (a) / Vice Presidente;Jurídico;cliente5147@empresa27.com
5148;30;Coordenador (a) / Supervisor (a);Jurídico;cliente5148@empresa30.com
5149;52;Advogado (a);Jurídico;cliente5149@empresa52.com
5150;454;Gerente;Jurídico;cliente5150@empresa454.com
5151;123;Estagiário (a);Jurídico;cliente5151@empresa123.com
5152;96;Advogado (a);Jurídico;cliente5152@empresa96.com
5153;884;Diretor (a) / Vice Presidente;Jurídico;cliente5153@empresa884.com
5154;127;Advogado (a);Jurídico;cliente5154@empresa127.com
5155;143;Advogado (a);Jurídico;cliente5155@empresa143.com
5156;16;Analista;Recursos Humanos;cliente5156@empresa16.com
5157;34;Analista;Recursos Humanos;cliente5157@empresa34.com
5158;60;Coordenador (a) / Supervisor (a);Recursos Humanos;cliente5158@empresa60.com
5159;68;Analista;Recursos Humanos;cliente5159@empresa68.com
5160;5;Coordenador (a) / Supervisor (a);Segurança do Trabalho;cliente5160@empresa5.com
5161;16;Coordenador (a) / Supervisor (a);Segurança do Trabalho;cliente5161@empresa16.com
5162;23;Coordenador (a) / Supervisor (a);Segurança do Trabalho;cliente5162@empresa23.com
5163;34;Gerente;Segurança do Trabalho;cliente5163@empresa34.com
5164;45;Analista;Recursos Humanos;cliente5164@empresa45.com
5165;79;Especialista;Recursos Humanos;cliente5165@empresa79.com
5166;80;Especialista;Recursos Humanos;cliente5166@empresa80.com
5167;81;Coordenador (a) / Supervisor (a);Segurança do Trabalho;cliente5167@empresa81.com
5168;737;Coordenador (a) / Supervisor (a);Recursos Humanos;cliente5168@empresa737.com
5169;790;Consultor (a);Segurança do Trabalho;cliente5169@empresa790.com
5170;141;Técnico;Segurança do Trabalho;cliente5170@empresa141.com
5171;1058;Gerente de Produto / Brand Manager;Comércio Exterior / Importação e Exportação;cliente5171@empresa1058.com
5172;850;Diretor (a) / Vice Presidente;Logística / Materiais / Supply;cliente5172@empresa850.com
5173;261;Gerente;Garantia / Controle de Qualidade;cliente5173@empresa261.com
5174;885;Coordenador (a) / Supervisor (a);Garantia / Controle de Qualidade;cliente5174@empresa885.com
5175;350;Gerente;Engenharia;cliente5175@empresa350.com
5176;540;Analista;Garantia / Controle de Qualidade;cliente5176@empresa540.com
5177;1213;Coordenador (a) / Supervisor (a);Comercial / Vendas;cliente5177@empresa1213.com
5178;1030;Diretor (a) / Vice Presidente;Comercial / Vendas;cliente5178@empresa1030.com
5179;1023;Farmacêutico (a) Responsável;Assuntos Regulatórios;cliente5179@empresa1023.com
5180;5;Coordenador (a) / Supervisor (a);Produtividade e Efetividade;cliente5180@empresa5.com
5181;16;Coordenador (a) / Supervisor (a);Garantia / Controle de Qualidade;cliente5181@empresa16.com
5182;17;Coordenador (a) / Supervisor (a);Garantia / Controle de Qualidade;cliente5182@empresa17.com
5183;92;Especialista;Garantia / Controle de Qualidade;cliente5183@empresa92.com
5184;1163;Coordenador (a) / Supervisor (a);Garantia / Controle de Qualidade;cliente5184@empresa1163.com
5185;649;Analista;Garantia / Controle de Qualidade;cliente5185@empresa649.com
5186;30;Analista;Validação;cliente5186@empresa30.com
5187;658;Coordenador (a) / Supervisor (a);Garantia / Controle de Qualidade;cliente5187@empresa658.com
5188;34;Analista;Garantia / Controle de Qualidade;cliente5188@empresa34.com
5189;40;Coordenador (a) / Supervisor (a);Garantia / Controle de Qualidade;cliente5189@empresa40.com
5190;610;Coordenador (a) / Supervisor (a);Industrial / Produção;cliente5190@empresa610.com
5191;669;Gerente;Garantia / Controle de Qualidade;cliente5191@empresa669.com
5192;45;Especialista;Garantia / Controle de Qualidade;cliente5192@empresa45.com
5193;48;Gerente;Operações;cliente5193@empresa48.com
5194;769;Analista;Validação;cliente5194@empresa769.com
5195;52;Técnico;Industrial / Produção;cliente5195@empresa52.com
5196;54;Coordenador (a) / Supervisor (a);Validação;cliente5196@empresa54.com
5197;60;Analista;Garantia / Controle de Qualidade;cliente5197@empresa60.com
5198;1223;Consultor (a);Tecnologia da Informação;cliente5198@empresa1223.com
5199;62;Analista;Garantia / Controle de Qualidade;cliente5199@empresa62.com
5200;65;Analista;Logística / Materiais / Supply;cliente5200@empresa65.com
5201;390;Técnico;Garantia / Controle de Qualidade;cliente5201@empresa390.com
5202;66;Analista;Garantia / Controle de Qualidade;cliente5202@empresa66.com
5203;67;Coordenador (a) / Supervisor (a);Logística / Materiais / Supply;cliente5203@empresa67.com
5204;661;Analista;Tecnologia da Informação;cliente5204@empresa661.com
5205;89;Coordenador (a) / Supervisor (a);Operações;cliente5205@empresa89.com
5206;1244;Gerente;Garantia / Controle de Qualidade;cliente5206@empresa1244.com
5207;633;Técnico;Manutenção;cliente5207@empresa633.com
5208;106;Coordenador (a) / Supervisor (a);Logística / Materiais / Supply;cliente5208@empresa106.com
5209;1089;Coordenador (a) / Supervisor (a);Produtividade e Efetividade;cliente5209@empresa1089.com
5210;1195;Coordenador (a) / Supervisor (a);Garantia / Controle de Qualidade;cliente5210@empresa1195.com
5211;541;Analista;Garantia / Controle de Qualidade;cliente5211@empresa541.com
5212;120;Diretor (a) / Vice Presidente;Industrial / Produção;cliente5212@empresa120.com
5213;121;Analista;Garantia / Controle de Qualidade;cliente5213@empresa121.com
5214;909;Coordenador (a) / Supervisor (a);Industrial / Produção;cliente5214@empresa909.com
5215;582;Coordenador (a) / Supervisor (a);Garantia / Controle de Qualidade;cliente5215@empresa582.com
5216;129;Gerente;Industrial / Produção;cliente5216@empresa129.com
5217;689;Gerente;Garantia / Controle de Qualidade;cliente5217@empresa689.com
5218;141;Analista;Boas Práticas de Manufatura;cliente5218@empresa141.com
5219;143;Gerente;Garantia / Controle de Qualidade;cliente5219@empresa143.com
5220;8;Analista;Fiscal;cliente5220@empresa8.com
5221;142;Gerente;Fiscal;cliente5221@empresa142.com
5222;231;Coordenador (a) / Supervisor (a);Fiscal;cliente5222@empresa231.com
5223;13;Coordenador (a) / Supervisor (a);Fiscal;cliente5223@empresa13.com
5224;26;Gerente;Contabilidade;cliente5224@empresa26.com
5225;27;Diretor (a) / Vice Presidente;Financeiro;cliente5225@empresa27.com
5226;28;Gerente;Fiscal;cliente5226@empresa28.com
5227;658;Contador (a);Contabilidade;cliente5227@empresa658.com
5228;37;Consultor (a);Fiscal;cliente5228@empresa37.com
5229;669;Gerente;Controladoria;cliente5229@empresa669.com
5230;47;Contador (a);Fiscal;cliente5230@empresa47.com
5231;52;Coordenador (a) / Supervisor (a);Fiscal;cliente5231@empresa52.com
5232;60;Diretor (a) / Vice Presidente;Fiscal;cliente5232@empresa60.com
5233;65;Coordenador (a) / Supervisor (a);Fiscal;cliente5233@empresa65.com
5234;66;Contador (a);Fiscal;cliente5234@empresa66.com
5235;67;Gerente;Fiscal;cliente5235@empresa67.com
5236;69;Coordenador (a) / Supervisor (a);Fiscal;cliente5236@empresa69.com
5237;1108;Especialista;Fiscal;cliente5237@empresa1108.com
5238;410;Contador (a);Contabilidade;cliente5238@empresa410.com
5239;80;Coordenador (a) / Supervisor (a);Fiscal;cliente5239@empresa80.com
5240;1207;Especialista;Fiscal;cliente5240@empresa1207.com
5241;661;Gerente;Jurídico;cliente5241@empresa661.com
5242;85;Analista;Financeiro;cliente5242@empresa85.com
5243;426;Gerente;Fiscal;cliente5243@empresa426.com
5244;24;Especialista;Fiscal;cliente5244@empresa24.com
5245;1244;Advogado (a);Financeiro;cliente5245@empresa1244.com
5246;100;Analista;Fiscal;cliente5246@empresa100.com
5247;967;Coordenador (a) / Supervisor (a);Administrativo;cliente5247@empresa967.com
5248;1255;Diretor (a) / Vice Presidente;Financeiro;cliente5248@empresa1255.com
5249;106;Coordenador (a) / Supervisor (a);Fiscal;cliente5249@empresa106.com
5250;108;Gerente;Fiscal;cliente5250@empresa108.com
5251;111;Analista;Fiscal;cliente5251@empresa111.com
5252;737;Analista;Contabilidade;cliente5252@empresa737.com
5253;114;Gerente;Financeiro;cliente5253@empresa114.com
5254;790;Analista;Fiscal;cliente5254@empresa790.com
5255;538;Coordenador (a) / Supervisor (a);Financeiro;cliente5255@empresa538.com
5256;884;Gerente;Contabilidade;cliente5256@empresa884.com
5257;118;Gerente;Fiscal;cliente5257@empresa118.com
5258;121;Diretor (a) / Vice Presidente;Fiscal;cliente5258@empresa121.com
5259;567;Gerente;Fiscal;cliente5259@empresa567.com
5260;584;Gerente;Contabilidade;cliente5260@empresa584.com
5261;127;Gerente;Contabilidade;cliente5261@empresa127.com
5262;582;Analista;Fiscal;cliente5262@empresa582.com
5263;128;Coordenador (a) / Supervisor (a);Fiscal;cliente5263@empresa128.com
5264;129;Coordenador (a) / Supervisor (a);Fiscal;cliente5264@empresa129.com
5265;139;Analista;Contabilidade;cliente5265@empresa139.com
5266;141;Coordenador (a) / Supervisor (a);Fiscal;cliente5266@empresa141.com
5267;143;Gerente;Controladoria;cliente5267@empresa143.com
5268;8;Diretor (a) / Vice Presidente;Recursos Humanos;cliente5268@empresa8.com
5269;34;Especialista;Recursos Humanos;cliente5269@empresa34.com
5270;390;Coordenador (a) / Supervisor (a);Recursos Humanos;cliente5270@empresa390.com
5271;8;Gerente;Acesso;cliente5271@empresa8.com
5272;444;Contador (a);Administrativo;cliente5272@empresa444.com
5273;92;Especialista;Acesso;cliente5273@empresa92.com
5274;27;Gerente;Assuntos Corporativos;cliente5274@empresa27.com
5275;54;Gerente;Acesso;cliente5275@empresa54.com
5276;731;Gerente;Acesso;cliente5276@empresa731.com
5277;1288;Analista;Recursos Humanos;cliente5277@empresa1288.com
5278;60;Gerente;Acesso;cliente5278@empresa60.com
5279;70;Gerente;Relações Governamentais / Institucionais;cliente5279@empresa70.com
5280;75;Diretor (a) / Vice Presidente;Acesso;cliente5280@empresa75.com
5281;85;Analista;Recursos Humanos;cliente5281@empresa85.com
5282;24;Diretor (a) / Vice Presidente;Acesso;cliente5282@empresa24.com
5283;123;Gerente;Relações Governamentais / Institucionais;cliente5283@empresa123.com
5284;807;Diretor (a) / Vice Presidente;Acesso;cliente5284@empresa807.com
5285;1071;Coordenador (a) / Supervisor (a);Recursos Humanos;cliente5285@empresa1071.com
5286;121;Diretor (a) / Vice Presidente;Acesso;cliente5286@empresa121.com
5287;141;Coordenador (a) / Supervisor (a);Recursos Humanos;cliente5287@empresa141.com
5288;28;Analista;Recursos Humanos;cliente5288@empresa28.com
5289;37;Médico (a);Segurança do Trabalho;cliente5289@empresa37.com
5290;60;Especialista;Médico;cliente5290@empresa60.com
5291;1131;Coordenador (a) / Supervisor (a);Recursos Humanos;cliente5291@empresa1131.com
5292;1101;Gerente;Médico;cliente5292@empresa1101.com
5293;475;Assistente / Assessor (a) / Auxiliar;Administrativo;cliente5293@empresa475.com
5294;716;Gerente;Recursos Humanos;cliente5294@empresa716.com
5295;114;Analista;Segurança do Trabalho;cliente5295@empresa114.com
5296;790;Médico (a);Médico;cliente5296@empresa790.com
5297;831;Técnico;Segurança do Trabalho;cliente5297@empresa831.com
5298;120;Médico (a);Segurança do Trabalho;cliente5298@empresa120.com
5299;127;Engenheiro (a);Segurança do Trabalho;cliente5299@empresa127.com
5300;658;Analista;Planejamento e Controladoria;cliente5300@empresa658.com
5301;62;Coordenador (a) / Supervisor (a);Financeiro;cliente5301@empresa62.com
5302;110;Coordenador (a) / Supervisor (a);Financeiro;cliente5302@empresa110.com
5303;114;Analista;Financeiro;cliente5303@empresa114.com
5304;567;Analista;Recursos Humanos;cliente5304@empresa567.com
5305;130;Gerente;Contabilidade;cliente5305@empresa130.com
5306;42;Gerente;Operações;cliente5306@empresa42.com
5307;94;Diretor (a) / Vice Presidente;Financeiro;cliente5307@empresa94.com
5308;85;Analista;Recursos Humanos;cliente5308@empresa85.com
5309;114;Gerente;Comercial / Vendas;cliente5309@empresa114.com
5310;807;Gerente;Recursos Humanos;cliente5310@empresa807.com
5311;50;Gerente;Comercial / Vendas;cliente5311@empresa50.com
5312;142;Gerente;Logística / Materiais / Supply;cliente5312@empresa142.com
5313;42;Gerente;Comercial / Vendas;cliente5313@empresa42.com
5314;52;Coordenador (a) / Supervisor (a);Administrativo;cliente5314@empresa52.com
5315;57;Gerente;Logística / Materiais / Supply;cliente5315@empresa57.com
5316;60;Gerente;Demanda;cliente5316@empresa60.com
5317;62;Analista;Operações;cliente5317@empresa62.com
5318;715;Gerente;Compras / Suprimentos;cliente5318@empresa715.com
5319;661;Farmacêutico (a) Responsável;Logística / Materiais / Supply;cliente5319@empresa661.com
5320;426;Coordenador (a) / Supervisor (a);Inteligência de Mercado;cliente5320@empresa426.com
5321;1255;Gerente;Logística / Materiais / Supply;cliente5321@empresa1255.com
5322;501;Gerente;Inteligência de Mercado;cliente5322@empresa501.com
5323;96;Gerente;Demanda;cliente5323@empresa96.com
5324;120;Diretor (a) / Vice Presidente;Logística / Materiais / Supply;cliente5324@empresa120.com
5325;909;Propagandista de Produtos Farmacêuticos;Comercial / Vendas;cliente5325@empresa909.com
5326;127;Especialista;Inteligência de Mercado;cliente5326@empresa127.com
5327;128;Gerente;Inteligência de Mercado;cliente5327@empresa128.com
5328;130;Consultor (a);Inteligência de Mercado;cliente5328@empresa130.com
5329;592;Diretor (a) / Vice Presidente;Comercial / Vendas;cliente5329@empresa592.com
5330;52;Coordenador (a) / Supervisor (a);Recursos Humanos;cliente5330@empresa52.com
5331;53;Especialista;Recursos Humanos;cliente5331@empresa53.com
5332;426;Analista;Recursos Humanos;cliente5332@empresa426.com
5333;100;Gerente;Recursos Humanos;cliente5333@empresa100.com
5334;111;Gerente;Recursos Humanos;cliente5334@empresa111.com
5335;128;Analista;Recursos Humanos;cliente5335@empresa128.com
5336;132;Analista;Recursos Humanos;cliente5336@empresa132.com
5337;62;Coordenador (a) / Supervisor (a);Recursos Humanos;cliente5337@empresa62.com
5338;111;Analista;Recursos Humanos;cliente5338@empresa111.com
5339;143;Coordenador (a) / Supervisor (a);Recursos Humanos;cliente5339@empresa143.com
5340;49;Analista;Recursos Humanos;cliente5340@empresa49.com
5341;882;Coordenador (a) / Supervisor (a);Recursos Humanos;cliente5341@empresa882.com
5342;102;Especialista;Recursos Humanos;cliente5342@empresa102.com
5343;8;Analista;Operações;cliente5343@empresa8.com
5344;12;Gerente;Operações;cliente5344@empresa12.com
5345;34;Analista;Recursos Humanos;cliente5345@empresa34.com
5346;44;Coordenador (a) / Supervisor (a);Desenvolvimento de Produtos;cliente5346@empresa44.com
5347;612;Coordenador (a) / Supervisor (a);Recursos Humanos;cliente5347@empresa612.com
5348;426;Especialista;Recursos Humanos;cliente5348@empresa426.com
5349;120;Gerente;Recursos Humanos;cliente5349@empresa120.com
5350;567;Gerente;Recursos Humanos;cliente5350@empresa567.com
5351;234;Especialista;Recursos Humanos;cliente5351@empresa234.com
5352;1022;Coordenador (a) / Supervisor (a);Administrativo;cliente5352@empresa1022.com
5353;16;Gerente;Recursos Humanos;cliente5353@empresa16.com
5354;793;Gerente;Logística / Materiais / Supply;cliente5354@empresa793.com
5355;749;Gerente;Engenharia;cliente5355@empresa749.com
5356;94;Especialista;Controladoria;cliente5356@empresa94.com
5357;89;Gerente;Marketing;cliente5357@empresa89.com
5358;807;Diretor (a) / Vice Presidente;Financeiro;cliente5358@empresa807.com
5359;119;Analista;Financeiro;cliente5359@empresa119.com
5360;128;Gerente;Financeiro;cliente5360@empresa128.com
5361;215;Gerente;Pesquisa e Desenvolvimento;cliente5361@empresa215.com
5362;19;Coordenador (a) / Supervisor (a);Pesquisa Clínica;cliente5362@empresa19.com
5363;28;Analista;Pesquisa Clínica;cliente5363@empresa28.com
5364;37;Coordenador (a) / Supervisor (a);Médico;cliente5364@empresa37.com
5365;57;Analista;Farmacovigilância;cliente5365@empresa57.com
5366;89;Coordenador (a) / Supervisor (a);Médico;cliente5366@empresa89.com
5367;100;Analista;Pesquisa Clínica;cliente5367@empresa100.com
5368;1195;Diretor (a) / Vice Presidente;Pesquisa e Desenvolvimento;cliente5368@empresa1195.com
5369;121;Gerente;Pesquisa Clínica;cliente5369@empresa121.com
5370;1025;Analista;Farmacovigilância;cliente5370@empresa1025.com
5371;567;Médico (a);Médico;cliente5371@empresa567.com
5372;66;Coordenador (a) / Supervisor (a);Recursos Humanos;cliente5372@empresa66.com
5373;737;Analista;Recursos Humanos;cliente5373@empresa737.com
5374;1165;Especialista;Recursos Humanos;cliente5374@empresa1165.com
5375;911;Analista;Recursos Humanos;cliente5375@empresa911.com
5376;52;Analista;Recursos Humanos;cliente5376@empresa52.com
5377;66;Especialista;Recursos Humanos;cliente5377@empresa66.com
5378;111;Analista;Recursos Humanos;cliente5378@empresa111.com
5379;60;Especialista;Recursos Humanos;cliente5379@empresa60.com
5380;62;Analista;Recursos Humanos;cliente5380@empresa62.com
5381;60;Gerente;Recursos Humanos;cliente5381@empresa60.com
5382;19;Coordenador (a) / Supervisor (a);Logística / Materiais / Supply;cliente5382@empresa19.com
5383;22;Técnico;Segurança do Trabalho;cliente5383@empresa22.com
5384;30;Coordenador (a) / Supervisor (a);Logística / Materiais / Supply;cliente5384@empresa30.com
5385;658;Coordenador (a) / Supervisor (a);Logística / Materiais / Supply;cliente5385@empresa658.com
5386;38;Gerente;Logística / Materiais / Supply;cliente5386@empresa38.com
5387;47;Coordenador (a) / Supervisor (a);Logística / Materiais / Supply;cliente5387@empresa47.com
5388;68;Coordenador (a) / Supervisor (a);Administrativo;cliente5388@empresa68.com
5389;85;Diretor (a) / Vice Presidente;Logística / Materiais / Supply;cliente5389@empresa85.com
5390;1286;Diretor (a) / Vice Presidente;Industrial / Produção;cliente5390@empresa1286.com
5391;106;Coordenador (a) / Supervisor (a);Operações;cliente5391@empresa106.com
5392;487;Coordenador (a) / Supervisor (a);Logística / Materiais / Supply;cliente5392@empresa487.com
5393;120;Coordenador (a) / Supervisor (a);Recursos Humanos;cliente5393@empresa120.com
5394;601;Técnico;Industrial / Produção;cliente5394@empresa601.com
5395;85;Analista;Recursos Humanos;cliente5395@empresa85.com
5396;1195;Gerente;Recursos Humanos;cliente5396@empresa1195.com
5397;5;Diretor (a) / Vice Presidente;Relações Governamentais / Institucionais;cliente5397@empresa5.com
5398;8;Especialista;Compras / Suprimentos;cliente5398@empresa8.com
5399;12;Analista;Comércio Exterior / Importação e Exportação;cliente5399@empresa12.com
5400;27;Gerente;Logística / Materiais / Supply;cliente5400@empresa27.com
5401;658;Gerente;Logística / Materiais / Supply;cliente5401@empresa658.com
5402;40;Coordenador (a) / Supervisor (a);Compras / Suprimentos;cliente5402@empresa40.com
5403;610;Diretor (a) / Vice Presidente;Comercial / Vendas;cliente5403@empresa610.com
5404;47;Gerente;Compras / Suprimentos;cliente5404@empresa47.com
5405;49;Analista;Comércio Exterior / Importação e Exportação;cliente5405@empresa49.com
5406;54;Gerente;Logística / Materiais / Supply;cliente5406@empresa54.com
5407;62;Gerente;Comércio Exterior / Importação e Exportação;cliente5407@empresa62.com
5408;94;Diretor (a) / Vice Presidente;Operações;cliente5408@empresa94.com
5409;390;Assistente / Assessor (a) / Auxiliar;Técnico-Científico;cliente5409@empresa390.com
5410;670;Analista;Comércio Exterior / Importação e Exportação;cliente5410@empresa670.com
5411;76;Farmacêutico (a) Responsável;Garantia / Controle de Qualidade;cliente5411@empresa76.com
5412;612;Diretor (a) / Vice Presidente;Logística / Materiais / Supply;cliente5412@empresa612.com
5413;102;Gerente;Compras / Suprimentos;cliente5413@empresa102.com
5414;1255;Presidente;Administrativo;cliente5414@empresa1255.com
5415;106;Presidente;Comercial / Vendas;cliente5415@empresa106.com
5416;96;Presidente;Presidência;cliente5416@empresa96.com
5417;790;Gerente;Compras / Suprimentos;cliente5417@empresa790.com
5418;118;Gerente;Logística / Materiais / Supply;cliente5418@empresa118.com
5419;121;Coordenador (a) / Supervisor (a);Comércio Exterior / Importação e Exportação;cliente5419@empresa121.com
5420;567;Gerente;Logística / Materiais / Supply;cliente5420@empresa567.com
5421;132;Gerente;Logística / Materiais / Supply;cliente5421@empresa132.com
5422;1044;Analista;Assuntos Regulatórios;cliente5422@empresa1044.com
5423;30;Consultor (a);Assuntos Regulatórios;cliente5423@empresa30.com
5424;40;Analista;Assuntos Regulatórios;cliente5424@empresa40.com
5425;1041;Coordenador (a) / Supervisor (a);Médico;cliente5425@empresa1041.com
5426;633;Analista;Assuntos Regulatórios;cliente5426@empresa633.com
5427;1218;Coordenador (a) / Supervisor (a);Assuntos Regulatórios;cliente5427@empresa1218.com
5428;851;Gerente;Assuntos Regulatórios;cliente5428@empresa851.com
5429;1195;Coordenador (a) / Supervisor (a);Assuntos Regulatórios;cliente5429@empresa1195.com
