id;titulo;status;tipo;area;participantes;part_mercado;data_solicitacao;data_aprov;data_divulgacao;data_limite;prorrogada_ate;data_entrega;dias_uteis_para_entrega;complexidade;tipo de resposta;tempo_preenchimento;objetivos;dia da semana de lançamento;dias úteis aberta;dias entre a solicitação e a divulgação;dias para tabulação;;;;;;;;;;;
49;Transformação Digital 2022;Finalizada;Pesquisa fixa anual;Business Support;53;58%;;;;;;14/10/2022;;alta;empresa;;;;;;;;;;;;;;;;;
48;Premiação da Força de Vendas 2022;Finalizada;Pesquisa fixa anual;Business Support;51;45%;;;;;;11/11/2022;;alta;empresa;;;;;;;;;;;;;;;;;
1;Atualização das medidas de prevenção contra COVID-19;Finalizada;Solicitação de associado;Sindical Trabalhista e RH;75;66%;22/11/2022;;24/11/2022;02/12/2022;;07/12/2022;12;;empresa;4;;5;7;2;3;;;;;;;;;;;
2;Pagamento de Impostos;Finalizada;Solicitação de associado;Sindical Trabalhista e RH;48;46%;22/11/2022;;05/12/2022;09/12/2022;;14/12/2022;17;;empresa;3;;2;5;13;3;;;;;;;;;;;
3;Home Office / Relógio de Ponto;Finalizada;Solicitação de associado;Sindical Trabalhista e RH;78;71%;29/11/2022;;12/12/2022;16/12/2022;;20/12/2022;16;;empresa;5;;2;5;13;2;;;;;;;;;;;
4;Transferência de Colaboradores;Finalizada;Solicitação de associado;Sindical Trabalhista e RH;63;56%;09/12/2022;;16/01/2023;20/01/2023;;26/01/2023;35;;empresa;4;entender como as indústrias farmacêuticas estruturam sua política para beneficiar colaboradores que são transferidos para outras localidades.;2;5;38;4;;;;;;;;;;;
5;Compensação de feriados / Expediente no Carnaval de 2023 ;Finalizada;Solicitação de associado;Sindical Trabalhista e RH;66;46%;17/01/2023;;26/01/2023;03/02/2023;;08/02/2023;17;;empresa;5;entender qual é a política das empresas associadas quanto à compensação de horas nas emendas de feriados para as equipes de escritório e de Força de Vendas, além de captar como será o expediente neste Carnaval de 2023.;5;7;9;3;;;;;;;;;;;
6;Previdência privada e Benefícios no desligamento;Finalizada;Solicitação de associado;Sindical Trabalhista e RH;53;56%;30/11/2022;;06/02/2023;10/02/2023;;15/02/2023;56;;empresa;5;entender como estão estruturados os benefícios de previdência privada e para colaboradores aposentados quando são desligados nas empresas associadas ao Sindusfarma.;2;5;68;3;;;;;;;;;;;
7;Atestados de Saúde;Finalizada;Solicitação de associado;Sindical Trabalhista e RH;57;47%;24/01/2023;;13/02/2023;17/02/2023;;27/02/2023;25;;empresa;5;entender quais os critérios e prazos utilizados pelos nossos associados para aceitação de atestados de saúde apresentados pelos seus colaboradores.;2;5;20;6;;;;;;;;;;;
8;Processos trabalhistas no eSocial ;Finalizada;Solicitação de associado;Mercado e Assuntos Jurídicos;48;47%;14/02/2023;;23/02/2023;28/02/2023;;03/03/2023;14;;empresa;2;"diante da obrigatoriedade de lançamento mensal de informações e transmissão dos eventos relacionados às ações trabalhistas e acordos celebrados no âmbito das Comissões de Conciliação Prévia (CCP) e dos Núcleos Intersindicais (Ninter), estabelecida na nova versão de janeiro de 2023 ""S-1.1"" do eSocial, este formulário visa entender qual será o departamento responsável por imputar tais informações.";5;4;9;3;;;;;;;;;;;
9;Estruturas de Supply Chain;Finalizada;Solicitação de associado;Sindical Trabalhista e RH;28;34%;30/01/2023;;28/02/2023;03/03/2023;;09/03/2023;29;;empresa;10;entender as Estruturas de Supply Chain junto aos associados do Sindusfarma. É uma pesquisa aberta de forma anônima (não será possivel identificar o nome das empresas nas estruturas), o que possibilita assim que vocês realizem um Benchmarking de sua estrutura comparando-a com o mercado sem expor a sua empresa.;3;4;29;4;;;;;;;;;;;
10;Convenção Coletiva (RJ);Finalizada;Solicitação de associado;Sindical Trabalhista e RH;39;41%;15/02/2023;;06/03/2023;08/03/2023;;10/03/2023;18;;empresa;2;entender se os laboratórios associados ao Sindusfarma seguem a Convenção Coletiva do Sindicato dos Propagandistas, Propagandistas Vendedores e Vendedores de Produtos Farmacêuticos do Estado do Rio de Janeiro.;2;3;19;2;;;;;;;;;;;
11;Período de apuração de ponto;Finalizada;Solicitação de associado;Sindical Trabalhista e RH;49;42%;16/02/2023;;08/03/2023;10/03/2023;;14/03/2023;19;;empresa;3;entender se as empresas associadas ao Sindusfarma aplicaram alguma alteração no procedimento de apuração do ponto e pagamento de salários em decorrência da portaria 4198 de 19/12/2022.;4;3;20;2;;;;;;;;;;;
12;Serviço de Atendimento ao Consumidor (SAC);Finalizada;Pesquisa fixa anual;Assuntos Regulatórios;124;75%;01/02/2023;;01/02/2023;17/02/2023;;17/03/2023;33;alta;empresa;11;;4;13;0;20;;;;;;;;;;;
13;Benchmarking - Formulário RPBR;Finalizada;Solicitação de associado;Assuntos Regulatórios;87;70%;06/02/2023;;07/03/2023;10/03/2023;15/03/2023;20/03/2023;31;;empresa;3;;3;7;29;6;;;;;;;;;;;
14;Tendências de Cultura para Inovação;Finalizada;Solicitação da área técnica;Assuntos Técnicos;12;26%;02/03/2023;;06/03/2023;10/03/2023;17/03/2023;22/03/2023;15;;empresa;5;;2;10;4;8;;;;;;;;;;;
15;Meios de Homologação;Finalizada;Solicitação de associado;Sindical Trabalhista e RH;51;50%;09/03/2023;;22/03/2023;24/03/2023;;29/03/2023;15;;empresa;2;entender, junto aos associados ao Sindusfarma, quais são os meios de homologação da rescisão de contrato com o colaborador para explicação e entrega de documentos, além de ter conhecimento sobre empresas terceirizadas e softwares utilizados.;4;3;13;3;;;;;;;;;;;
16;Cargo de MSL;Finalizada;Solicitação de associado;Sindical Trabalhista e RH;45;37%;08/03/2023;;27/03/2023;29/03/2023;;03/04/2023;19;;empresa;3;entender, junto aos associados ao Sindusfarma, quais as nomenclaturas e CBOs utilizados para o cargo de MSL na indústria farmacêutica.;2;3;19;3;;;;;;;;;;;
17;Plano de Contingência;Finalizada;Solicitação de associado;Sindical Trabalhista e RH;44;42%;15/03/2023;;04/04/2023;06/04/2023;;10/04/2023;19;;empresa;2;entender se os associados ao Sindusfarma possuem planos de contingência implementados.;3;3;20;2;;;;;;;;;;;
79;Programa de Apoio ao Profissional (PAP) 2022;Finalizada;Uso interno;Programa Educacional;11;;24/03/2023;;03/04/2023;06/04/2023;;11/04/2023;13;;indivíduo;2;;2;4;10;3;;;;;;;;;;;
80;Programa de Apoio ao Profissional (PAP) 2023;Finalizada;Uso interno;Programa Educacional;6;;24/03/2023;;03/04/2023;06/04/2023;;11/04/2023;13;;indivíduo;2;;2;4;10;3;;;;;;;;;;;
19;Adicional de 1/3 sobre o Abono de Férias;Finalizada;Solicitação de associado;Sindical Trabalhista e RH;53;56%;15/02/2023;05/04/2023;06/04/2023;12/04/2023;;16/04/2023;43;;empresa;2;entender, junto aos associados ao Sindusfarma, sobre a incidência de IRRF no adicional de 1/3 sobre o abono de férias.;5;5;50;2;;;;;;;;;;;
18;Utilização do dicionário WHODrug pelo setor de Farmacovigilância;Finalizada;Solicitação da área técnica;Assuntos Regulatórios;72;67%;31/03/2023;;03/04/2023;11/04/2023;;16/04/2023;11;;empresa;6;;2;7;3;3;;;;;;;;;;;
23;Aplicação do Acordo Sindical 2023;Finalizada;Solicitação de associado;Sindical Trabalhista e RH;64;63%;14/04/2023;14/04/2023;17/04/2023;20/04/2023;;24/04/2023;7;;empresa;;entender, junto aos associados ao Sindusfarma, detalhes sobre a aplicação do Acordo Sindical 2023.;2;4;3;2;;;;;;;;;;;
24;Programa Farmácia Popular;Finalizada;Pública;Acesso e Precificação;58;74%;19/04/2023;;19/04/2023;24/04/2023;24/04/2023;24/04/2023;4;;empresa;;;4;4;0;0;;;;;;;;;;;
25;Benchmarking sobre Cooperativas;Finalizada;Solicitação de associado;Sindical Trabalhista e RH;37;51%;17/04/2023;17/04/2023;17/04/2023;20/04/2023;;26/04/2023;8;;empresa;;realizar um benchmarking junto aos associados ao Sindusfarma, sobre Cooperativas.;2;4;0;4;;;;;;;;;;;
27;Processos Trabalhistas - Forças de Vendas - Rio de Janeiro e Rio Grande do Sul;Finalizada;Solicitação de associado;Sindical Trabalhista e RH;20;42%;17/04/2023;17/04/2023;18/04/2023;20/04/2023;;26/04/2023;8;;empresa;;obter dados junto aos associados ao Sindusfarma, sobre Processos trabalhistas nas Forças de Vendas no Rio de Janeiro e Rio Grande do Sul.;3;3;1;4;;;;;;;;;;;
28;Implementação Art. 64 RDC 430/2020 - Monitoramento e controle de Temperatura;Finalizada;Solicitação da área técnica;Assuntos Técnicos;122;81%;14/04/2023;14/04/2023;17/04/2023;25/04/2023;;28/04/2023;11;;empresa;;;2;7;3;3;;;;;;;;;;;
29;Minuta Prévia de Consulta Pública de Degradação Forçada para Avaliação de Impacto Regulatório (AIR);Finalizada;Pública;Assuntos Técnicos;48;46%;24/04/2023;;24/04/2023;02/05/2023;;03/05/2023;8;;empresa;;;2;7;0;1;;;;;;;;;;;
31;Benchmarking sobre Afastamentos;Finalizada;Solicitação de associado;Sindical Trabalhista e RH;54;55%;29/03/2023;;27/04/2023;03/05/2023;;05/05/2023;28;;empresa;;entender, junto aos associados ao Sindusfarma, detalhes sobre as práticas em relação ao afastamento dos colaboradores. ;5;5;29;2;;;;;;;;;;;
26;Satisfação com os provedores Close-Up e IQVIA 2023;Finalizada;Pesquisa fixa anual;Business Support;50;71%;10/04/2023;;10/04/2023;20/04/2023;;09/05/2023;22;alta;empresa;;;2;9;0;13;;;;;;;;;;;
30;Implementação das mudanças que envolvem o HMP;Finalizada;Solicitação de associado;Assuntos Regulatórios;128;72%;24/04/2023;;24/04/2023;05/05/2023;;11/05/2023;14;;empresa;;;2;10;0;4;;;;;;;;;;;
32;Estruturas da Área de Engenharia de Manutenção Industrial;Finalizada;Solicitação de associado;Sindical Trabalhista e RH;16;10%;19/04/2023;;05/05/2023;10/05/2023;;16/05/2023;20;;empresa;4;entender as Estruturas da área de Engenharia de Manutenção Industrial  junto aos associados do Sindusfarma. É uma pesquisa aberta de forma anônima (não será possivel identificar o nome das empresas nas estruturas), o que possibilita assim que vocês realizem um Benchmarking de sua estrutura comparando-a com o mercado sem expor a sua empresa.;6;4;16;4;;;;;;;;;;;
33;Reconhecimento por tempo de casa / Reconhecimento de projetos;Finalizada;Solicitação de associado;Sindical Trabalhista e RH;48;44%;24/04/2023;;10/05/2023;16/05/2023;;24/05/2023;23;;empresa;10;entender, junto aos associados ao Sindusfarma, detalhes sobre as melhores práticas em relação aos programas de reconhecimento por tempo de casa e reconhecimento de projetos. ;4;5;16;6;;;;;;;;;;;
36;Programa de Acesso Expandido;Finalizada;Solicitação de associado;Assuntos Regulatórios;18;30%;03/05/2023;15/05/2023;18/05/2023;24/05/2023;;29/05/2023;19;;empresa;3;;5;5;15;3;;;;;;;;;;;
34;Brigada de Incêndio e CIPA;Finalizada;Solicitação de associado;Sindical Trabalhista e RH;53;51%;15/05/2023;;17/05/2023;23/05/2023;;29/05/2023;11;;empresa;6;coletar e distribuir informações sobre a existência, estrutura e práticas relacionadas à brigada de incêndio e à Comissão Interna de Prevenção de Acidentes (CIPA), assim como verificar se há incentivos oferecidos aos membros envolvidos nessas iniciativas.;4;5;2;4;;;;;;;;;;;
35;Investimentos no Estado de São Paulo;Finalizada;Pública;Presidência;49;44%;25/05/2023;;25/05/2023;29/05/2023;;29/05/2023;3;;empresa;2;;5;3;0;0;;;;;;;;;;;
37;Benchmarking de Métricas para o SAC;Finalizada;Solicitação de associado;Assuntos Regulatórios;80;52%;12/05/2023;;12/05/2023;26/05/2023;;02/06/2023;16;;empresa;12;;6;11;0;5;;;;;;;;;;;
38;Farmacovigilância: Reconciliação de Dados, Devolutiva para HCPs e Follow-up;Finalizada;Solicitação de associado;Assuntos Regulatórios;79;58%;12/05/2023;;22/05/2023;02/06/2023;;06/06/2023;18;;empresa;7;;2;10;10;2;;;;;;;;;;;
75;Ações e desafios da agenda ESG: Uma análise interna do Sindusfarma;Finalizada;Uso interno;Relações Institucionais;;;22/05/2023;;25/05/2023;02/06/2023;;07/06/2023;13;;empresa;7;;5;7;3;3;;;;;;;;;;;
39;Cenário de análise de preços pela CMED;Finalizada;Pública;Acesso e Precificação;73;73%;23/05/2023;;24/05/2023;02/06/2023;07/06/2023;12/06/2023;15;;empresa;10;;4;11;1;6;;;;;;;;;;;
74;"Dúvidas para o evento ""O marco regulatório de IFA""";Finalizada;Uso interno;Assuntos Regulatórios;35;24%;05/06/2023;;05/06/2023;12/06/2023;;14/06/2023;8;;empresa;6;;2;6;0;2;;;;;;;;;;;
41;Tratativas de Admissão;Finalizada;Solicitação de associado;Sindical Trabalhista e RH;52;50%;02/06/2023;;07/06/2023;16/06/2023;;19/06/2023;12;;empresa;5;obter informações relevantes sobre o uso de plataformas digitais no processo de admissão, identificar as vantagens e compreender os desafios enfrentados pelas empresas nesse contexto.;4;8;5;1;;;;;;;;;;;
40;Benchmarking de Expectativas da Indústria Farmacêutica 2023-24;Finalizada;Pesquisa fixa anual;Business Support;46;55%;22/05/2023;;22/05/2023;02/06/2023;14/06/2023;20/06/2023;22;média;empresa;12;;2;18;0;12;;;;;;;;;;;
43;Troca de Produtos - SAC;Finalizada;Solicitação de associado;Assuntos Regulatórios;73;59%;03/05/2023;15/05/2023;12/06/2023;21/06/2023;;23/06/2023;38;;empresa;4;;2;8;40;2;;;;;;;;;;;
42;Protocolos Clínicos e Diretrizes Terapêuticas (PCDT);Finalizada;Solicitação de associado;Assuntos Regulatórios;10;11%;03/05/2023;22/05/2023;23/05/2023;26/05/2023;16/06/2023;26/06/2023;39;;empresa;3;;3;19;20;21;;;;;;;;;;;
44;Política Comercial e Gestão de Estoque;Finalizada;Solicitação de associado;Business Support;44;35%;25/05/2023;;12/06/2023;23/06/2023;;28/06/2023;25;;empresa;3;;2;10;18;3;;;;;;;;;;;
45;Reembolso de Medicamentos;Finalizada;Solicitação de associado;Sindical Trabalhista e RH;43;43%;06/06/2023;;23/06/2023;28/06/2023;;30/06/2023;19;;empresa;3;entender a prática de reembolso de medicamentos nos laboratórios associados, além de extrair informações sobre personalização do benefício e a forma de disponibilização.;6;4;17;2;;;;;;;;;;;
47;Fluxo para envio de RMP atualizado;Finalizada;Solicitação da área técnica;Assuntos Regulatórios;63;56%;20/06/2023;;27/06/2023;04/07/2023;;06/07/2023;13;;empresa;;;3;6;7;2;;;;;;;;;;;
51;Nomenclatura de Cargos Comerciais;Finalizada;Solicitação de associado;Sindical Trabalhista e RH;38;45%;20/06/2023;;05/07/2023;07/07/2023;;11/07/2023;16;;empresa;;entender quais são as práticas dos laboratórios associados ao Sindusfarma quanto às nomenclaturas e aos códigos na Classificação Brasileira de Ocupações (CBO) para os cargos da área comercial.;4;3;15;2;;;;;;;;;;;
77;Desenvolvimento dos profissionais de Marketing Retail;Finalizada;Uso interno;Programa Educacional;16;26%;30/05/2023;;05/07/2023;12/07/2023;;13/07/2023;33;;indivíduo;;;4;6;36;1;;;;;;;;;;;
50;Métodos de Avaliação de Desempenho;Finalizada;Solicitação de associado;Sindical Trabalhista e RH;43;39%;15/06/2023;;03/07/2023;07/07/2023;;13/07/2023;21;;empresa;;identificar os tipos de avaliação de desempenho utilizados pelas empresas associadas ao Sindusfarma, bem como entender as etapas do ciclo, a periodicidade e os públicos atingidos.;2;5;18;4;;;;;;;;;;;
78;Participação nos subgrupos do Comitê de Tecnologia e VSC;Finalizada;Uso interno;Assuntos Técnicos;61;39%;23/06/2023;;26/06/2023;14/07/2023;;17/07/2023;17;;empresa;;;2;15;3;1;;;;;;;;;;;
52;Práticas de Banco de Horas;Finalizada;Solicitação de associado;Sindical Trabalhista e RH;50;40%;22/06/2023;;17/07/2023;21/07/2023;;26/07/2023;25;;empresa;;coletar informações sobre a política atual das empresas associadas ao Sindusfarma em relação às práticas de banco de horas, com foco em empregados de fábrica/escritório e de acordo com as Convenções Coletivas FETQUIM e FEQUIMFAR;2;5;25;3;;;;;;;;;;;
76;Benchmarking de Turnover na Indústria Farmacêutica;Finalizada;Solicitação de associado;Sindical Trabalhista e RH;35;31%;11/07/2023;;19/07/2023;25/07/2023;;27/07/2023;13;;empresa;;entender como estão os índices de rotatividade nas empresas associadas ao Sindusfarma nos últimos anos, além de elencar as ações e as estratégias que têm sido adotadas para a retenção de talentos.;4;5;8;2;;;;;;;;;;;
53;Revogação da NT 23/2020 (ações com a COPEC);Finalizada;Pública;Assuntos Regulatórios;22;49%;20/06/2023;;23/06/2023;21/07/2023;;31/07/2023;30;;empresa;4;;6;21;3;6;;;;;;;;;;;
55;Short Friday (Sexta-Feira curta);Finalizada;Solicitação de associado;Sindical Trabalhista e RH;60;56%;07/07/2023;;26/07/2023;28/07/2023;;03/08/2023;20;;empresa;;"coletar informações sobre as práticas referentes ao ""Short Friday"" (jornada de trabalho reduzida nas sextas-feiras) nas indústrias farmacêuticas associadas ao Sindusfarma.";4;3;19;4;;;;;;;;;;;
54;Presença e Liderança Feminina no Mercado Farmacêutico 2023;Finalizada;Solicitação de parceiro;Presidência;115;74%;28/06/2023;;10/07/2023;21/07/2023;28/07/2023;07/08/2023;29;;empresa;;analisar e compreender o panorama da presença e representatividade das mulheres em cargos de liderança no contexto do mercado farmacêutico no Brasil.;2;15;12;11;;;;;;;;;;;
59;Atividade de Follow-Up por Telefone;Finalizada;Solicitação de associado;Assuntos Regulatórios;77;65%;25/07/2023;;25/07/2023;08/08/2023;;16/08/2023;17;;empresa;;;3;11;0;6;;;;;;;;;;;
58;Dispositivos Médicos UDI-PI;Finalizada;Pública;Assuntos Regulatórios;29;28%;12/07/2023;;17/07/2023;28/07/2023;11/08/2023;18/08/2023;28;;empresa;;;2;20;5;15;;;;;;;;;;;
60;Notificação de Eventos Adversos no CVS-SP;Finalizada;Pública;Assuntos Regulatórios;85;65%;31/07/2023;;01/08/2023;15/08/2023;;18/08/2023;15;;empresa;;;3;11;1;3;;;;;;;;;;;
46;Benchmarking Equipes de Campo 2023;Finalizada;Pesquisa fixa anual;Business Support;35;35%;;;;;;21/08/2023;;alta;empresa;;;;;;;;;;;;;;;;;
56;Indicadores de Seleção / Estruturas de RH;Finalizada;Solicitação de associado;Sindical Trabalhista e RH;39;34%;19/07/2023;;03/08/2023;08/08/2023;;22/08/2023;25;;empresa;;entender quais indicadores de seleção estão sendo utilizados e quais foram os índices de aproveitamento interno nas empresas associadas nos últimos anos.;5;4;15;10;;;;;;;;;;;
61;RDC 750/2022 (reliance temporário);Finalizada;Solicitação de associado;Assuntos Regulatórios;66;68%;14/08/2023;;15/08/2023;18/08/2023;;23/08/2023;8;;empresa;;;3;4;1;3;;;;;;;;;;;
63;Ferramenta PGMP;Finalizada;Pública;Assuntos Regulatórios;79;72%;14/08/2023;;21/08/2023;29/08/2023;;12/09/2023;22;;empresa;;;2;7;7;10;;;;;;;;;;;
67;Registro de Jornada de Advogados;Finalizada;Solicitação de associado;Mercado e Assuntos Jurídicos;27;48%;23/08/2023;;29/08/2023;05/09/2023;;12/09/2023;15;;empresa;3;coletar informações sobre a prática de marcação de ponto para registro de jornada por parte dos advogados que não ocupam cargos de gestão nas empresas associadas ao Sindusfarma.;3;6;6;5;;;;;;;;;;;
72;Programa Educacional Sindusfarma 2024;Finalizada;Pesquisa fixa anual;Programa Educacional;302;77%;12/09/2023;;12/09/2023;19/09/2023;;22/09/2023;9;média;indivíduo;;;3;6;0;3;;;;;;;;;;;
68;Perfil do Grupo de Trabalho (GT) de Farmacovigilância;Finalizada;Uso interno;Assuntos Regulatórios;77;65%;21/08/2023;;29/08/2023;12/09/2023;;25/09/2023;26;;empresa;;;3;11;8;9;;;;;;;;;;;
57;Pagamento de Bônus, PLR e PPR 2023;Finalizada;Pesquisa fixa anual;Sindical Trabalhista e RH;65;67%;10/08/2023;;10/08/2023;18/08/2023;06/09/2023;03/10/2023;39;alta;empresa;;gerar um panorama das informações das indústrias farmacêuticas associadas ao Sindusfarma sobre os programas de bônus, PPR e PLR, investigando sua estrutura, composição, indicadores de desempenho, regras de pagamento e possíveis mudanças futuras.;5;20;0;32;;;;;;;;;;;
65;Prazos de Análise dos CEPs;Finalizada;Pública;Assuntos Regulatórios;40;53%;21/08/2023;;22/08/2023;04/09/2023;15/09/2023;03/10/2023;32;;empresa;;;3;19;1;21;;;;;;;;;;;
73;Temas trabalhistas atuais e relevantes;Finalizada;Solicitação da área técnica;Mercado e Assuntos Jurídicos;27;49%;13/09/2023;;19/09/2023;29/09/2023;;09/10/2023;19;;empresa;;captar dados que possam contribuir com estratégias para atuação coletiva em nome dos associados ao Sindusfarma.;3;9;6;6;;;;;;;;;;;
88;Empresa mais admirada 2023;Finalizada;Uso interno;Business Support;150;;02/10/2023;;02/10/2023;11/10/2023;;16/10/2023;11;;indivíduo;;;2;8;0;3;;;;;;;;;;;
90;Dualidade de Marcas;Finalizada;Pública;Assuntos Regulatórios;69;68%;10/10/2023;;11/10/2023;18/10/2023;;19/10/2023;8;;empresa;;;4;6;1;1;;;;;;;;;;;
66;Gestão de Frotas de Veículos 2023;Finalizada;Pesquisa fixa anual;Sindical Trabalhista e RH;62;64%;28/08/2023;;28/08/2023;06/09/2023;15/09/2023;20/10/2023;40;alta;empresa;;realizar um benchmarking completo sobre a gestão de frotas nas indústrias farmacêuticas, contemplando os modelos mais utilizados, as formas de aquisição dos veículos, os níveis elegíveis, a periodicidade de troca, o auxílio para combustível, as ações adotadas em caso de multas por infração de trânsito, as mudanças previstas para os próximos 12 meses, entre outros assuntos relevantes para o tema.;2;15;0;32;;;;;;;;;;;
81;Submissões relacionadas a riscos de produtos;Finalizada;Pública;Assuntos Regulatórios;66;52%;22/09/2023;;25/09/2023;06/10/2023;17/10/2023;20/10/2023;21;;empresa;;;2;17;3;10;;;;;;;;;;;
87;Cenário da Pesquisa Clínica no Brasil;Finalizada;Pública;Assuntos Regulatórios;30;45%;04/10/2023;;04/10/2023;17/10/2023;19/10/2023;23/10/2023;14;;empresa;;;4;12;0;4;;;;;;;;;;;
82;Dúvidas no Guia 61/2023;Finalizada;Solicitação da área técnica;Assuntos Regulatórios;23;24%;14/09/2023;;22/09/2023;06/10/2023;;24/10/2023;29;;empresa;;;6;11;8;12;;;;;;;;;;;
89;Logomarca da Anvisa em embalagens secundárias;Finalizada;Solicitação da área técnica;Assuntos Regulatórios;101;75%;20/09/2023;;03/10/2023;11/10/2023;;26/10/2023;27;;empresa;;;3;7;13;11;;;;;;;;;;;
85;Satisfação dos clientes - SAC;Finalizada;Solicitação de associado;Assuntos Regulatórios;42;44%;21/09/2023;;27/09/2023;11/10/2023;;30/10/2023;28;;empresa;;;4;11;6;13;;;;;;;;;;;
86;Embalagens de Amostras Grátis;Finalizada;Solicitação de associado;Assuntos Técnicos;12;23%;27/09/2023;;28/09/2023;11/10/2023;20/10/2023;31/10/2023;25;;empresa;;;5;17;1;14;;;;;;;;;;;
95;Destaques Diretoria Técnico Regulatória e Inovação (DITRI);Finalizada;Solicitação da área técnica;Assuntos Regulatórios;31;12%;22/09/2023;;25/10/2023;01/11/2023;;08/11/2023;34;;empresa;;;4;6;33;5;;;;;;;;;;;
99;Bolsa de Estudos;Finalizada;Solicitação de associado;Sindical Trabalhista e RH;35;24%;25/10/2023;;25/10/2023;01/11/2023;;09/11/2023;12;;empresa;;identificar a proporção de empresas que oferecem bolsa de estudos aos colaboradores, bem como os níveis de cargos elegíveis, os percentuais de reembolso e os limites de valor.;4;6;0;6;;;;;;;;;;;
91;Atendimento aos requisitos IN 134/2022 “Sistemas Computadorizados”;Finalizada;Solicitação da área técnica;Assuntos Técnicos;55;45%;11/10/2023;;18/10/2023;31/10/2023;09/11/2023;14/11/2023;25;;empresa;;;4;17;7;10;;;;;;;;;;;
92;Medicamentos Notificados Dinamizados;Finalizada;Solicitação da área técnica;Assuntos Regulatórios;7;0%;11/10/2023;;23/10/2023;06/11/2023;10/11/2023;14/11/2023;25;;empresa;;;2;15;12;6;;;;;;;;;;;
94;Área de Informações Médicas;Finalizada;Solicitação da área técnica;Assuntos Regulatórios;59;49%;24/10/2023;;24/10/2023;07/11/2023;;14/11/2023;16;;empresa;;;3;11;0;5;;;;;;;;;;;
100;Férias coletivas / Recesso de final de ano;Finalizada;Solicitação da área técnica;Sindical Trabalhista e RH;67;52%;30/10/2023;;30/10/2023;10/11/2023;;17/11/2023;15;;empresa;;entender como as empresas estão planejando os períodos de recesso e férias coletivas para os colaboradores da Força de Vendas e do Escritório/Administrativo. Isso abrange a investigação dos períodos programados, a flexibilidade das férias coletivas, políticas de utilização do tempo restante, compensação de dias de recesso e a presença de um calendário anual de compensações.;2;10;0;5;;;;;;;;;;;
83;Implementação Art. 64 RDC 430/2020 - Monitoramento e controle de Temperatura (outubro/2023);Finalizada;Solicitação da área técnica;Assuntos Técnicos;122;77%;11/10/2023;;11/10/2023;01/11/2023;17/11/2023;24/11/2023;33;;empresa;;;4;28;0;17;;;;;;;;;;;
93;Inovações Incrementais e Radicais;Finalizada;Solicitação da área técnica;Acesso e Precificação;40;56%;16/10/2023;;18/10/2023;01/11/2023;17/11/2023;27/11/2023;31;;empresa;;;4;23;2;18;;;;;;;;;;;
71;Indicadores de Recursos Humanos 2023;Finalizada;Pesquisa fixa anual;Sindical Trabalhista e RH;30;38%;23/10/2023;;23/10/2023;10/11/2023;27/11/2023;05/12/2023;32;alta;empresa;;gerar um benchmarking valioso sobre os principais indicadores de recursos humanos, incluindo uma análise personalizada de turnover voluntário e involuntário entre diferentes públicos, além de temas relevantes como absenteísmo, méritos e promoções, relação de horas extras e horas trabalhadas, tempo médio de fechamento de vagas, índice de recrutamento interno e muito mais.;2;26;0;17;;;;;;;;;;;
97;Premiação da Força de Vendas 2023;Finalizada;Pesquisa fixa anual;Business Support;41;52%;25/10/2023;;25/10/2023;10/11/2023;;05/12/2023;30;alta;empresa;;;4;13;0;17;;;;;;;;;;;
101;Estratégia Omnichannel;Finalizada;Solicitação da área técnica;Business Support;47;58%;13/11/2023;;13/11/2023;24/11/2023;01/12/2023;05/12/2023;17;;empresa;;;2;15;0;7;;;;;;;;;;;
69;Planos de Saúde e Redução de Sinistralidade 2023;Finalizada;Pesquisa fixa anual;Sindical Trabalhista e RH;53;53%;25/09/2023;;25/09/2023;11/10/2023;20/10/2023;07/12/2023;54;alta;empresa;;fornecer informações consolidadas e detalhadas sobre as práticas em relação aos planos de saúde utilizados, às modalidades e abrangência dos planos, à coparticipação, ao reembolso e outros parâmetros, além de entender quais são os percentuais de sinistralidade e o que as indústrias têm feito para buscar reduzir este índice.;2;20;0;41;;;;;;;;;;;
102;Avaliação Médica - Farmacovigilância;Finalizada;Solicitação da área técnica;Assuntos Regulatórios;86;56%;13/11/2023;;21/11/2023;01/12/2023;;07/12/2023;19;;empresa;;;3;9;8;4;;;;;;;;;;;
98;Transformação Digital 2023;Finalizada;Pesquisa fixa anual;Business Support;30;34%;22/11/2023;;22/11/2023;01/12/2023;08/12/2023;11/12/2023;14;alta;empresa;;;4;13;0;6;;;;;;;;;;;
107;Tempo médio de pagamento - Pesquisa Clínica;Finalizada;Solicitação da área técnica;Assuntos Regulatórios;20;47%;24/11/2023;;29/11/2023;08/12/2023;;11/12/2023;12;;empresa;;;4;8;5;1;;;;;;;;;;;
106;Transmissão obrigatória de processos trabalhistas pelo eSocial;Finalizada;Solicitação de associado;Mercado e Assuntos Jurídicos;52;55%;04/12/2023;;05/12/2023;08/12/2023;;11/12/2023;6;;empresa;;entender quais áreas são responsáveis por transmitir informações sobre processos trabalhistas e as dificuldades internas relacionadas ao eSocial, uma vez que a integração entre os diferentes sistemas pode ser um desafio.;3;4;1;1;;;;;;;;;;;
62;Treinamento da Força de Vendas 2023;Finalizada;Pesquisa fixa anual;Business Support;28;38%;14/08/2023;;14/08/2023;25/08/2023;15/09/2023;12/12/2023;87;alta;empresa;;;2;25;0;77;;;;;;;;;;;
84;Estruturas de Marketing e Business Support 2023;Finalizada;Pesquisa fixa anual;Business Support;27;15%;25/09/2023;;25/09/2023;06/10/2023;20/10/2023;13/12/2023;58;alta;empresa;;;2;20;0;48;;;;;;;;;;;
64;Salarial 2023;Finalizada;Pesquisa fixa anual;Sindical Trabalhista e RH;27;16%;17/08/2023;;17/08/2023;15/09/2023;11/10/2023;15/12/2023;87;alta;empresa;;permitir aos associados realizar um benchmarking e estabelecer políticas salariais competitivas frente à mediana do mercado e aos diferentes quartis.;5;40;0;65;;;;;;;;;;;
104;Cláusula de Farmacovigilância para Distribuidores;Finalizada;Solicitação da área técnica;Assuntos Regulatórios;71;55%;31/10/2023;;27/11/2023;08/12/2023;;18/12/2023;35;;empresa;;;2;10;27;6;;;;;;;;;;;
103;Dúvidas no Guia 60/2023;Finalizada;Uso interno;Assuntos Regulatórios;43;45%;01/11/2023;;21/11/2023;19/12/2023;;20/12/2023;36;;indivíduo;;;3;21;20;1;;;;;;;;;;;
70;Boas Práticas de Benefícios 2023;Finalizada;Pesquisa fixa anual;Sindical Trabalhista e RH;30;20%;22/11/2023;;22/11/2023;01/12/2023;08/12/2023;20/12/2023;21;alta;empresa;;permitir aos associados ter conhecimento sobre os valores médios, mínimos e máximos pagos pela indústria em benefícios como refeição, alimentação, auxílio-creche, cartão de Natal e muito mais.;4;13;0;13;;;;;;;;;;;
108;Dúvidas no Guia 64/2023;Finalizada;Uso interno;Assuntos Regulatórios;27;24%;04/12/2023;;07/12/2023;10/01/2024;;16/01/2024;32;;indivíduo;;;5;25;3;4;;;;;;;;;;;
112;Cotas de Pessoas com Deficiência e Jovens Aprendizes;Finalizada;Solicitação de associado;Sindical Trabalhista e RH;45;36%;08/01/2024;15/01/2024;15/01/2024;19/01/2024;;24/01/2024;13;;empresa;7;entender o cumprimento das cotas estabelecidas pelo programa de Jovem Aprendiz e para Pessoas com Deficiência (PCDs) por parte das empresas, de modo a fornecer informações consolidadas do mercado, além de coletar ações que vem sendo aplicadas em prol de cumprir as cotas, entre outros temas.;2;5;7;3;;;;;;;;;;;
111;Dúvidas no Piloto de Implementação do PGMP;Finalizada;Pública;Assuntos Regulatórios;34;44%;15/01/2024;;15/01/2024;24/01/2024;;29/01/2024;11;;empresa;;;2;8;0;3;;;;;;;;;;;
117;Expediente no Carnaval de 2024 / Compensação de Feriados;Finalizada;Pesquisa fixa anual;Sindical Trabalhista e RH;60;60%;17/01/2024;;17/01/2024;24/01/2024;;29/01/2024;9;baixa;empresa;5;entender qual é a política das empresas associadas quanto à compensação de horas nas emendas de feriados para as equipes de escritório e de Força de Vendas, além de captar como será o expediente neste Carnaval de 2024.;4;6;0;3;;;;;;;;;;;
141;Estrutura dos Departamentos Jurídicos;Finalizada;Solicitação de associado;Mercado e Assuntos Jurídicos;50;61%;22/01/2024;;23/01/2024;30/01/2024;;31/01/2024;8;;empresa;3;entender quantos membros compõem os departamentos jurídicos e de compliance, além da terceirização de serviços.;3;6;1;1;;;;;;;;;;;
140;Submissão de Casos Individuais no Uruguai;Finalizada;Solicitação da área técnica;Assuntos Regulatórios;21;20%;16/01/2024;;17/01/2024;31/01/2024;;01/02/2024;13;;empresa;3;entender a prática das empresas quanto a submissão de casos individuais. Após publicação do recente guia (MA-13221-005 – versão 2), entende-se que em breve será mandatória a utilização dos dicionários MedDRA/WHODrug e o idioma espanhol no sistema de e-Reporting para as indústrias.;4;11;1;1;;;;;;;;;;;
109;Fontes de Informação - Farmacovigilância;Finalizada;Solicitação da área técnica;Assuntos Regulatórios;80;61%;15/01/2024;;17/01/2024;31/01/2024;;02/02/2024;15;;empresa;;entender a prática das empresas quanto a submissão de casos coletados em fontes variadas, como na mídia social e em reportagens. ;4;11;2;2;;;;;;;;;;;
113;Auxílio-Creche;Finalizada;Solicitação de associado;Sindical Trabalhista e RH;54;43%;22/01/2024;22/01/2024;29/01/2024;02/02/2024;;05/02/2024;11;;empresa;5;gerar um panorama do auxílio-creche oferecido aos colaboradores, seja por reembolso mensal ou disponibilização de local apropriado, além de entender os parâmetros das creches disponíveis.;2;5;7;1;;;;;;;;;;;
143;Revisão da RDC 09/2015 – BPF de Medicamentos Experimentais ;Finalizada;Pública;Assuntos Regulatórios;40;60%;31/01/2024;;01/02/2024;07/02/2024;;08/02/2024;7;;empresa;3;"A Copec/Anvisa (Coordenação de Pesquisa Clínica em Medicamentos e Produtos Biológicos), informou que está em processo de revisão da RDC nº 09/2015, que dispõe sobre o Regulamento para a realização de ensaios clínicos com medicamentos no Brasil. Nesse contexto, considerando que art. 72 da RDC nº 09/2015 prevê a possibilidade de realização de inspeção de BPF de medicamentos experimentais e que a RDC nº 658/2022 estabelece as diretrizes gerais de BPF de medicamentos (incluindo para os
medicamentos experimentais), a Copec/Anvisa solicitou esta pesquisa ao Sindusfarma.";5;5;1;1;;;;;;;;;;;
142;Volume de Ações Trabalhistas;Finalizada;Solicitação de associado;Mercado e Assuntos Jurídicos;43;38%;29/01/2024;29/01/2024;05/02/2024;09/02/2024;;15/02/2024;14;;empresa;5;avaliar se houve, no mercado, aumento das ações trabalhistas após a decisão do STF sobre sucumbência e entender, de modo geral, o cenário do número/volume de ações e seus impactos quanto aos principais pedidos formulados.;2;5;7;4;;;;;;;;;;;
115;Atividades físicas no ambiente de trabalho;Finalizada;Solicitação de associado;Sindical Trabalhista e RH;51;48%;02/02/2024;;05/02/2024;09/02/2024;;15/02/2024;10;;empresa;3;entender quais incentivos as empresas estão oferecendo aos colaboradores em relação a atividades físicas, com ênfase para a ginástica laboral e os exercícios de alongamento que podem ocorrer no ambiente de trabalho.;2;5;3;4;;;;;;;;;;;
118;Estagiários e Trainees;Finalizada;Solicitação de associado;Sindical Trabalhista e RH;49;55%;15/02/2024;;15/02/2024;23/02/2024;;27/02/2024;9;;empresa;9;gerar um panorama das práticas das empresas em relação aos estagiários e trainees, envolvendo valor da bolsa-estágio e regime de contratação dos estagiários, além da eligibilidade e do plano de desenvolvimento dos trainees.;5;7;0;2;;;;;;;;;;;
144;Estrutura dos Departamentos de Incentivos;Finalizada;Solicitação de associado;Business Support;54;59%;27/02/2024;;27/02/2024;12/03/2024;;15/03/2024;14;;empresa;3;entender como estão estruturados os departamentos responsáveis pelos incentivos e premiação da Força de Vendas, além de captar se estas áreas estão exclusivamente dedicadas a isso ou se possuem variadas funções.;3;11;0;3;;;;;;;;;;;
122;Aplicação do Reajuste Salarial 2024;Finalizada;Pesquisa fixa anual;Sindical Trabalhista e RH;61;55%;14/03/2024;;14/03/2024;20/03/2024;;21/03/2024;6;baixa;empresa;3;entender como será aplicado o reajuste salarial da Convenção Coletiva de abril de 2024, em relação aos colaboradores da Força de Vendas, escritório e fábricas.;5;5;0;1;;;;;;;;;;;
148;Planejamento de Demanda;Finalizada;Solicitação de associado;Business Support;40;42%;07/03/2024;;19/03/2024;29/03/2024;;05/04/2024;22;;empresa;5;mapear o processo de planejamento de demanda das empresas em relação à área responsável, aos segmentos de atuação, à relação entre demanda e venda, à política de estoque, entre outros.;3;9;12;5;;;;;;;;;;;
149;Impactos da Dengue;Finalizada;Solicitação da área técnica;Sindical Trabalhista e RH;37;33%;19/03/2024;;21/03/2024;27/03/2024;;08/04/2024;15;;empresa;5;avaliar quais os impactos a dengue vêm provocando nas indústrias farmacêuticas, visto o crescente e alarmante número de casos de dengue no país e possível aumento no em afastamentos do trabalho.;5;5;2;8;;;;;;;;;;;
139;Serviço de Atendimento ao Consumidor (SAC) 2024;Finalizada;Pesquisa fixa anual;Assuntos Regulatórios;118;73%;27/02/2024;;27/02/2024;15/03/2024;22/03/2024;10/04/2024;32;alta;empresa;13;entender como as empresas associadas têm estruturado suas áreas de SAC em relação ao funcionamento, aos canais de atendimento, ao fluxo de queixas técnicas, ao papel estratégico da área dentro da empresa, entre outros temas relevantes.;3;19;0;18;;;;;;;;;;;
146;Enquadramento RAT;Finalizada;Solicitação de associado;Mercado e Assuntos Jurídicos;22;15%;01/03/2024;14/03/2024;19/03/2024;22/03/2024;12/04/2024;15/04/2024;32;;empresa;4;gerar informações sobre as alíquotas do Risco Ambiental do Trabalho (RAT) informadas pelas empresas para fins de recolhimento da tributação previdenciária sobre folha de pagamento.;3;19;18;16;;;;;;;;;;;
150;Programas de Saúde Mental;Finalizada;Solicitação de associado;Sindical Trabalhista e RH;43;38%;22/03/2024;;02/04/2024;05/04/2024;;15/04/2024;17;;empresa;4;identificar como o tema saúde mental está sendo abordado nas empresas, se é através de um programa específico, por exemplo, e se esse programa contempla um trabalho voltado à abordagem do tema com os líderes.;3;4;11;6;;;;;;;;;;;
147;Atendimento telefônico para reações adversas;Finalizada;Solicitação de associado;Assuntos Regulatórios;93;70%;02/04/2024;;03/04/2024;12/04/2024;;15/04/2024;10;;empresa;4;entender a prática das empresas quanto ao atendimento em casos de reações adversas (capturas de farmacovigilância), principalmente se há extensão do horário de atendimento.;4;8;1;1;;;;;;;;;;;
120;Treinamento & Desenvolvimento Corporativo 2024;Finalizada;Pesquisa fixa anual;Sindical Trabalhista e RH;49;32%;04/03/2024;;04/03/2024;22/03/2024;28/03/2024;17/04/2024;33;alta;empresa;14;se basear na pesquisa anual da Associação Brasileira de Treinamento e Desenvolvimento (ABTD), que apresenta o panorama do Treinamento & Desenvolvimento no Brasil, considerando diversos segmentos, para aproveitar a oportunidade de termos uma visão segmentada do setor farmacêutico, em específico para os colaboradores dos escritórios e das fábricas.;2;19;0;18;;;;;;;;;;;
154;Impactos da Elevação Tarifária na Importação de Insumos;Finalizada;Solicitação da área técnica;Mercado e Assuntos Jurídicos;25;31%;09/04/2024;;09/04/2024;15/04/2024;17/04/2024;18/04/2024;8;;empresa;8;avaliar o impacto tributário / fiscal do pleito da ABIQUIM junto a CAMEX para o aumento da alíquota TEC (Tarifa Externa Comum) para importação de insumos químicos utilizados na produção de medicamentos.;3;7;0;3;;;;;;;;;;;
151;Área de Melhoria Contínua / Excelência Operacional;Finalizada;Solicitação de associado;Assuntos Técnicos;39;34%;25/03/2024;;08/04/2024;12/04/2024;;22/04/2024;21;;empresa;5;entender a prática das empresas quanto à existência, à nomenclatura, à estrutura e às atribuições da área que atua em prol da excelência e otimização de processos nas indústrias farmacêuticas.;2;5;14;6;;;;;;;;;;;
121;Home Office / Short Friday 2024;Finalizada;Pesquisa fixa anual;Sindical Trabalhista e RH;72;65%;25/03/2024;;25/03/2024;05/04/2024;12/04/2024;24/04/2024;23;média;empresa;8;gerar um panorama sobre o modelo de trabalho dos colaboradores, mais especificamente sobre as políticas de Home Office aplicadas, além de entender se as empresas optam pelo Short Friday e como funciona.;2;15;0;13;;;;;;;;;;;
153;Área de Saúde e Segurança do Trabalho;Finalizada;Solicitação de associado;Sindical Trabalhista e RH;46;46%;04/04/2024;;17/04/2024;24/04/2024;;25/04/2024;16;;empresa;7;entender como estão estruturadas as áreas de saúde, segurança e/ou medicina do trabalho, além de nomenclaturas, atribuições e práticas para garantir o cumprimento das normas de segurança do trabalho.;4;6;13;1;;;;;;;;;;;
145;Controle de Jornada e Banco de Horas 2024;Finalizada;Pesquisa fixa anual;Sindical Trabalhista e RH;52;54%;08/04/2024;;15/04/2024;26/04/2024;;29/04/2024;16;média;empresa;6;"gerar um panorama sobre como as empresas tem registrado e controlado a jornada/expediente dos colaboradores e entender se a prática de ""ponto por exceção"" tem sido aplicada para colaboradores administrativos e da produção, além de entrar no mérito da carga horária aplicada para a equipe de vendas.";2;10;7;1;;;;;;;;;;;
155;Locação de espaços externos;Finalizada;Uso interno;Eventos;138;83%;08/04/2024;;22/04/2024;03/05/2024;;08/05/2024;23;;indivíduo;5;entender a prática das empresas quanto à locação de espaços externos para reuniões, treinamentos, workshops e pequenos eventos.;2;10;14;3;;;;;;;;;;;
162;Doações para o Rio Grande do Sul (RS);Finalizada;Pública;Presidência;54;54%;10/05/2024;;10/05/2024;13/05/2024;15/05/2024;15/05/2024;4;;empresa;4;mensurar a quantidade de doações realizadas ao Rio Grande do Sul e quais itens estão sendo doados diante da tragédia provocada pelas fortes chuvas dos últimos dias.;6;4;0;2;;;;;;;;;;;
156;Área de Insights / Pesquisas de Mercado;Finalizada;Solicitação de associado;Business Support;43;48%;22/04/2024;;02/05/2024;10/05/2024;;16/05/2024;19;;empresa;7;entender se as empresas realizam pesquisas de mercado com consumidores, pacientes, médicos e diferentes stakeholders, além de gerar um panorama sobre quais áreas têm esta reponsabilidade e como elas estão estruturadas.;5;7;10;4;;;;;;;;;;;
158;Bulas Impressas e Digitais;Finalizada;Solicitação da área técnica;Assuntos Regulatórios;74;57%;03/05/2024;;07/05/2024;17/05/2024;;20/05/2024;12;;empresa;5;obter um panorama sobre a utilização de bulas na indústria farmacêutica, incluindo volume de produção, custos, uso de bulas digitais e outros aspectos relevantes.;3;9;4;1;;;;;;;;;;;
160;Desafios no preenchimento da planilha de RPBR;Finalizada;Solicitação da área técnica;Assuntos Regulatórios;86;67%;07/05/2024;;09/05/2024;17/05/2024;;22/05/2024;12;;empresa;6;entender as dificuldades das indústrias farmacêuticas em relação ao preenchimento da planilha para Submissão do Relatório Periódico de Avaliação Benefício-Risco (RPBR), utilizada pela Anvisa para rever e avaliar o perfil de segurança dos produtos, em momentos definidos após a publicação de seu registro. Desta forma, servirá como base para uma possível discussão em relação a esta planilha.;5;7;2;3;;;;;;;;;;;
157;Prazos de Análise dos CEPs 2024;Finalizada;Pública;Assuntos Regulatórios;31;52%;26/04/2024;;30/04/2024;10/05/2024;15/05/2024;24/05/2024;21;;empresa;3;entender o prazo de análise dos CEPs (centros que recebem os estudos clínicos) acreditados entre agosto de 2023 e abril de 2024, para auxiliar em ações com a CONEP.;3;12;4;10;;;;;;;;;;;
161;Uso do WhatsApp para atendimento ao consumidor;Finalizada;Solicitação de associado;Assuntos Regulatórios;60;59%;07/05/2024;;16/05/2024;24/05/2024;;29/05/2024;17;;empresa;4;avaliar a implementação e eficácia do WhatsApp como canal de atendimento ao consumidor nas empresas. Serão abordados diversos aspectos relacionados à implementação, utilização, desafios enfrentados, linguagem de comunicação, métricas de sucesso e feedback dos clientes sobre o atendimento voltado para este aplicativo.;5;7;9;3;;;;;;;;;;;
163;Benefícios adicionais para colaboradores do Rio Grande do Sul (RS);Finalizada;Solicitação de associado;Sindical Trabalhista e RH;37;42%;14/05/2024;;21/05/2024;24/05/2024;;29/05/2024;12;;empresa;5;entender quais práticas as indústrias farmacêuticas estão adotando em relação aos colaboradores prejudicados pelas fortes chuvas na região Sul do país, como ajudas de custo, adicionais no vale-refeição ou alimentação, antecipação do 13º salário ou férias, concessão de licença remunerada etc.;3;4;7;3;;;;;;;;;;;
132;Benchmarking de Expectativas da Indústria Farmacêutica 2024-25;Finalizada;Pesquisa fixa anual;Business Support;60;57%;29/04/2024;;29/04/2024;10/05/2024;17/05/2024;04/06/2024;27;média;empresa;8;fornecer uma análise detalhada das tendências e expectativas das indústrias farmacêuticas associadas ao Sindusfarma em relação ao mercado, aos índices econômicos, à geração de empregos e aos investimentos na área de Marketing no segundo semestre de 2024 e no ano de 2025.;2;15;0;17;;;;;;;;;;;
159;Acompanhamento/Follow-up de Farmacovigilância;Finalizada;Solicitação de associado;Assuntos Regulatórios;83;62%;06/05/2024;;24/05/2024;04/06/2024;;06/06/2024;24;;empresa;4;entender qual a taxa de sucesso do follow-up (acompanhamento) por telefone e e-mail realizados pelas áreas de Farmacovigilância.;6;8;18;2;;;;;;;;;;;
165;Atualização de nomenclaturas e tarifas de insumos;Finalizada;Solicitação de associado;Mercado e Assuntos Jurídicos;28;25%;27/05/2024;29/05/2024;04/06/2024;11/06/2024;14/06/2024;18/06/2024;17;;empresa;2;entender se estas atualizações de nomenclaturas (NCM) causaram repercussão nas indústrias farmacêuticas, mais especificamente sobre os meios de contraste.;3;9;8;5;;;;;;;;;;;
174;Doações para o Rio Grande do Sul (RS) - 2ª rodada;Finalizada;Pública;Presidência;24;22%;06/06/2024;;11/06/2024;14/06/2024;18/06/2024;18/06/2024;9;;empresa;;;3;6;5;2;;;;;;;;;;;
123;Gestão de Frotas de Veículos 2024;Finalizada;Pesquisa fixa anual;Sindical Trabalhista e RH;58;56%;07/05/2024;;07/05/2024;24/05/2024;04/06/2024;21/06/2024;34;alta;empresa;20;realizar um benchmarking completo sobre a gestão de frotas nas indústrias farmacêuticas, contemplando os modelos mais utilizados, as formas de aquisição dos veículos, os níveis elegíveis, a periodicidade de troca, o auxílio para combustível, as ações adotadas em caso de multas por infração de trânsito, as mudanças previstas para os próximos 12 meses, entre outros assuntos relevantes para o tema.;3;21;0;20;;;;;;;;;;;
167;Seguimento para casos não graves inesperados;Finalizada;Solicitação de associado;Assuntos Regulatórios;70;65%;23/05/2024;05/06/2024;06/06/2024;14/06/2024;;21/06/2024;22;;empresa;3;entender os procedimentos que as empresas aplicam para o seguimento de casos não graves inesperados, relacionado aos artigos 22 e 31 da Portaria do CVS nº10 de 2023.;5;7;14;5;;;;;;;;;;;
171;Lista de presença em eventos com Profissionais de Saúde (HCPs);Finalizada;Solicitação de associado;Sindical Trabalhista e RH;36;37%;04/06/2024;;10/06/2024;14/06/2024;19/06/2024;21/06/2024;14;;empresa;3;entender quais são as práticas em relação às listas de presença e à prestação de contas da equipe de Força de Vendas nos eventos com Profissionais de Saúde (HCPs).;2;8;6;5;;;;;;;;;;;
168;Pacto Brasil pela Integridade Empresarial;Finalizada;Solicitação de associado;Mercado e Assuntos Jurídicos;24;32%;03/06/2024;06/06/2024;11/06/2024;18/06/2024;21/06/2024;24/06/2024;16;;empresa;2;entender o interesse em adesão das empresas ao Pacto Brasil pela Integridade Empresarial, uma iniciativa da Controladoria-Geral da União (CGU) que estimula empresas que atuam no país a assumir, voluntariamente, compromisso público com a integridade empresarial.;3;9;8;4;;;;;;;;;;;
176;Cargo de Gerente de Contas (KAM/SAM);Finalizada;Solicitação de associado;Sindical Trabalhista e RH;38;44%;10/06/2024;;18/06/2024;21/06/2024;;27/06/2024;14;;empresa;3;entender alguns parâmetros do cargo de Gerente de Contas, em relação ao tipo de remuneração e ao vínculo com sindicatos.;3;4;8;4;;;;;;;;;;;
170;Prêmio Qualidade na visão das Indústrias Farmacêuticas;Finalizada;Uso interno;Assuntos Técnicos;70;62%;05/06/2024;07/06/2024;10/06/2024;21/06/2024;;02/07/2024;20;;indivíduo;3;entender qual é a percepção das indústrias farmacêuticas em relação ao Prêmio Qualidade, à etapa de votação e às categorias, para servir como base na construção da premiação em 2025.;2;10;5;7;;;;;;;;;;;
169;Prêmio Qualidade - Mudanças para 2025;Finalizada;Uso interno;Assuntos Técnicos;94;;03/06/2024;07/06/2024;10/06/2024;21/06/2024;;03/07/2024;23;;indivíduo;5;entender quais as preferências de nosso público para o Prêmio Qualidade, de modo a servir como base para a construção da premiação de 2025 e otimizar a sua experiência.;2;10;7;8;;;;;;;;;;;
166;Indisponibilidade temporária de produtos;Finalizada;Solicitação de associado;Assuntos Regulatórios;48;49%;24/05/2024;07/06/2024;10/06/2024;21/06/2024;;05/07/2024;31;;empresa;3;entender o posicionamento estratégico da empresa e o papel do SAC frente a indisponibilidade temporária na comercialização de medicamentos e outros produtos, almejando gerar um panorama sobre como podemos mensurar o volume desses contatos.;2;10;17;10;;;;;;;;;;;
172;Benchmarking de Métricas para o SAC 2024;Finalizada;Pesquisa fixa anual;Assuntos Regulatórios;69;53%;06/06/2024;;18/06/2024;28/06/2024;;12/07/2024;27;alta;empresa;12;fornecer informações relevantes e atualizadas sobre as métricas utilizadas para avaliar o desempenho das áreas de SAC (Serviço de Atendimento ao Cliente) dos associados ao Sindusfarma. As informações geradas permitirão que os laboratórios ajustem suas estratégias de atendimento ao cliente, com o objetivo de aprimorar a qualidade do serviço prestado e, assim, aumentar a satisfação do cliente.;3;9;12;10;;;;;;;;;;;
180;Reclamações Trabalhistas;Finalizada;Solicitação de associado;Sindical Trabalhista e RH;54;62%;20/06/2024;;26/06/2024;05/07/2024;;16/07/2024;19;;empresa;4;Identificar e detalhar os principais pedidos e alegações feitos nas ações trabalhistas promovidas pelo escritório, que é conhecido como o maior litigante do polo ativo contra as empresas do setor farmacêutico.;4;8;6;7;;;;;;;;;;;
184;"Sua participação no evento ""Saúde Digital: conceitos e desafios na implementação""";Finalizada;Uso interno;Programa Educacional;12;;02/07/2024;;04/07/2024;12/07/2024;;16/07/2024;11;;indivíduo;1;entender os motivos pelos quais você não pôde comparecer e, com isso, melhorar a sua experiência com o Programa Educacional Sindusfarma.;5;7;2;2;;;;;;;;;;;
178;Condução de casos de eventos adversos (inefetividade terapêutica);Finalizada;Solicitação de associado;Assuntos Regulatórios;82;70%;17/06/2024;;03/07/2024;12/07/2024;;17/07/2024;23;;empresa;3;compreender o cenário da farmacovigilância frente ao recebimento de relato do evento adverso de inefetividade terapêutica.;4;8;16;3;;;;;;;;;;;
179;Gratificação por tempo de casa para desligados;Finalizada;Solicitação de associado;Sindical Trabalhista e RH;44;47%;18/06/2024;;02/07/2024;12/07/2024;;17/07/2024;22;;empresa;3;entender a prática das empresas quanto à gratificações e reconhecimentos aos colaboradores desligados em relação ao tempo de empresa.;3;9;14;3;;;;;;;;;;;
182;Registro de farmacovigilância;Finalizada;Solicitação de associado;Assuntos Regulatórios;94;71%;28/06/2024;;16/07/2024;23/07/2024;;26/07/2024;21;;empresa;;;3;6;18;3;;;;;;;;;;;
191;Investimentos Futuros do Setor Farmacêutico no Brasil;Finalizada;Pública;Presidência;66;66%;30/07/2024;;30/07/2024;02/08/2024;;02/08/2024;4;;empresa;;entender os planos de investimento das empresas farmacêuticas no Brasil e promover, junto ao Ministério da Saúde e o Governo Federal, o desenvolvimento contínuo e o crescimento do nosso setor.;3;4;0;0;;;;;;;;;;;
133;Estruturas de Marketing e Business Support 2024;Finalizada;Pesquisa fixa anual;Business Support;41;34%;03/06/2024;;04/06/2024;21/06/2024;05/07/2024;06/08/2024;47;alta;empresa;10;entender as estruturas de Marketing e Business Support junto às indústrias farmacêuticas.;3;24;1;32;;;;;;;;;;;
164;Presença e Liderança Feminina no Mercado Farmacêutico 2024;Finalizada;Pesquisa fixa anual;Presidência;146;70%;10/06/2024;;17/06/2024;28/06/2024;12/07/2024;07/08/2024;43;alta;empresa;13;analisar e compreender o panorama da presença e representatividade das mulheres em cargos de liderança no contexto do mercado farmacêutico no Brasil. Esta é a segunda edição dessa pesquisa. A partir de agora, poderemos acompanhar algumas tendências nas informações obtidas.;2;20;7;28;;;;;;;;;;;
185;Subsídio de medicamentos de fabricação própria;Finalizada;Solicitação de associado;Sindical Trabalhista e RH;45;56%;04/07/2024;;16/07/2024;19/07/2024;;07/08/2024;25;;empresa;3;entender como as empresas gerenciam a distribuição e os benefícios de acesso a medicamentos e produtos de fabricação própria.;3;4;12;13;;;;;;;;;;;
189;Uso de tecnologias na área jurídica;Finalizada;Solicitação de associado;Mercado e Assuntos Jurídicos;28;44%;11/07/2024;;22/07/2024;26/07/2024;;16/08/2024;27;;empresa;;;2;5;11;15;;;;;;;;;;;
190;Controle dos sistemas de comunicação - Propagandistas;Finalizada;Solicitação de associado;Mercado e Assuntos Jurídicos;32;28%;11/07/2024;;29/07/2024;09/08/2024;;16/08/2024;27;;empresa;;;2;10;18;5;;;;;;;;;;;
192;Divulgação de dados das CADIFAS aprovadas pela COIFA/Anvisa;Finalizada;Pública;Assuntos Regulatórios;109;68%;07/08/2024;;07/08/2024;16/08/2024;;19/08/2024;9;;empresa;2;conhecer a posição das indústrias farmacêuticas frente a divulgação de dados das CADIFAS. Esta foi uma solicitação da Anvisa, que atualmente está desenvolvendo um projeto interno para possibilitar a divulgação destes dados.;4;8;0;1;;;;;;;;;;;
193;Consulta sobre Mercados Prioritários para empresas que atuam no país;Finalizada;Pública;Assuntos Regulatórios;62;56%;07/08/2024;;08/08/2024;20/08/2024;;21/08/2024;11;;empresa;6;colher subsídios de atores relevantes para identificar possivelmente entre 10 e 12 autoridades reguladoras que venham a ser consideradas prioritárias na construção de confiança regulatória.;5;9;1;1;;;;;;;;;;;
186;Iniciativas ESG na indústria farmacêutica;Finalizada;Solicitação da área técnica;Relações Institucionais;58;64%;03/07/2024;;10/07/2024;24/07/2024;13/08/2024;23/08/2024;38;;empresa;5;compreender o cenário da pauta ESG (ambiente, social e governança) nas indústrias farmacêuticas, de modo a coletar dados de conformidade com determinados itens dessa agenda.;4;25;7;22;;;;;;;;;;;
195;Documentos exigidos na admissão;Finalizada;Solicitação de associado;Sindical Trabalhista e RH;59;59%;26/07/2024;;19/08/2024;22/08/2024;;23/08/2024;21;;empresa;;verificar quais documentos as empresas exigem atualmente na contratação de colaboradores, em virtude de todas as alterações promovidas na legislação inclusive E-social.;2;4;24;1;;;;;;;;;;;
200;Causalidade das notificações de eventos adversos;Finalizada;Pública;Assuntos Regulatórios;93;72%;22/08/2024;;22/08/2024;30/08/2024;;02/09/2024;8;;empresa;3;levantar quais metodologias as indústrias farmacêuticas utilizam para identificar a causalidade das notificações de eventos adversos. Esta pesquisa irá corroborar com uma ação da Anvisa com o fórum internacional do ICH.;5;7;0;1;;;;;;;;;;;
194;Terceirização e qualificação de fornecedores em farmacovigilância;Finalizada;Solicitação de associado;Assuntos Regulatórios;77;57%;15/08/2024;;21/08/2024;30/08/2024;;04/09/2024;15;;empresa;7;gerar um panorama sobre terceirização de atividades relacionadas a farmacovigilância, bem como os métodos para qualificar estes fornecedores.;4;8;6;3;;;;;;;;;;;
202;Investigação de queixas técnicas;Finalizada;Solicitação de associado;Assuntos Regulatórios;75;53%;21/08/2024;;06/09/2024;13/09/2024;;16/09/2024;19;;empresa;5;entender como as empresas do setor farmacêutico gerenciam seus portfólios de produtos e lidam com queixas técnicas e gestão de riscos.;6;6;16;1;;;;;;;;;;;
198;Notificação de informações relacionadas à segurança de medicamentos;Finalizada;Solicitação de associado;Assuntos Regulatórios;75;54%;16/08/2024;;09/09/2024;13/09/2024;;18/09/2024;24;;empresa;5;entender e gerar um panorama sobre a prática dos Detentores de Registro com relação à notificação de informações relevantes relacionada à segurança de medicamentos requerida no Art. 34 da RDC 406/2020.;2;5;24;3;;;;;;;;;;;
196;Análise de indeferimentos e exigências emitidas pela GEMAT;Finalizada;Solicitação de associado;Assuntos Regulatórios;40;30%;27/08/2024;;05/09/2024;18/09/2024;;20/09/2024;19;;empresa;4;coletar dados de indeferimento/exigências emitidas pela Gerência de Tecnologia de Materiais de Uso em Saúde (GEMAT).;5;10;9;2;;;;;;;;;;;
137;Programa Educacional Sindusfarma 2025;Finalizada;Pesquisa fixa anual;Programa Educacional;337;;12/09/2024;;12/09/2024;27/09/2024;;04/10/2024;17;média;indivíduo;2;aprimorar continuamente os cursos e eventos do Programa Educacional Sindusfarma, garantindo uma contribuição efetiva para a capacitação e atualização dos profissionais do setor farmacêutico.;5;12;0;5;;;;;;;;;;;
125;Pagamento de Bônus, PPR e PLR 2024;Finalizada;Pesquisa fixa anual;Sindical Trabalhista e RH;65;65%;09/09/2024;;09/09/2024;20/09/2024;;07/10/2024;21;alta;empresa;11;gerar um panorama das informações das indústrias farmacêuticas associadas ao Sindusfarma sobre os programas de bônus, PPR e PLR, investigando sua estrutura, composição, indicadores de desempenho, regras de pagamento e possíveis mudanças futuras.;2;10;0;11;;;;;;;;;;;
197;Estruturas da Área de Comunicação;Finalizada;Solicitação de associado;Comunicação;45;53%;12/08/2024;;28/08/2024;06/09/2024;27/09/2024;08/10/2024;42;;empresa;6;coletar informações sobre as estruturas das áreas de comunicação interna e externa das empresas e entender como são geridos alguns processos.;4;23;16;22;;;;;;;;;;;
201;Área de Meio Ambiente / Sustentabilidade;Finalizada;Solicitação de associado;Assuntos Técnicos;64;65%;20/08/2024;;11/09/2024;20/09/2024;27/09/2024;08/10/2024;36;;empresa;8;entender se as empresas possuem uma área ou um comitê dedicado a meio ambiente, sustentabilidade e/ou ESG, além de entender a estrutura dessa equipe, outras iniciativas e certificações conquistadas em relação a esse tema.;4;13;22;12;;;;;;;;;;;
207;Cesta de Natal;Finalizada;Solicitação de associado;Sindical Trabalhista e RH;59;57%;11/09/2024;;01/10/2024;04/10/2024;;08/10/2024;20;;empresa;3;entender o que as empresas oferecem aos colaboradores em relação ao feriado de Natal, como cestas, cartões, valores em dinheiro, acréscimo no vale-refeição e outros.;3;4;20;2;;;;;;;;;;;
203;Detecção de sinais pela área de Farmacovigilância;Finalizada;Solicitação de associado;Assuntos Regulatórios;73;58%;27/08/2024;;19/09/2024;27/09/2024;;10/10/2024;33;;empresa;5;entender como as empresas praticam a detecção de sinais em Farmacovigilância, em relação a métodos quantitativos e qualitativos, periodicidade e execução.;5;7;23;9;;;;;;;;;;;
135;Empresa mais admirada 2024;Finalizada;Uso interno;Business Support;93;;30/09/2024;;30/09/2024;11/10/2024;;16/10/2024;13;;indivíduo;;;2;10;0;3;;;;;;;;;;;
211;Consulta sobre Exportação, Transferência de Tecnologia e Investimento;Finalizada;Pública;Acesso e Precificação;71;57%;27/09/2024;;03/10/2024;15/10/2024;16/10/2024;17/10/2024;15;;empresa;7;facilitar o direcionamento das próximas consultas que forem recebidas pela CGIS. Ao saber de antemão quais são os interesses internacionais das indústrias farmacêuticas, quando precisar se manifestar frente às solicitações da ASINT ou do MRE, a CGIS priorizará os países e os mercados que forem previamente sinalizados pelo setor.;5;10;6;2;;;;;;;;;;;
206;Plano de saúde/Benefício para Animais dos Colaboradores;Finalizada;Solicitação de associado;Sindical Trabalhista e RH;55;59%;18/09/2024;;07/10/2024;11/10/2024;;21/10/2024;24;;empresa;4;entender o que as empresas oferecem aos colaboradores em relação aos seus animais (pets).;2;5;19;6;;;;;;;;;;;
126;Planos de Saúde e Redução de Sinistralidade 2024;Finalizada;Pesquisa fixa anual;Sindical Trabalhista e RH;61;53%;23/09/2024;;23/09/2024;04/10/2024;;23/10/2024;23;alta;empresa;;fornecer informações consolidadas e detalhadas sobre as práticas em relação aos planos de saúde utilizados, às modalidades e abrangência dos planos, à coparticipação, ao reembolso e outros parâmetros, além de entender quais são os percentuais de sinistralidade e o que as indústrias têm feito para buscar reduzir este índice.;2;10;0;13;;;;;;;;;;;
212;Revisão de relatos de Farmacovigilância;Finalizada;Solicitação de associado;Assuntos Regulatórios;80;62%;03/10/2024;;14/10/2024;18/10/2024;;24/10/2024;16;;empresa;4;entender as práticas para a revisão de qualidade dos relatos de Farmacovigilância, considerando critérios de revisão, amostragem e o uso de tecnologias.;2;5;11;4;;;;;;;;;;;
199;Implementação Art. 64 RDC 430/2020 - Transporte de Medicamentos;Finalizada;Solicitação da área técnica;Assuntos Técnicos;132;75%;22/08/2024;;10/09/2024;20/09/2024;18/10/2024;28/10/2024;48;;empresa;13;coletar informações sobre o status de implementação e impactos da adoção destes requisitos, exclusivamente para os medicamentos da cadeia seca.;3;29;19;26;;;;;;;;;;;
204;Avaliação de Desempenho 2024;Finalizada;Pesquisa fixa anual;Sindical Trabalhista e RH;45;41%;12/09/2024;;15/10/2024;25/10/2024;;28/10/2024;33;média;empresa;5;entender a prática das empresas em realização aos tipos de avaliação de desempenho individual, para quais públicos se aplicam, se são utilizados para mérito/reconhecimento e outros parâmetros, além de explorar métodos de gestão de talentos como a Matriz 9Box.;3;9;33;1;;;;;;;;;;;
216;Prescrição de Contraceptivos - Resolução nº 12/2024 do CFF;Finalizada;Solicitação da área técnica;Assuntos Regulatórios;60;59%;21/10/2024;;21/10/2024;25/10/2024;28/10/2024;29/10/2024;7;;empresa;3;coletar a percepção das empresas sobre os eventuais impactos positivos e/ou negativos decorrentes dessa resolução e definir possíveis encaminhamentos por parte do Sindusfarma com base nas respostas a esta pesquisa.;2;6;0;2;;;;;;;;;;;
210;Acesso ao Certificado Digital (e-CNPJ);Finalizada;Solicitação de associado;Mercado e Assuntos Jurídicos;37;35%;01/10/2024;;08/10/2024;18/10/2024;;31/10/2024;23;;empresa;5;entender o que as empresas praticam em relação ao acesso dos colaboradores ao certificado digital (e-CNPJ) da empresa em sua rotina.;3;9;7;9;;;;;;;;;;;
134;Treinamento da Força de Vendas 2024;Finalizada;Pesquisa fixa anual;Business Support;31;36%;01/10/2024;;01/10/2024;11/10/2024;30/10/2024;05/11/2024;26;alta;empresa;14;abordar diversas informações, entre elas: Perfis das empresas, nível de investimento, volume de treinamento, estrutura das áreas de treinamento, distribuição de gastos e mensuração dos resultados em T&D.;3;22;0;17;;;;;;;;;;;
208;Admissão Digital;Finalizada;Solicitação de associado;Sindical Trabalhista e RH;54;43%;18/09/2024;;21/10/2024;25/10/2024;;07/11/2024;37;;empresa;5;avaliar as diferentes práticas de admissão adotadas pelas indústrias farmacêuticas, em relação ao uso de plataformas digitais, integração entre elas e automatização do processo.;2;5;33;9;;;;;;;;;;;
128;Férias Coletivas / Recesso no Final do Ano de 2024;Finalizada;Pesquisa fixa anual;Sindical Trabalhista e RH;65;54%;28/10/2024;;28/10/2024;01/11/2024;;07/11/2024;9;média;empresa;7;entender como as empresas estão planejando os períodos de recesso e férias coletivas para os colaboradores da Força de Vendas e do Escritório/Administrativo. Isso abrange a investigação dos períodos programados, a flexibilidade das férias coletivas, políticas de utilização do tempo restante, compensação de dias de recesso e a presença de um calendário anual de compensações.;2;5;0;4;;;;;;;;;;;
138;Transformação Digital 2024;Finalizada;Pesquisa fixa anual;Business Support;35;42%;16/10/2024;;16/10/2024;25/10/2024;;12/11/2024;20;alta;empresa;12;gerar um panorama sobre o momento das indústrias farmacêuticas neste tema, abordando a maturidade de estratégias inovadoras, o engajamento de e-mails marketings e portais médicos, as estruturas das áreas de marketing digital e muito mais.;4;8;0;12;;;;;;;;;;;
209;Treinamentos de Farmacovigilância;Finalizada;Solicitação de associado;Assuntos Regulatórios;102;71%;04/10/2024;;23/10/2024;01/11/2024;;13/11/2024;29;;empresa;5;entender como as empresas aplicam os treinamentos aos colaboradores da empresa e aos parceiros, se são presenciais/virtuais, se é utilizado algum tipo de sistema e se o sistema é validado, qual a frequência destes treinamentos etc.;4;8;19;8;;;;;;;;;;;
215;Operação da Folha de Pagamento;Finalizada;Solicitação de associado;Sindical Trabalhista e RH;41;37%;17/10/2024;;06/11/2024;12/11/2024;;18/11/2024;23;;empresa;3;entender práticas em relação à sistemas utilizados, prestadores de serviços contratados e à estrutura da equipe dedicada à folha de pagamento.;4;5;20;4;;;;;;;;;;;
219;Uso da versão C3 do WHODrug nos sistemas de Farmacovigilância;Finalizada;Solicitação de associado;Assuntos Regulatórios;73;62%;24/10/2024;;04/11/2024;14/11/2024;;25/11/2024;23;;empresa;5;entender a proporção de empresas que utilizam a versão C3 do WHODrug nos sistemas de farmacovigilância, bem como sua configuração e os desafios enfrentados.;2;9;11;7;;;;;;;;;;;
214;Terceirização de serviços em Informações Médicas;Finalizada;Solicitação de associado;Assuntos Regulatórios;76;69%;25/10/2024;;05/11/2024;14/11/2024;;25/11/2024;22;;empresa;5;entender sobre as práticas de Informações Médicas na América Latina, em relação a ser uma área exclusivamente dedicado ao tema, à diretoria de alocação, à terceirização de atividades etc.;3;8;11;7;;;;;;;;;;;
136;Premiação da Força de Vendas 2024;Finalizada;Pesquisa fixa anual;Business Support;58;52%;04/11/2024;;04/11/2024;14/11/2024;;27/11/2024;18;alta;empresa;16;fornecer subsídios para as indústrias farmacêuticas sobre as práticas de pagamentos de remuneração variável;2;9;0;9;;;;;;;;;;;
220;Aplicação da CCT para propagandistas;Finalizada;Solicitação de associado;Sindical Trabalhista e RH;34;32%;06/11/2024;;19/11/2024;27/11/2024;;28/11/2024;17;;empresa;2;entender se as empresas estão aplicando a Convenção Coletiva de Trabalho (CCT) firmada entre Sindusfarma e Sinprovesp para propagandistas e vendedores em todo o Brasil.;3;7;13;1;;;;;;;;;;;
217;Lançamento de produtos com novas tecnologias;Finalizada;Solicitação de associado;Assuntos Técnicos;27;43%;23/10/2024;;07/11/2024;19/11/2024;;03/12/2024;30;;empresa;4;entender sobre as práticas das empresas em relação ao lançamento de produtos com novas tecnologias, além de fornecer mais detalhes sobre dispositivos de auto injeção.;5;9;15;10;;;;;;;;;;;
129;Indicadores de Recursos Humanos 2024;Finalizada;Pesquisa fixa anual;Sindical Trabalhista e RH;36;40%;04/11/2024;;04/11/2024;22/11/2024;;03/12/2024;22;alta;empresa;12;gerar um benchmarking valioso sobre os principais indicadores de recursos humanos, incluindo uma análise personalizada de turnover voluntário e involuntário entre diferentes públicos, além de temas relevantes como absenteísmo, méritos e promoções, relação de horas extras e horas trabalhadas, tempo médio de fechamento de vagas, índice de recrutamento interno e muito mais.;2;15;0;7;;;;;;;;;;;
119;Diversidade, Equidade & Inclusão no Mercado Farmacêutico 2024;Finalizada;Pesquisa fixa anual;Sindical Trabalhista e RH;69;70%;05/08/2024;;14/08/2024;30/08/2024;18/10/2024;05/12/2024;89;alta;empresa;15;revelar ações impactantes e gerar um panorama sobre como o mercado farmacêutico tem agido em prol da Diversidade, Equidade & Inclusão, em relação às áreas dedicadas, às iniciativas em andamento, às vagas afirmativas e à demografia considerando identidade de gênero, raça/etnia, faixa etária e orientação sexual.;4;48;9;69;;;;;;;;;;;
218;Contratação de profissionais autônomos;Finalizada;Solicitação de associado;Sindical Trabalhista e RH;25;20%;21/11/2024;;27/11/2024;04/12/2024;;05/12/2024;11;;empresa;3;entender se as empresas praticam o Recibo de Pagamento de Autônomo (RPA) nas contratações de prestados de serviço, além de informações sobre palestras de profissionais de saúde.;4;6;6;1;;;;;;;;;;;
205;Honorários de processos trabalhistas;Finalizada;Solicitação de associado;Sindical Trabalhista e RH;24;37%;26/11/2024;;03/12/2024;06/12/2024;;09/12/2024;10;;empresa;2;entender as faixas de custo médio unitário mensal de honorários advocatícios por processo trabalhista das empresas.;3;4;7;1;;;;;;;;;;;
221;Uso de CDMOs para desenvolvimento de produtos;Finalizada;Solicitação da área técnica;Assuntos Técnicos;50;38%;08/11/2024;;21/11/2024;06/12/2024;;10/12/2024;23;;empresa;4;mapear as necessidades do setor em relação às CDMOs, identificando lacunas e oportunidades para orientar políticas e investimentos. A contribuição das empresas é crucial para um diagnóstico preciso e para fomentar um ambiente colaborativo no avanço da indústria farmacêutica.;5;12;13;2;;;;;;;;;;;
130;Satisfação com os provedores Close-Up e IQVIA 2024;Finalizada;Pesquisa fixa anual;Business Support;45;62%;09/09/2024;;09/09/2024;20/09/2024;11/10/2024;11/12/2024;68;alta;empresa;12;avaliar a satisfação das Indústrias Farmacêuticas em relação aos provedores de informação: Close-up e IQVIA.;2;25;0;58;;;;;;;;;;;
223;Estratégia Omnichannel 2024;Finalizada;Pesquisa fixa anual;Business Support;51;50%;19/11/2024;;19/11/2024;03/12/2024;06/12/2024;12/12/2024;18;média;empresa;10;coletar informações sobre comunicação omnichannel nas indústrias farmacêuticas associadas ao Sindusfarma, incluindo os principais desafios enfrentados pela área médica no uso de canais digitais, as formas de medir o sucesso de uma estratégia, os principais canais digitais utilizados para engajar os profissionais de saúde e muito mais.;3;14;0;7;;;;;;;;;;;
229;Práticas tributárias em Pesquisa & Desenvolvimento (P&D);Finalizada;Solicitação de associado;Mercado e Assuntos Jurídicos;43;46%;06/01/2025;;09/01/2025;17/01/2025;;22/01/2025;13;;empresa;3;gerar informações sobre práticas das indústrias farmacêuticas em relação às atividades de Pesquisa & Desenvolvimento (P&D / R&D) e pesquisa clínica no exterior.;5;7;3;3;;;;;;;;;;;
231;Cotas de Pessoas com Deficiência e Jovens Aprendizes 2025;Finalizada;Pesquisa fixa anual;Sindical Trabalhista e RH;55;53%;07/01/2025;;07/01/2025;17/01/2025;;24/01/2025;14;média;empresa;7;entender o cumprimento das cotas estabelecidas pelo programa de Jovem Aprendiz e para Pessoas com Deficiência (PCDs) por parte das empresas, de modo a fornecer informações consolidadas do mercado, além de coletar ações que vem sendo aplicadas em prol de cumprir as cotas, entre outros temas.;3;9;0;5;;;;;;;;;;;
232;Expediente no Carnaval de 2025 e Compensação de feriados;Finalizada;Pesquisa fixa anual;Sindical Trabalhista e RH;70;63%;20/01/2025;;20/01/2025;31/01/2025;;03/02/2025;11;baixa;empresa;5;entender qual é a política das empresas associadas quanto à compensação de horas nas emendas de feriados para as equipes de escritório e de Força de Vendas, além de captar como será o expediente neste Carnaval de 2025.;2;10;0;1;;;;;;;;;;;
259;Canal de Denúncias e Ouvidoria;Finalizada;Solicitação de associado;Mercado e Assuntos Jurídicos;30;42%;21/01/2025;;27/01/2025;31/01/2025;;03/02/2025;10;;empresa;5;entender se as empresas dispõem de canais de denúncias / ouvidoria interna e externa e coletar algumas informações sobre estrutura e funcionamento.;2;5;6;1;;;;;;;;;;;
226;Benefícios Flexíveis 2025;Finalizada;Solicitação de associado;Sindical Trabalhista e RH;58;59%;09/01/2025;;29/01/2025;04/02/2025;;05/02/2025;20;;empresa;5;entender se as empresas estão oferecendo benefícios flexíveis (em que é possível transferir saldo entre diferentes modalidades) aos seus colaboradores, além de quais categorias se enquadram nesse modelo.;4;5;20;1;;;;;;;;;;;
260;Responsabilidade de cargos na área de SAC;Finalizada;Solicitação de associado;Assuntos Regulatórios;54;54%;22/01/2025;;29/01/2025;07/02/2025;;10/02/2025;14;;empresa;5;gerar um panorama de quais cargos / níveis hierárquicos ficam responsáveis pelas principais atividades da área de SAC.;4;8;7;1;;;;;;;;;;;
230;Perfil do Grupo de Trabalho (GT) de Tecnovigilância;Finalizada;Solicitação da área técnica;Assuntos Regulatórios;41;49%;27/01/2025;;27/01/2025;07/02/2025;;13/02/2025;14;;empresa;4;compreender e avaliar o perfil das empresas que fazem parte do grupo de trabalho (GT) de Tecnovigilância.;2;10;0;4;;;;;;;;;;;
258;Práticas em Programas de Demissão Voluntária (PDV);Finalizada;Solicitação de associado;Sindical Trabalhista e RH;37;30%;15/01/2025;;05/02/2025;11/02/2025;;17/02/2025;24;;empresa;5;coletar informações sobre a estrutura, benefícios, comunicação, aspectos jurídicos e financeiros e resultados de Programas de Demissão Voluntária (PDV) implementados pelas indústrias farmacêuticas.;4;5;21;4;;;;;;;;;;;
213;Agenda Estratégica Sindusfarma 2025;Finalizada;Solicitação da área técnica;Relações Institucionais;64;47%;06/01/2025;;06/01/2025;07/02/2025;11/02/2025;19/02/2025;33;;empresa;60;O Sindusfarma convida você a participar de uma pesquisa essencial para definir as prioridades estratégicas do setor farmacêutico junto aos Poderes Legislativo e Executivo (Ministérios e Agências Reguladoras) em âmbito federal. Os resultados deste levantamento subsidiarão a Agenda Estratégica Sindusfarma 2025, fortalecendo nossas ações reativas e propositivas diante da construção da agenda pública.;2;27;0;8;;;;;;;;;;;
235;Aplicação do Acordo Sindical 2025;Finalizada;Pesquisa fixa anual;Sindical Trabalhista e RH;63;63%;10/02/2025;;10/02/2025;14/02/2025;;19/02/2025;8;baixa;empresa;3;entender como será aplicado o reajuste salarial da Convenção Coletiva de 2025, em relação aos colaboradores da Força de Vendas, escritório e fábricas.;2;5;0;3;;;;;;;;;;;
225;Pesquisa de Satisfação - Grupos de Trabalho;Finalizada;Uso interno;Assuntos Regulatórios;167;;31/01/2025;;31/01/2025;14/02/2025;;21/02/2025;16;;indivíduo;5;"Pensando em melhorar os nossos serviços e atuação, gostaríamos de realizar uma breve pesquisa de satisfação.

A Diretoria de Assuntos Técnicos, Regulatórios e de Inovação abrange diversos temas, sendo esta pesquisa exclusiva para os temas no guarda-chuva de assuntos regulatórios, como por exemplo: farmacovigilância, tecnovigilância, SAC, COMEX, Dispositivos Médicos, Suplementos Alimentares, Evidência de Mundo Real (EMR), registro e pós-registro de medicamentos, operações regulatórias (CTD, IDMP etc) e outros temas.";6;11;0;5;;;;;;;;;;;
228;Plano de Continuidade de Negócios e Gestão de Crises;Finalizada;Solicitação da área técnica;Business Support;48;48%;03/02/2025;;03/02/2025;14/02/2025;20/02/2025;21/02/2025;15;;empresa;5;compreender como as empresas identificam, avaliam e gerenciam os riscos que enfrentam em diferentes áreas, como riscos estratégicos, operacionais, regulatórios, financeiros e outros. Além disso, busca explorar quais estruturas e processos são utilizados pelas empresas para monitorar e mitigar esses riscos, incluindo a existência de Planos de Continuidade de Negócios, Análise de Impacto de Negócios (BIA) e gestão de crises.;2;14;0;5;;;;;;;;;;;
269;Auxílio-Combustível;Finalizada;Solicitação de associado;Sindical Trabalhista e RH;63;49%;10/02/2025;;19/02/2025;21/02/2025;;26/02/2025;13;;empresa;3;entender se as empresas oferecem o auxílio-combustível aos seus colaboradores, segmentando os valores de acordo com os níveis hierárquicos.;4;3;9;3;;;;;;;;;;;
264;Implementação da Bula Digital (RDC 885-2024);Finalizada;Solicitação da área técnica;Assuntos Regulatórios;128;79%;29/01/2025;;14/02/2025;21/02/2025;27/02/2025;28/02/2025;23;;empresa;2;entender se as indústrias farmacêuticas planejam implementar as bulas digitais, conforme a RDC 885/2024, que dispõe sobre um projeto piloto para essa implementação em substituição à versão impressa nos medicamentos, com algumas exceções.;6;10;16;5;;;;;;;;;;;
262;Reconhecimento por tempo de casa e projetos 2025;Finalizada;Solicitação de associado;Sindical Trabalhista e RH;55;45%;17/02/2025;;17/02/2025;21/02/2025;;07/03/2025;12;;empresa;10;entender detalhes sobre as melhores práticas em relação aos programas de reconhecimento por tempo de casa e reconhecimento de projetos.;2;5;0;10;;;;;;;;;;;
263;Entrevistas de desligamento;Finalizada;Solicitação de associado;Sindical Trabalhista e RH;53;45%;28/01/2025;;26/02/2025;28/02/2025;;10/03/2025;27;;empresa;5;gerar um panorama sobre a realização de entrevistas de desligamento, em relação à frequência, aos públicos atingidos, ao modelo e aos responsáveis pelo condução.;4;3;29;6;;;;;;;;;;;
270;Retorno após acidente de trabalho;Finalizada;Solicitação de associado;Sindical Trabalhista e RH;39;40%;11/02/2025;;25/02/2025;07/03/2025;;10/03/2025;17;;empresa;2;capturar qual o percentual de empresas que realizam trabalho restrito após acidentes de trabalho com afastamento.;3;9;14;1;;;;;;;;;;;
267;Estruturas dos Departamentos Jurídicos;Finalizada;Solicitação de associado;Mercado e Assuntos Jurídicos;33;29%;05/02/2025;;18/02/2025;28/02/2025;;12/03/2025;23;;empresa;5;entender o dimensionamento dos departamentos jurídicos dos laboratórios associados ao Sindusfarma, além de faixas de investimento aplicados.;3;9;13;8;;;;;;;;;;;
266;Revisão médica de materiais;Finalizada;Solicitação de associado;Assuntos Regulatórios;52;64%;11/02/2025;;19/02/2025;28/02/2025;;17/03/2025;22;;empresa;3;compreender o escopo e as práticas na área de Informações Médicas, com foco especial na integração com a revisão médica de materiais promocionais e não promocionais (Medical Review).;4;8;8;11;;;;;;;;;;;
265;Armazenamento de prontuário dos colaboradores;Finalizada;Solicitação de associado;Sindical Trabalhista e RH;50;43%;03/02/2025;;06/03/2025;12/03/2025;;18/03/2025;29;;empresa;4;entender se as empresas armazenam os prontuários dos colaboradores de maneira física ou digital, além de explorar medidas de segurança, maneiras de armazenamento e detalhes sobre o processo de migração.;5;5;31;4;;;;;;;;;;;
274;People Analytics;Finalizada;Solicitação de associado;Sindical Trabalhista e RH;51;52%;24/02/2025;;12/03/2025;18/03/2025;;20/03/2025;16;;empresa;7;entender se as empresas possuem uma área dedicada à People Analytics ou pessoas dedicadas à indicadores dentro de outras áreas, além de capturar quais métricas são acompanhadas em relação à recursos humanos em geral.;4;5;16;2;;;;;;;;;;;
281;Sua experiência com a nova sede do Sindusfarma;Finalizada;Uso interno;Administrativo;56;;19/03/2025;;20/03/2025;20/03/2025;;24/03/2025;4;;indivíduo;1;avaliar a experiência das pessoas que vieram ao evento “Gap analysis para fins regulatórios: CMC e Clínico” em relação à entrada/recepção, instalações do auditório e do foyer, qualidade do som, iluminação e visibilidade dos projetores na visita à nova sede do Sindusfarma.;5;1;1;2;;;;;;;;;;;
233;Estagiários e Trainees 2025;Finalizada;Pesquisa fixa anual;Sindical Trabalhista e RH;49;45%;24/02/2025;;24/02/2025;11/03/2025;;25/03/2025;19;média;empresa;9;gerar um panorama das práticas das empresas em relação aos estagiários e trainees, envolvendo valor da bolsa-estágio e regime de contratação dos estagiários, além da eligibilidade e do plano de desenvolvimento dos trainees.;2;12;0;10;;;;;;;;;;;
273;Auxílio-Creche para pais;Finalizada;Solicitação de associado;Sindical Trabalhista e RH;63;50%;24/02/2025;;17/03/2025;19/03/2025;;25/03/2025;19;;empresa;3;mapear as práticas das indústrias farmacêuticas em relação ao auxílio-creche para pais, analisando critérios de elegibilidade, documentação necessária e formatos de concessão do benefício.;2;3;21;4;;;;;;;;;;;
275;Administração de subsídio de medicamentos;Finalizada;Solicitação de associado;Sindical Trabalhista e RH;58;56%;06/03/2025;;18/03/2025;21/03/2025;;27/03/2025;16;;empresa;4;mapear as práticas das indústrias farmacêuticas em relação à administração do subsídio de medicamentos, avaliando os fornecedores utilizados, a experiência dos colaboradores e possíveis melhorias no processo.;3;4;12;4;;;;;;;;;;;
284;Vale-alimentação;Finalizada;Solicitação da área técnica;Sindical Trabalhista e RH;64;62%;26/03/2025;;26/03/2025;27/03/2025;;27/03/2025;2;;empresa;1;gerar um panorama dos valores oferecidos como vale-alimentação aos colaboradores das indústrias farmacêuticas associadas ao Sindusfarma.;4;2;0;0;;;;;;;;;;;
268;Previdência privada e Benefícios no desligamento 2025;Finalizada;Solicitação de associado;Sindical Trabalhista e RH;62;51%;21/02/2025;;19/03/2025;26/03/2025;;31/03/2025;24;;empresa;5;entender como estão estruturados os benefícios de previdência privada e para colaboradores aposentados quando são desligados.;4;6;26;3;;;;;;;;;;;
246;Serviço de Atendimento ao Consumidor (SAC) 2025;Finalizada;Pesquisa fixa anual;Assuntos Regulatórios;120;78%;27/02/2025;;27/02/2025;14/03/2025;21/03/2025;08/04/2025;29;alta;empresa;13;entender como as empresas associadas têm estruturado suas áreas de SAC em relação ao funcionamento, aos canais de atendimento, ao fluxo de queixas técnicas, ao papel estratégico da área dentro da empresa, entre outros temas relevantes.;5;17;0;17;;;;;;;;;;;
277;Almoxarifados de matérias-primas e de produtos acabados;Finalizada;Solicitação de associado;Sindical Trabalhista e RH;49;43%;17/03/2025;;19/03/2025;28/03/2025;;09/04/2025;18;;empresa;3;avaliar as práticas relacionadas à localização dos almoxarifados, às condições de contratação dos funcionários, à obrigatoriedade do uso de capacetes de segurança e aos motivos (incluindo análise de riscos) para aprimorar a segurança e a gestão operacional nas áreas de estocagem.;4;8;2;8;;;;;;;;;;;
278;Troca de uniformes e paramentação na produção industrial;Finalizada;Solicitação de associado;Assuntos Técnicos;87;65%;19/03/2025;;31/03/2025;09/04/2025;;15/04/2025;20;;empresa;4;mapear as práticas adotadas pelas indústrias farmacêuticas relacionadas à obrigatoriedade de uniformes e paramentação para acesso à área produtiva, o tempo dedicado a essas etapas e a forma de contabilização na jornada de trabalho.;2;8;12;4;;;;;;;;;;;
271;Subsídio para tratamento em fertilidade;Finalizada;Solicitação de associado;Sindical Trabalhista e RH;46;42%;19/03/2025;;31/03/2025;04/04/2025;;15/04/2025;20;;empresa;2;mapear as práticas adotadas pelas empresas em relação à concessão de subsídios para tratamentos de fertilidade, abrangendo o planejamento reprodutivo, congelamento de gametas e tratamentos de infertilidade, com foco em identificar se o subsídio é concedido de forma integral ou parcial.;2;5;12;7;;;;;;;;;;;
280;Política de viagens;Finalizada;Solicitação de associado;Sindical Trabalhista e RH;42;25%;20/03/2025;;04/04/2025;09/04/2025;;23/04/2025;23;;empresa;3;entender as práticas adotadas pelas empresas quanto à elegibilidade de cargos para viagens corporativas e os critérios estabelecidos para a definição da classe de voo.;6;4;15;10;;;;;;;;;;;
236;Home Office e Short Friday 2025;Finalizada;Pesquisa fixa anual;Sindical Trabalhista e RH;73;62%;24/03/2025;;24/03/2025;04/04/2025;;23/04/2025;21;média;empresa;8;gerar um panorama sobre o modelo de trabalho dos colaboradores, mais especificamente sobre as políticas de Home Office aplicadas, além de entender se as empresas optam pelo Short Friday e como funciona.;2;10;0;13;;;;;;;;;;;
279;Uso do WhatsApp para atendimento ao consumidor 2025;Finalizada;Solicitação de associado;Assuntos Regulatórios;74;65%;19/03/2025;;02/04/2025;11/04/2025;;24/04/2025;25;;empresa;5;avaliar a implementação e eficácia do WhatsApp como canal de atendimento ao consumidor nas empresas, abrangendo aspectos de implantação, desafios, linguagem, métricas de desempenho, satisfação dos clientes e SLAs praticados, comparando com os resultados da primeira edição.;4;8;14;9;;;;;;;;;;;
282;Desconto do Vale-Refeição;Finalizada;Solicitação de associado;Sindical Trabalhista e RH;71;67%;24/03/2025;;09/04/2025;16/04/2025;;30/04/2025;26;;empresa;3;entender as práticas das empresas em relação ao desconto do Vale-Refeição para diferentes grupos de colaboradores (Força de Vendas, Escritório e Unidades Fabris).;4;6;16;10;;;;;;;;;;;
283;Pacotes para demissão;Finalizada;Solicitação de associado;Sindical Trabalhista e RH;43;25%;20/03/2025;;16/04/2025;23/04/2025;;08/05/2025;32;;empresa;4;identificar as práticas adotadas pelas empresas em relação aos pacotes oferecidos em casos de reestruturação ou eliminação de posição, incluindo benefícios como extensão de plano de saúde, consultoria de recolocação, pagamento de salários extras e condições de compra de veículos corporativos.;4;6;27;11;;;;;;;;;;;
288;Inovação no setor farmacêutico;Finalizada;Solicitação de parceiro;Inovação;52;47%;31/03/2025;;03/04/2025;17/04/2025;30/04/2025;14/05/2025;29;;empresa;9;gerar um panorama sobre como as empresas tem se posicionado em relação à inovação, abordando áreas dedicadas, tecnologias utilizadas, participação em projetos e iniciativas de inovação aberta, desafios enfrentados, entre outros tópicos. Assim, podemos entender suas demandas para desenvolver um programa de inovação aberta junto à Biominas Brasil.;5;20;3;19;;;;;;;;;;;
237;Controle de Jornada e Banco de Horas 2025;Finalizada;Pesquisa fixa anual;Sindical Trabalhista e RH;70;53%;07/04/2025;;07/04/2025;17/04/2025;;22/05/2025;30;média;empresa;6;"gerar um panorama sobre como as empresas tem registrado e controlado a jornada/expediente dos colaboradores e entender se a prática de ""ponto por exceção"" tem sido aplicada para colaboradores administrativos e da produção, além de entrar no mérito da carga horária aplicada para a equipe de vendas.";2;9;0;25;;;;;;;;;;;
294;Área dedicada a Processos;Finalizada;Solicitação de associado;Sindical Trabalhista e RH;33;27%;30/04/2025;;05/05/2025;09/05/2025;;22/05/2025;15;;empresa;2;gerar um panorama sobre como as empresas estruturam suas áreas dedicadas a processos e PMO (Project Management Office), entendendo se ambas estão juntas em uma estrutura única ou se estão separadas.;2;5;5;9;;;;;;;;;;;
276;Estrutura dos departamentos de Qualidade;Finalizada;Solicitação de associado;Assuntos Técnicos;75;43%;17/03/2025;;25/03/2025;04/04/2025;;26/05/2025;47;;empresa;6;mapear a estrutura dos departamentos de Qualidade nas indústrias farmacêuticas com plantas fabris instaladas no Brasil, identificando números de SKUs (por origem), quantitativos de funcionários, forma de subdivisão interna, linhas de reporte e a existência de atividades terceirizadas, a fim de subsidiar análises de gestão e controle da área.;3;9;8;36;;;;;;;;;;;
261;Antecipação da 1ª parcela do 13º salário;Finalizada;Solicitação de associado;Sindical Trabalhista e RH;40;32%;12/05/2025;;12/05/2025;16/05/2025;;26/05/2025;11;;empresa;2;mapear as práticas adotadas pelas indústrias farmacêuticas quanto à antecipação da primeira parcela do 13º salário, incluindo o mês usual de pagamento e a aplicação de descontos relacionados a pensão alimentícia judicial.;2;5;0;6;;;;;;;;;;;
234;Treinamento & Desenvolvimento Corporativo 2025;Finalizada;Pesquisa fixa anual;Sindical Trabalhista e RH;59;37%;12/03/2025;;12/03/2025;28/03/2025;;28/05/2025;52;alta;empresa;14;se basear na pesquisa anual da Associação Brasileira de Treinamento e Desenvolvimento (ABTD), que apresenta o panorama do Treinamento & Desenvolvimento no Brasil, considerando diversos segmentos, para aproveitar a oportunidade de termos uma visão segmentada do setor farmacêutico, em específico para os colaboradores dos escritórios e das fábricas.;4;13;0;43;;;;;;;;;;;
293;Realização do Estudo de Branqueamento - Corticoides de uso tópico;Finalizada;Solicitação da área técnica;Assuntos Técnicos;55;51%;23/04/2025;;05/05/2025;20/05/2025;;29/05/2025;25;;empresa;6;prever o possível impacto para as empresas que possuem medicamentos de uso tópico que contenham corticoides, tendo em vista que os desafios para realização do estudo de branqueamento ainda estão sendo enfrentados.;2;12;12;7;;;;;;;;;;;
289;Análise Situacional em Saúde Digital;Finalizada;Solicitação de parceiro;Business Support;58;53%;03/04/2025;;08/04/2025;02/05/2025;16/05/2025;30/05/2025;38;;empresa;11;fazer uma análise situacional da indústria farmacêutica do país com relação a utilização da saúde digital, incluindo a inteligência artificial, e às expectativas que ela tem para sua implementação.;3;29;5;20;;;;;;;;;;;
292;Fornecimento pós-estudo no Brasil;Finalizada;Solicitação de associado;Assuntos Regulatórios;73;57%;17/04/2025;08/05/2025;16/05/2025;23/05/2025;;02/06/2025;29;;empresa;4;mapear a frequência, características e impactos das solicitações de fornecimento de medicação pós-estudo no Brasil, considerando o tipo de produto, fase do estudo e estratégias adotadas pelas empresas;6;6;29;6;;;;;;;;;;;
299;Gestão de equipamentos disponibilizados para Força de Vendas;Finalizada;Solicitação de associado;Business Support;27;44%;19/05/2025;;20/05/2025;30/05/2025;;04/06/2025;13;;empresa;3;mapear os equipamentos disponibilizados para os profissionais da Força de Vendas, entender os processos logísticos envolvidos no envio e devolução desses itens e identificar boas práticas adotadas.;3;9;1;3;;;;;;;;;;;
298;Bases de dados utilizadas para busca de literatura;Finalizada;Solicitação de associado;Assuntos Regulatórios;92;67%;14/05/2025;;20/05/2025;30/05/2025;;06/06/2025;18;;empresa;4;mapear as bases de dados científicas utilizadas pelas empresas na área de Farmacovigilância, identificando práticas adotadas, limitações enfrentadas e oportunidades de aprimoramento no processo de busca por literatura especializada.;3;9;6;5;;;;;;;;;;;
249;Estruturas de Marketing e Business Support 2025;Finalizada;Pesquisa fixa anual;Business Support;40;33%;28/04/2025;;29/04/2025;09/05/2025;23/05/2025;11/06/2025;31;alta;empresa;10;entender as estruturas de Marketing e Business Support junto às indústrias farmacêuticas, incluindo as áreas de Marketing, Inteligência de Mercado, Produtividade e Efetividade, Administração de Vendas, Treinamento de Vendas, Suporte ao paciente/Programa de Fidelidade, Eventos e Digital.;3;19;1;23;;;;;;;;;;;
300;Estrutura de Carreira em Y;Finalizada;Solicitação de associado;Sindical Trabalhista e RH;47;50%;23/05/2025;;27/05/2025;03/06/2025;;11/06/2025;14;;empresa;7;mapear como as empresas estruturam e aplicam o modelo de carreira em Y, identificando critérios de progressão, práticas de avaliação, desafios enfrentados e aprendizados relevantes para valorização da trilha técnica.;3;6;4;6;;;;;;;;;;;
250;Benchmarking de Expectativas da Indústria Farmacêutica 2025-2026;Finalizada;Pesquisa fixa anual;Business Support;66;53%;19/05/2025;;19/05/2025;30/05/2025;13/06/2025;18/06/2025;23;média;empresa;8;fornecer uma análise detalhada das tendências e expectativas das indústrias farmacêuticas associadas ao Sindusfarma em relação ao mercado, aos índices econômicos, à geração de empregos e aos investimentos na área de Marketing no segundo semestre de 2025 e no ano de 2026.;2;20;0;13;;;;;;;;;;;
301;Fundo Cáli - Uso de informação de Sequência Digital sobre Recursos Genéticos (DSI);Finalizada;Pública;Assuntos Técnicos;22;33%;03/06/2025;;03/06/2025;13/06/2025;;18/06/2025;12;;empresa;3;mapear a presença de produtos de saúde baseados em Informação de Sequência Digital sobre Recursos Genéticos (DSI) oferecidos ao SUS, bem como compreender critérios considerados mais eficazes pelas indústrias farmacêuticas para a repartição de benefícios derivados do uso de DSI.;3;9;0;3;;;;;;;;;;;
240;Presença e Liderança Feminina no Mercado Farmacêutico 2025;Finalizada;Pesquisa fixa anual;Presidência;120;73%;14/04/2025;;14/04/2025;09/05/2025;30/05/2025;27/06/2025;49;alta;empresa;13;analisar e compreender o panorama da presença e representatividade das mulheres em cargos de liderança no contexto do mercado farmacêutico no Brasil. Esta é a terceira edição dessa pesquisa, portanto, continuaremos acompanhando algumas tendências nas informações obtidas.;2;35;0;35;;;;;;;;;;;
238;Gestão de Frotas de Veículos 2025;Finalizada;Pesquisa fixa anual;Sindical Trabalhista e RH;65;48%;19/05/2025;;19/05/2025;06/06/2025;;02/07/2025;31;alta;empresa;20;realizar um benchmarking completo sobre a gestão de frotas nas indústrias farmacêuticas, contemplando os modelos mais utilizados, as formas de aquisição dos veículos, os níveis elegíveis, a periodicidade de troca, o auxílio para combustível, as ações adotadas em caso de multas por infração de trânsito, as mudanças previstas para os próximos 12 meses, entre outros assuntos relevantes para o tema.;2;15;0;18;;;;;;;;;;;
309;Exigências e Protocolo 11305;Finalizada;Uso interno;Assuntos Regulatórios;7;27%;26/05/2025;;03/06/2025;17/06/2025;;02/07/2025;26;;empresa;;;3;11;8;11;;;;;;;;;;;
302;Taxa de resposta e estratégias de Follow Up;Finalizada;Solicitação de associado;Assuntos Regulatórios;52;41%;04/06/2025;;10/06/2025;18/06/2025;;03/07/2025;22;;empresa;4;mapear as práticas das empresas farmacêuticas quanto ao follow up em farmacovigilância, incluindo estratégias de contato, canais utilizados, mensuração de efetividade e ações de sensibilização do notificador.;3;7;6;11;;;;;;;;;;;
402;Benefícios durante o afastamento;Finalizada;Solicitação de associado;Sindical Trabalhista e RH;;;11/06/2025;;18/06/2025;27/06/2025;;07/07/2025;19;;empresa;;mapear as políticas adotadas pelas empresas quanto à manutenção ou suspensão de benefícios trabalhistas durante afastamentos por licença maternidade, auxílio-doença, acidente de trabalho e doenças profissionais, a fim de identificar práticas consolidadas e respeitar os limites legais e convencionais.;4;8;7;6;;;;;;;;;;;
248;Benchmarking de Métricas para o SAC 2025;Finalizada;Pesquisa fixa anual;Assuntos Regulatórios;67;63%;03/06/2025;;03/06/2025;18/06/2025;;23/07/2025;37;alta;empresa;12;fornecer informações relevantes e atualizadas sobre as métricas utilizadas para avaliar o desempenho das áreas de SAC (Serviço de Atendimento ao Cliente) dos associados ao Sindusfarma. As informações geradas permitirão que os laboratórios ajustem suas estratégias de atendimento ao cliente, com o objetivo de aprimorar a qualidade do serviço prestado e, assim, aumentar a satisfação do cliente.;3;12;0;25;;;;;;;;;;;
308;Mapeamento Setorial de Inventário de Emissões de Gases de Efeito Estufa (GEE);Finalizada;Solicitação de parceiro;Assuntos Técnicos;53;58%;10/07/2025;;10/07/2025;18/07/2025;;23/07/2025;10;;empresa;10;identificar as características operacionais das empresas para a construção do inventário de emissões de gases de efeito estufa (GEE) das indústrias farmacêuticas, em parceria com o Instituto Via Green, bem como as práticas relacionadas às emissões de GEE. Esse mapeamento permitirá a compreensão da maturidade das empresas sobre o tema, das práticas ambientais adotadas e fornecerá insights relevantes sobre o segmento.;5;7;0;3;;;;;;;;;;;
307;Lei de Igualdade Salarial Nº 14.611-2023;Finalizada;Solicitação de associado;Mercado e Assuntos Jurídicos;68;69%;11/07/2025;;15/07/2025;22/07/2025;;25/07/2025;11;;empresa;4;mapear o estágio de adequação das indústrias farmacêuticas à Lei nº 14.611/2023, com foco na forma de comunicação dos planos de ação e nas responsabilidades internas envolvida.;3;6;4;3;;;;;;;;;;;
310;Estrutura dos Departamentos Ambulatorial e Pessoal;Finalizada;Solicitação de associado;Sindical Trabalhista e RH;61;53%;15/07/2025;;16/07/2025;23/07/2025;;25/07/2025;9;;empresa;2;entender como está estruturado o quadro dos departamentos Ambulatorial e Pessoal nas empresas farmacêuticas, verificando se são próprios ou terceirizados, a distribuição dos colaboradores por cargo e sua representatividade em relação ao total de colaboradores da empresa.;4;6;1;2;;;;;;;;;;;
290;Índices de reclamação de mercado;Finalizada;Solicitação de associado;Assuntos Regulatórios;72;45%;14/05/2025;;25/06/2025;04/07/2025;;28/07/2025;51;;empresa;11;mapear as práticas adotadas pelas empresas quanto à gestão e tratamento de reclamações de mercado, sistemas utilizados, critérios de priorização, canais de recebimento, análise de causa e ações corretivas.;4;8;42;16;;;;;;;;;;;
242;Planos de Saúde e Redução de Sinistralidade 2025;Finalizada;Pesquisa fixa anual;Sindical Trabalhista e RH;68;59%;24/06/2025;;24/06/2025;11/07/2025;;29/07/2025;26;alta;empresa;15;fornecer informações consolidadas e detalhadas sobre as práticas em relação aos planos de saúde utilizados, às modalidades e abrangência dos planos, à coparticipação, ao reembolso e outros parâmetros, além de entender quais são os percentuais de sinistralidade e o que as indústrias têm feito para buscar reduzir este índice.;3;14;0;12;;;;;;;;;;;
318;Otimização da fila de análise (Registro de medicamentos);Finalizada;Solicitação da área técnica;Assuntos Regulatórios;96;66%;05/08/2025;;05/08/2025;07/08/2025;;08/08/2025;4;;empresa;5;coletar percepções e comentários sobre a possibilidade de adoção de estratégia, por parte da DIRE2/Anvisa, para otimização da fila de análise de registro de medicamentos. A DIRE2/Anvisa está avaliando publicar um edital abrindo caminho para que empresas substituam medicamentos na fila de registros. Neste formato, as indústrias farmacêuticas poderiam desistir de pedidos que estão mais adiantados na fila, para com isso, agilizar a avaliação de produtos que estão no fim da fila, mas são considerados mais estratégicos ou promissores para a empresa.;3;3;0;1;;;;;;;;;;;
311;Levantamento de Experiências Regulatórias com Bioisenção;Finalizada;Solicitação da área técnica;Assuntos Técnicos;69;54%;17/07/2025;;21/07/2025;08/08/2025;;11/08/2025;18;;empresa;3;coletar informações sobre experiências recentes de empresas do setor farmacêutico com a submissão de petições à Anvisa que incluam justificativas para isenção de estudos de bioequivalência, mesmo quando essas não estão claramente previstas na RDC 749/2022, que dispõe sobre isenção de estudos de bioequivalência/biodisponibilidade relativa.;2;15;4;1;;;;;;;;;;;
239;Pagamento de Bônus, PPR e PLR 2025;Finalizada;Pesquisa fixa anual;Sindical Trabalhista e RH;79;69%;09/06/2025;;09/06/2025;27/06/2025;;13/08/2025;45;alta;empresa;11;gerar um panorama das informações das indústrias farmacêuticas associadas ao Sindusfarma sobre os programas de bônus, PPR e PLR, investigando sua estrutura, composição, indicadores de desempenho, regras de pagamento e possíveis mudanças futuras.;2;15;0;33;;;;;;;;;;;
251;Treinamento da Força de Vendas 2025;Finalizada;Pesquisa fixa anual;Business Support;36;32%;09/06/2025;;09/06/2025;27/06/2025;;13/08/2025;45;alta;empresa;14;Este benchmarking teve como base a pesquisa anual da ABTD, que apresenta o panorama do treinamento & desenvolvimento no Brasil, considerando diversos segmentos e se tornando uma oportunidade ímpar de termos uma visão da dinâmica do nosso setor. A pesquisa aborda diversas informações, entre elas: Perfis das empresas, nível de investimento, volume de treinamento, estrutura das áreas de treinamento, distribuição de gastos e mensuração dos resultados em T&D.;2;15;0;33;;;;;;;;;;;
315;Cargo de Promotor de Merchandising;Finalizada;Solicitação de associado;Sindical Trabalhista e RH;41;45%;25/07/2025;;05/08/2025;08/08/2025;12/08/2025;13/08/2025;14;;empresa;;mapear a existência, o controle de jornada, a sistemática de atuação e o vínculo sindical dos promotores de merchandising nas indústrias farmacêuticas;3;6;11;3;;;;;;;;;;;
312;Nova Estrutura de Comitês e Grupos de Trabalho;Finalizada;Uso interno;Presidência;14;;23/07/2025;;23/07/2025;31/07/2025;;14/08/2025;17;;indivíduo;4;coletar sugestões de critérios para o acesso e a composição dos comitês e grupos de trabalho nas novas categorias.;4;7;0;10;;;;;;;;;;;
306;Multiplicadores de Compliance;Finalizada;Solicitação de associado;Mercado e Assuntos Jurídicos;42;28%;04/08/2025;;14/08/2025;21/08/2025;;26/08/2025;17;;empresa;4;mapear a existência de programas formais de multiplicadores de compliance nas empresas, entender como esses colaboradores — que atuam como embaixadores ou facilitadores das práticas de compliance em suas áreas — são selecionados, treinados e reconhecidos, além de levantar os principais formatos e desafios relacionados à implementação dessa iniciativa.;5;6;10;3;;;;;;;;;;;
252;Satisfação com os provedores Close-Up e IQVIA 2025;Finalizada;Pesquisa fixa anual;Business Support;31;35%;05/08/2025;;05/08/2025;22/08/2025;;28/08/2025;18;alta;empresa;;avaliar a satisfação das Indústrias Farmacêuticas em relação aos provedores de informação: Close-up e IQVIA.;3;14;0;4;;;;;;;;;;;
319;Subsídio de Medicamentos Através de Empresa Externa;Finalizada;Solicitação de associado;Sindical Trabalhista e RH;59;56%;08/08/2025;;19/08/2025;26/08/2025;;28/08/2025;15;;empresa;;avaliar quais fornecedores administram o benefício de subsídio para medicamentos, identificar práticas relacionadas ao uso de aplicativos, levantar eventuais dificuldades enfrentadas pelos colaboradores e entender as perspectivas das empresas sobre revisão ou troca de fornecedores no curto prazo.;3;6;11;2;;;;;;;;;;;
320;Estrutura de Folha de Pagamento e Benefícios na América Latina;Finalizada;Solicitação de associado;Sindical Trabalhista e RH;61;49%;18/08/2025;;27/08/2025;02/09/2025;;05/09/2025;15;;empresa;;mapear a estrutura, os sistemas, os fornecedores e as práticas adotadas pelas empresas farmacêuticas na gestão da folha de pagamento e benefícios na América Latina, identificando tendências de centralização, terceirização e integração entre países.;4;5;9;3;;;;;;;;;;;
316;Atuação da Garantia da Qualidade em Notificações de Eventos Adversos;Finalizada;Solicitação de associado;Assuntos Técnicos;112;75%;30/07/2025;;27/08/2025;03/09/2025;;08/09/2025;29;;empresa;4;mapear como a área de Garantia da Qualidade das empresas farmacêuticas atua no suporte às notificações de eventos adversos, reações inesperadas, inefetividade terapêutica e outros relatos relacionados à segurança e eficácia de medicamentos.;4;6;28;3;;;;;;;;;;;
321;Plano de Gerenciamento de Risco (PGR) em Farmacovigilância;Finalizada;Solicitação de associado;Assuntos Regulatórios;99;74%;22/08/2025;;26/08/2025;05/09/2025;;09/09/2025;13;;empresa;;mapear os modelos de Plano de Gerenciamento de Risco (PGR) submetidos por empresas multinacionais à Anvisa, identificar critérios de escolha e nível de adaptação local, além de levantar desafios enfrentados no processo de submissão.;3;9;4;2;;;;;;;;;;;
325;Acesso a Medicamentos para Colaboradores Afastados;Finalizada;Solicitação de associado;Sindical Trabalhista e RH;58;57%;28/08/2025;;01/09/2025;05/09/2025;;10/09/2025;10;;empresa;;;2;5;4;3;;;;;;;;;;;
326;Crédito do trabalhador via FGTS Digital;Finalizada;Solicitação de associado;Sindical Trabalhista e RH;71;52%;28/08/2025;;03/09/2025;09/09/2025;;10/09/2025;10;;empresa;3;mapear como as empresas estão operacionalizando o desconto do Crédito do Trabalhador via FGTS Digital na folha de pagamento, verificar se os sistemas estão preparados e identificar boas práticas internas que assegurem o cumprimento do limite legal de até 35% do salário líquido.;4;5;6;1;;;;;;;;;;;
332;Consulta Pública SECTICS/MS nº 69/2025 – Pesquisa Clínica no Brasil;Finalizada;Solicitação da área técnica;Assuntos Regulatórios;44;61%;05/09/2025;;05/09/2025;11/09/2025;;12/09/2025;6;;empresa;10;coletar insumos sobre as principais dificuldades e desafios enfrentados pelas indústrias farmacêuticas no fortalecimento do ambiente de pesquisa clínica no Brasil, destacando que esta consulta é conduzida pela Central de Pesquisas de forma excepcional, devido à subjetividade da matéria, sem intenção de estabelecer um novo padrão recorrente para contribuições a consultas públicas.;6;5;0;1;;;;;;;;;;;
314;Construção do Inventário de Emissões de Gases de Efeito Estufa GEE;Finalizada;Solicitação de parceiro;Assuntos Técnicos;38;52%;13/08/2025;;13/08/2025;05/09/2025;12/09/2025;15/09/2025;24;;empresa;17;subsidiar o Primeiro Inventário de Emissão de Gases de Efeito Estufa (GEE) do setor farmacêutico, em parceria com o Instituto ViaGreen. O questionário está dividido em Escopo 1, Escopo 2 e Escopo 3.;4;23;0;6;;;;;;;;;;;
333;Controle de jornada em trabalho remoto;Finalizada;Solicitação de associado;Sindical Trabalhista e RH;66;50%;09/09/2025;;11/09/2025;15/09/2025;;16/09/2025;6;;empresa;3;mapear as práticas de home office adotadas pelas empresas farmacêuticas e compreender como é feito o controle de utilização, incluindo possíveis ferramentas de monitoramento de atividades.;5;3;2;1;;;;;;;;;;;
324;VORA - Nova Comunidade da área de Acesso ao Mercado;Finalizada;Solicitação da área técnica;Acesso e Precificação;54;37%;20/08/2025;;25/08/2025;05/09/2025;;17/09/2025;21;;indivíduo;6;identificar os principais desafios práticos enfrentados pelo setor farmacêutico na área de acesso ao mercado, além de priorizar temas e formatos de conteúdo que orientem as entregas da Comunidade VORA. Busca-se também mapear o interesse e a disponibilidade de profissionais para participação nas iniciativas da comunidade.;2;10;5;8;;;;;;;;;;;
322;Estruturas de Informações Médicas no Brasil;Finalizada;Solicitação da área técnica;Assuntos Regulatórios;77;75%;19/08/2025;;04/09/2025;12/09/2025;;18/09/2025;23;;empresa;6;mapear a organização e os modelos adotados pelas indústrias farmacêuticas para as áreas de SAC e Informações Médicas, incluindo formatos de operação, composição das equipes, canais de atendimento, tempo de resposta e práticas relacionadas à busca de literatura científica.;5;7;16;4;;;;;;;;;;;
327;Programas e Ações de Qualidade de Vida nas Empresas;Finalizada;Solicitação de associado;Sindical Trabalhista e RH;55;35%;28/08/2025;;10/09/2025;12/09/2025;;22/09/2025;18;;empresa;;;4;3;13;6;;;;;;;;;;;
328;Exames Médicos Periódicos;Finalizada;Solicitação de associado;Sindical Trabalhista e RH;73;56%;02/09/2025;;16/09/2025;18/09/2025;;22/09/2025;15;;empresa;3;mapear como as empresas do setor farmacêutico organizam a gestão de exames médicos periódicos quando não possuem ambulatório ou enfermeiro do trabalho interno.;3;3;14;2;;;;;;;;;;;
330;Consultas de Pré-Submissão e Bioisenção;Finalizada;Solicitação de associado;Assuntos Regulatórios;74;64%;03/09/2025;;15/09/2025;19/09/2025;;23/09/2025;15;;empresa;5;mapear a experiência das indústrias farmacêuticas com a utilização da Consulta Pré-Submissão e da Consulta de Bioisenção na Anvisa, identificando práticas de alinhamento prévio, momento de protocolo, tempo de resposta, volume de processos em análise e impacto das respostas recebidas.;2;5;12;2;;;;;;;;;;;
253;Programa Educacional Sindusfarma 2026;Finalizada;Pesquisa fixa anual;Programa Educacional;358;79%;09/09/2025;;09/09/2025;19/09/2025;;29/09/2025;15;média;indivíduo;;;3;9;0;6;;;;;;;;;;;
329;Aviso Prévio;Finalizada;Solicitação de associado;Sindical Trabalhista e RH;65;45%;08/09/2025;;23/09/2025;26/09/2025;;01/10/2025;18;;empresa;;;3;4;15;3;;;;;;;;;;;
334;Consulta sobre Exportação Transferência de Tecnologia e Investimento 2025;Finalizada;Pública;Acesso e Precificação;60;48%;12/09/2025;;16/09/2025;26/09/2025;;01/10/2025;14;;empresa;7;facilitar o direcionamento das próximas consultas que forem recebidas pela CGIS. Ao saber de antemão quais são os interesses internacionais das indústrias farmacêuticas, quando precisar se manifestar frente às solicitações da ASINT ou do MRE, a CGIS priorizará os países e os mercados que forem previamente sinalizados pelo setor.;3;9;4;3;;;;;;;;;;;
340;RPBR: Impactos e Desafios do Novo Cronograma;Finalizada;Solicitação da área técnica;Assuntos Regulatórios;87;65%;19/09/2025;;22/09/2025;26/09/2025;;01/10/2025;9;;empresa;5;mapear como as empresas estão se preparando para atender ao novo cronograma de elaboração dos Relatórios Periódicos de Avaliação Benefício-Risco (RPBR), identificando impactos, desafios, uso de inteligência artificial e estratégias de adequação.;2;5;3;3;;;;;;;;;;;
331;Indicadores de Farmacovigilância;Finalizada;Solicitação da área técnica;Assuntos Regulatórios;95;61%;04/09/2025;;18/09/2025;26/09/2025;;02/10/2025;21;;empresa;;;5;7;14;4;;;;;;;;;;;
254;Empresa mais admirada 2025;Finalizada;Uso interno;Business Support;139;59%;16/09/2025;;16/09/2025;24/09/2025;;02/10/2025;13;;indivíduo;;;3;7;0;6;;;;;;;;;;;
243;Avaliação de Desempenho 2025;Finalizada;Pesquisa fixa anual;Sindical Trabalhista e RH;65;49%;08/09/2025;;08/09/2025;26/09/2025;;03/10/2025;20;média;empresa;5;entender a prática das empresas em realização aos tipos de avaliação de desempenho individual, para quais públicos se aplicam, se são utilizados para mérito/reconhecimento e outros parâmetros, além de explorar métodos de gestão de talentos como a Matriz 9Box.;2;15;0;5;;;;;;;;;;;
336;Previdência Complementar e Adesão Automática;Finalizada;Solicitação de associado;Sindical Trabalhista e RH;54;39%;12/09/2025;;30/09/2025;03/10/2025;;06/10/2025;17;;empresa;;;3;4;18;1;;;;;;;;;;;
335;Saúde Ocupacional em Times de Campo;Finalizada;Solicitação de associado;Sindical Trabalhista e RH;64;51%;10/09/2025;;01/10/2025;06/10/2025;;08/10/2025;21;;empresa;;;4;4;21;2;;;;;;;;;;;
343;Notificações de atualização de bula;Finalizada;Solicitação de associado;Assuntos Regulatórios;105;74%;23/09/2025;;03/10/2025;10/10/2025;;15/10/2025;17;;empresa;;;6;6;10;3;;;;;;;;;;;
345;Visitação médica durante a COP30;Finalizada;Solicitação da área técnica;Sindical Trabalhista e RH;37;39%;03/10/2025;;07/10/2025;10/10/2025;;15/10/2025;9;;empresa;3;mapear como as empresas estão planejando a atuação de suas equipes de visita médica durante a COP 30 (Conferência das Nações Unidas sobre as Mudanças Climáticas de 2025), que ocorrerá no dia 10 e 21 de novembro de 2025, considerando possíveis ajustes operacionais e de deslocamento.;3;4;4;3;;;;;;;;;;;
347;Setor farmacêutico no J.P. Morgan Healthcare Conference;Finalizada;Solicitação de parceiro;Acesso e Precificação;78;39%;06/10/2025;;13/10/2025;17/10/2025;;20/10/2025;11;;empresa;2;conhecer a demanda dos associados Sindusfarma para a participação no J.P. Morgan Healthcare Conference, em 2026, em parceria com a Associação Brasileira da Indústria de Insumos Farmacêuticos (Abiquifi).;2;5;7;1;;;;;;;;;;;
287;Cesta de Natal 2025;Finalizada;Pesquisa fixa anual;Sindical Trabalhista e RH;70;61%;06/10/2025;;06/10/2025;10/10/2025;;22/10/2025;13;baixa;empresa;3;entender o que as empresas oferecem aos colaboradores em relação ao feriado de Natal, como cestas, cartões, valores em dinheiro, acréscimo no vale-refeição e outros.;2;5;0;8;;;;;;;;;;;
255;Transformação Digital 2025;Finalizada;Pesquisa fixa anual;Business Support;38;30%;06/10/2025;;06/10/2025;17/10/2025;;27/10/2025;16;alta;empresa;12;Em um mundo de acesso ilimitado à informação e de múltiplos canais de comunicação, os laboratórios farmacêuticos têm de desenvolver os recursos para antecipar ou reagir rapidamente a essas novas fontes de evidência e permanecer a principal fonte de autoridade no desempenho de seus produtos. A pesquisa abordará estratégias, além da parte operacional, para entender o momento de vocês neste processo de Transformação Digital.;2;10;0;6;;;;;;;;;;;
344;Indicadores de Remuneração Variável;Finalizada;Solicitação de associado;Sindical Trabalhista e RH;57;42%;01/10/2025;;24/10/2025;29/10/2025;;31/10/2025;23;;empresa;3;mapear como as indústrias farmacêuticas estruturam seus programas de Remuneração Variável, considerando as diferentes modalidades adotadas, como comissões, premiações e programas de participação nos resultados (PPR/PLR).;6;4;23;2;;;;;;;;;;;
352;Práticas da NR-01 - Riscos Psicossociais;Finalizada;Solicitação de associado;Sindical Trabalhista e RH;73;52%;17/10/2025;;22/10/2025;28/10/2025;;04/11/2025;13;;empresa;4;mapear as ações e estratégias adotadas pelas indústrias farmacêuticas para adequação à nova NR-01 (Norma Regulamentadora nº 1), que estabelece as diretrizes gerais de segurança e saúde no trabalho e o gerenciamento dos riscos ocupacionais, incluindo os riscos psicossociais. O foco está na avaliação e gestão desses riscos, no engajamento da liderança e no apoio especializado das empresas.;4;5;5;5;;;;;;;;;;;
350;Nomenclatura dos cargos de Engenharia;Finalizada;Solicitação de associado;Sindical Trabalhista e RH;29;32%;15/10/2025;;23/10/2025;29/10/2025;;05/11/2025;16;;empresa;4;mapear as nomenclaturas adotadas para cargos de engenharia nas indústrias farmacêuticas e identificar critérios de remuneração aplicados, considerando o respeito ao piso salarial definido pelo CREA (Conselho Regional de Engenharia e Agronomia) e as políticas internas de cargos e salários.;5;5;8;5;;;;;;;;;;;
244;Férias coletivas e Recesso no Final do Ano de 2025;Finalizada;Pesquisa fixa anual;Sindical Trabalhista e RH;77;55%;20/10/2025;;20/10/2025;31/10/2025;;06/11/2025;14;média;empresa;7;entender como as empresas estão planejando os períodos de recesso e férias coletivas para os colaboradores da Força de Vendas e do Escritório/Administrativo. Isso abrange a investigação dos períodos programados, a flexibilidade das férias coletivas, políticas de utilização do tempo restante, compensação de dias de recesso e a presença de um calendário anual de compensações.;2;10;0;4;;;;;;;;;;;
348;Prontidão e Adoção de Inteligência Artificial nas Indústrias Farmacêuticas;Finalizada;Solicitação de parceiro;Business Support;58;50%;17/10/2025;;27/10/2025;07/11/2025;;12/11/2025;19;;empresa;6;avaliar o grau de prontidão das indústrias farmacêuticas na adoção de soluções de inteligência artificial (IA), compreender o estágio de implementação de ferramentas generativas, o engajamento dos colaboradores, e mapear os principais formatos de capacitação e áreas prioritárias para o desenvolvimento de competências digitais.;2;10;10;3;;;;;;;;;;;
256;Premiação da Força de Vendas 2025;Finalizada;Pesquisa fixa anual;Business Support;52;39%;20/10/2025;;20/10/2025;31/10/2025;;17/11/2025;21;alta;empresa;15;"entender como estão estruturados e governados os programas de Remuneração variável e campanhas de incentivos para os seguintes perfis:
· Sell-Out/Gerador de Demanda (Visitador Médico/Visitador PDV);
· Institucional/Hospitalar/Clinicas/Público ou Privado (G.Demanda/G.Venda/Acesso);
· Sell-In/Venda (KAM; Vendedor)";2;10;0;11;;;;;;;;;;;
342;Pesquisa de satisfação - Grupos de Trabalho (DITRI);Finalizada;Solicitação da área técnica;Assuntos Regulatórios;331;69%;20/10/2025;;20/10/2025;07/11/2025;;17/11/2025;21;;indivíduo;2;"Gostaríamos de convidá-los(as) a participar de uma breve pesquisa de satisfação, instrumento fundamental para avaliarmos a qualidade, a relevância e a efetividade dos serviços prestados pela Diretoria de Assuntos Técnicos, Regulatórios e de Inovação (DITRI) às empresas associadas ao Sindusfarma.

A DITRI atua em diversas frentes, abrangendo os seguintes temas: Assuntos Regulatórios, Qualidade, Farmacovigilância, Tecnovigilância, SAC, Comércio Exterior (COMEX), Pesquisa Clínica, Auditorias Compartilhadas, Inovação e Meio Ambiente. Entre os serviços oferecidos, destacam-se:

• organização de reuniões para discussão de guias e consultas públicas nacionais e internacionais;

• coordenação de comitês e grupos de trabalho;

• orientação técnica aos associados;

• realização de eventos e encontros técnicos com a participação da ANVISA, especialistas nos temas de atuação e demais stakeholders do setor;

• além de outras iniciativas voltadas ao fortalecimento da atuação da indústria farmacêutica instalada no Brasil.

Sua contribuição será essencial para que possamos garantir que a DITRI continue trabalhando para atender de forma efetiva, às necessidades do setor.";2;15;0;6;;;;;;;;;;;
353;Fornecedores de soluções ativas e passivas de controle de temperatura;Finalizada;Solicitação da área técnica;Assuntos Técnicos;20;;23/10/2025;;03/11/2025;14/11/2025;;18/11/2025;19;;empresa;5;"No início de outubro demos início ao novo Grupo de Trabalho do Sindusfarma, o GT Cadeia Farma – Diálogo sobre RDC 430/2020.

O objetivo desse GT é reunir experts da indústria farmacêutica e fornecedores de soluções e serviços logísticos para dialogar a respeito de temas que permeiam a RDC 430/2020, que dispõe sobre as Boas Práticas de Distribuição, Armazenagem e de Transporte de Medicamentos.

Dentre os tópicos que serão abordados nas próximas reuniões, abriremos um espaço de 15 minutos para a apresentação das soluções ativas ou passivas, conforme estabelecido no Art. 64 da RDC 430/2020.

Abaixo, segue as definições:

Soluções passivas: são aquelas que mantêm a temperatura controlada sem uso de energia elétrica ativa (ou seja, sem motores, compressores ou baterias). Elas se baseiam em isolamento térmico e no uso de elementos refrigerantes.

Soluções ativas: são aquelas que mantêm a temperatura controlada por meio de sistemas alimentados por energia elétrica, com controle ativo de refrigeração.

Convidamos os fornecedores de soluções passivas ou ativas de controle de temperatura a responder esta pesquisa de interesse. Com base nos resultados, será montado um cronograma para apresentação e informaremos com antecedência a todos os interessados.";2;10;11;2;;;;;;;;;;;
349;Volume de Ações Trabalhistas 2025;Finalizada;Solicitação de associado;Mercado e Assuntos Jurídicos;40;41%;16/10/2025;;03/11/2025;12/11/2025;;19/11/2025;25;;empresa;5;avaliar o cenário do número/volume de ações trabalhistas e os principais objetos/causas, separado em unidades fabris e força de vendas.;2;8;18;5;;;;;;;;;;;
346;Estrutura hierárquica e níveis de liderança;Finalizada;Solicitação de associado;Sindical Trabalhista e RH;54;45%;20/10/2025;;03/11/2025;06/11/2025;;19/11/2025;23;;empresa;4;mapear a proporção de colaboradores por nível e o número médio de reportes diretos (spans of control) em diferentes áreas organizacionais. avaliar a existência de políticas formais, diretrizes internas e práticas de governança aplicadas ao dimensionamento de equipes e níveis hierárquicos (layers), além de identificar a frequência de revisão estrutural e o uso de ferramentas de análise organizacional.;2;4;14;9;;;;;;;;;;;
356;Implementação das mudanças da Reforma Tributária de 2026;Finalizada;Solicitação da área técnica;Acesso e Precificação;80;66%;13/11/2025;;13/11/2025;19/11/2025;;24/11/2025;6;;empresa;2;entender se o setor farmacêutico está preparado para cumprir as novas obrigações para a emissão de Notas Fiscais com IBS (Imposto sobre Bens e Serviços) e CBS (Contribuição sobre Bens e Serviços), a partir das novas regras da reforma tributária, previstas para entrar em vigor em 05/01/2026.;5;5;0;3;;;;;;;;;;;
357;Estruturas de Recursos Humanos;Finalizada;Solicitação de associado;Sindical Trabalhista e RH;57;46%;11/11/2025;;19/11/2025;26/11/2025;;28/11/2025;12;;empresa;5;mapear a estrutura das áreas de recursos humanos das indústrias farmacêuticas, identificando modelos organizacionais, dimensionamento das equipes, responsabilidades funcionais e o uso de dados para suporte à tomada de decisão, consolidados em um benchmarking setorial.;4;6;8;2;;;;;;;;;;;
355;Interesse e Prioridades para Inteligência Artificial IA em Operações Industriais;Finalizada;Solicitação de parceiro;Assuntos Técnicos;71;54%;27/10/2025;;12/11/2025;19/11/2025;28/11/2025;03/12/2025;26;;empresa;8;mapear o nível de maturidade em Inteligência Artificial (IA) nas operações industriais das indústrias farmacêuticas, identificar as principais prioridades, gargalos e temas de interesse para capacitação técnica e gerencial, e compreender formatos e modalidades mais adequados para futuros cursos e trilhas de aprendizagem sobre IA industrial.;4;13;16;10;;;;;;;;;;;
257;Estratégia Omnichannel 2025;Finalizada;Pesquisa fixa anual;Business Support;46;52%;10/11/2025;;10/11/2025;28/11/2025;03/12/2025;08/12/2025;19;média;empresa;10;coletar informações sobre comunicação omnichannel nas indústrias farmacêuticas associadas ao Sindusfarma, incluindo os principais desafios enfrentados pela área médica no uso de canais digitais, as formas de medir o sucesso de uma estratégia, os principais canais digitais utilizados para engajar os profissionais de saúde e muito mais.;2;18;0;6;;;;;;;;;;;
245;Indicadores de Recursos Humanos 2025;Finalizada;Pesquisa fixa anual;Sindical Trabalhista e RH;33;35%;04/11/2025;;04/11/2025;28/11/2025;;15/12/2025;28;alta;empresa;10;gerar um benchmarking valioso sobre os principais indicadores de recursos humanos, incluindo uma análise personalizada de turnover voluntário e involuntário entre diferentes públicos, além de temas relevantes como absenteísmo, méritos e promoções, relação de horas extras e horas trabalhadas, tempo médio de fechamento de vagas, índice de recrutamento interno e muito mais.;3;19;0;11;;;;;;;;;;;
363;Aplicação do Acordo Coletivo e Estrutura de Remuneração;Finalizada;Solicitação de associado;Sindical Trabalhista e RH;67;57%;18/11/2025;;08/12/2025;12/12/2025;;18/12/2025;21;;empresa;;;2;5;20;4;;;;;;;;;;;
360;Área de Acesso ao Mercado;Finalizada;Solicitação de associado;Sindical Trabalhista e RH;64;52%;24/11/2025;;09/12/2025;12/12/2025;;18/12/2025;19;;empresa;;mapear os cargos existentes, a distribuição de equipes e a composição da remuneração nas áreas de acesso ao mercado (público/privado) e negócios institucionais das indústrias farmacêuticas associadas, assegurando conformidade com boas práticas concorrenciais e trabalhistas.;3;4;15;4;;;;;;;;;;;
361;Práticas de Afastamentos Médicos e Absenteísmo;Finalizada;Solicitação de associado;Sindical Trabalhista e RH;67;50%;03/12/2025;;10/12/2025;17/12/2025;;22/12/2025;14;;empresa;;mapear os principais indicadores, causas e práticas adotadas pelas empresas associadas em relação aos afastamentos médicos, absenteísmo e gestão de riscos psicossociais, considerando requisitos legais e boas práticas de saúde ocupacional.;4;6;7;3;;;;;;;;;;;
364;Planejamento de Demanda e Estoque 2025;Finalizada;Solicitação de associado;Business Support;31;41%;02/12/2025;;08/12/2025;12/12/2025;;23/12/2025;16;;empresa;;;2;5;6;7;;;;;;;;;;;
362;Ajuda de Custo para Mudança de Cidade;Finalizada;Solicitação de associado;Sindical Trabalhista e RH;52;59%;10/12/2025;;12/01/2026;16/01/2026;;22/01/2026;24;;empresa;;;2;5;33;4;;;;;;;;;;;
391;Retenção de colaboradores no chão de fábrica;Finalizada;Solicitação de associado;Sindical Trabalhista e RH;55;41%;06/01/2026;;14/01/2026;21/01/2026;26/01/2026;30/01/2026;19;;empresa;;;4;9;8;7;;;;;;;;;;;
367;Expediente no Carnaval de 2026 e Compensação de feriados;Finalizada;Pesquisa fixa anual;Sindical Trabalhista e RH;54;42%;22/01/2026;;22/01/2026;28/01/2026;;03/02/2026;9;baixa;empresa;5;entender qual é a política das empresas associadas quanto à compensação de horas nas emendas de feriados para as equipes de escritório e de Força de Vendas, além de captar como será o expediente neste Carnaval de 2026.;5;5;0;4;;;;;;;;;;;
392;Impactos da Jornada de Trabalho 6x1;Finalizada;Solicitação da área técnica;Presidência;73;55%;13/01/2026;;22/01/2026;30/01/2026;04/02/2026;06/02/2026;19;;empresa;4;entender se as indústrias farmacêuticas aplicam a jornada de trabalho no modelo 6x1, bem como capturar o impacto do possível fim dessa escala.;5;10;9;5;;;;;;;;;;;
399;Vale-alimentação para propagandistas;Finalizada;Solicitação da área técnica;Sindical Trabalhista e RH;61;57%;27/01/2026;;02/02/2026;05/02/2026;;06/02/2026;9;;empresa;;;2;4;6;1;;;;;;;;;;;
396;Publicações científicas com relatos de pacientes;Finalizada;Solicitação de associado;Assuntos Regulatórios;62;58%;12/01/2026;;28/01/2026;04/02/2026;06/02/2026;11/02/2026;23;;empresa;2;mapear como as empresas associadas têm lidado com a publicação de relatos de pacientes, especialmente no contexto de programas assistenciais e dos requisitos éticos aplicáveis.;4;8;16;5;;;;;;;;;;;
397;Errata: Volume de ações trabalhistas 2025;Finalizada;Errata;Mercado e Assuntos Jurídicos;20;;27/11/2025;;16/01/2026;23/01/2026;;13/02/2026;54;;empresa;;;6;6;50;15;;;;;;;;;;;
398;Práticas de Pagamento de Folha;Finalizada;Solicitação de associado;Sindical Trabalhista e RH;55;41%;29/01/2026;;11/02/2026;13/02/2026;;26/02/2026;18;;empresa;;;4;3;13;9;;;;;;;;;;;
366;Cotas de Pessoas com Deficiência e Jovens Aprendizes 2026;Finalizada;Pesquisa fixa anual;Sindical Trabalhista e RH;65;55%;02/02/2026;;02/02/2026;13/02/2026;;27/02/2026;17;média;empresa;7;entender o cumprimento das cotas estabelecidas pelo programa de Jovem Aprendiz e para Pessoas com Deficiência (PCDs) por parte das empresas, de modo a fornecer informações consolidadas do mercado, além de coletar ações que vem sendo aplicadas em prol de cumprir as cotas, entre outros temas.;2;10;0;10;;;;;;;;;;;
403;Estrutura de Cargos Promoções e Mérito;Finalizada;Solicitação de associado;Sindical Trabalhista e RH;53;46%;04/02/2026;;25/02/2026;03/03/2026;;09/03/2026;21;;empresa;;;4;5;21;4;;;;;;;;;;;
404;Gestão de Recursos Humanos;Finalizada;Solicitação de associado;Sindical Trabalhista e RH;51;45%;05/02/2026;;26/02/2026;04/03/2026;;09/03/2026;20;;empresa;;;5;5;21;3;;;;;;;;;;;
412;Impactos da interrupção dos hubs do Oriente Médio;Finalizada;Solicitação da área técnica;Presidência;49;50%;02/03/2026;;03/03/2026;06/06/2026;;10/03/2026;7;baixa;empresa;2;avaliar potenciais impactos no abastecimento de produtos e insumos destinados ao mercado brasileiro decorrentes da interrupção ou instabilidade dos hubs logísticos e pontos de conexão em Dubai, Abu Dhabi e demais localidades do Oriente Médio.;3;69;1;;;;;;;;;;;;
359;Panorama Setorial de Inovações Radicais em Saúde;Finalizada;Pública;Inovação;72;58%;27/01/2026;;27/01/2026;09/02/2026;23/02/2026;16/03/2026;32;;empresa;13;"O Sindusfarma, em parceria com a Secretaria de Ciência, Tecnologia e Inovação em Saúde (SCTIE) do Ministério da Saúde, convida sua empresa a participar deste levantamento que irá subsidiar a construção da Iniciativa Nacional de Inovação Radical em Saúde, cujo objetivo é fortalecer a base produtiva e tecnológica do país, ampliar a competitividade da indústria nacional e acelerar o desenvolvimento de tecnologias disruptivas em saúde.

A participação do setor produtivo é essencial para que a Iniciativa reflita, de forma concreta, os desafios, gargalos, riscos e oportunidades enfrentados pelas empresas, contribuindo para a formulação de políticas públicas, instrumentos de fomento e parcerias estratégicas alinhadas à realidade da indústria.

Esta pesquisa tem como finalidade reunir percepções qualificadas sobre capacidades tecnológicas, infraestrutura crítica, áreas de interesse e condições necessárias para o avanço da inovação radical no setor de saúde no Brasil.";3;20;0;25;;;;;;;;;;;
393;Satisfação com os serviços prestados pelo Sindusfarma;Em tabulação;Uso interno;Presidência;290;;13/01/2026;;24/02/2026;06/03/2026;;;;;indivíduo;;;3;9;42;;;;;;;;;;;;
408;Cargo de Operador de Empilhadeira;Em tabulação;Solicitação de associado;Sindical Trabalhista e RH;48;48%;25/02/2026;;04/03/2026;11/03/2026;;18/03/2026;16;;empresa;;;4;6;7;5;;;;;;;;;;;
410;Equidade parental;Em tabulação;Solicitação de associado;Sindical Trabalhista e RH;54;54%;01/03/2026;;09/03/2026;13/03/2026;;18/03/2026;13;;empresa;;;2;5;8;3;;;;;;;;;;;
406;Honorários Jurídicos: Trabalhista e Tributário;Em andamento;Solicitação de associado;Mercado e Assuntos Jurídicos;;;03/03/2026;;19/03/2026;25/03/2026;;;;;empresa;;;5;5;;;;;;;;;;;;;
414;A Adoção das Evidências de Mundo Real RWE;Em andamento;Solicitação da área técnica;Assuntos Regulatórios;33;24%;04/03/2026;;10/03/2026;19/03/2026;;;;;empresa;;;3;8;;;;;;;;;;;;;
368;Aplicação do Acordo Sindical 2026;Em andamento;Pesquisa fixa anual;Sindical Trabalhista e RH;42;20%;16/03/2026;16/03/2026;16/03/2026;20/03/2026;;;;baixa;empresa;;;2;5;;;;;;;;;;;;;
400;Análise de impacto dos eventos de Inovação do Sindusfarma;Em andamento;Uso interno;Inovação;;;17/03/2026;;17/03/2026;03/04/2026;;;;;indivíduo;;;3;14;;;;;;;;;;;;;
376;Presença e Liderança Feminina no Mercado Farmacêutico 2026;Em andamento;Pesquisa fixa anual;Presidência;;;23/03/2026;;23/03/2026;08/05/2026;;;;alta;empresa;;;2;35;;;;;;;;;;;;;
413;Governança de Treinamento e Desenvolvimento;Em análise da Área Técnica;Uso interno;Business Support;;;26/02/2026;;18/03/2026;20/03/2026;;;;;empresa;;;4;3;;;;;;;;;;;;;
409;Vale-Refeição nas Férias e Impactos do Decreto nº 12.712/2025;Em análise da Área Técnica;Solicitação de associado;Sindical Trabalhista e RH;;;06/03/2026;;18/03/2026;25/08/2026;;;;;empresa;;;4;115;;;;;;;;;;;;;
370;Serviço de Atendimento ao Consumidor (SAC) 2026;Em análise da Área Técnica;Pesquisa fixa anual;Assuntos Regulatórios;;;;;;;;;;alta;empresa;;;7;0;;;;;;;;;;;;;
417;Marketing Digital;Em desenvolvimento;Solicitação de parceiro;Business Support;;;24/03/2026;;;;;;;;empresa;;;7;0;;;;;;;;;;;;;
415;Gestão de terceiros ;Em análise da Central de Pesquisas;Solicitação de associado;Sindical Trabalhista e RH;;;10/03/2026;;;;;;;;empresa;;;7;0;;;;;;;;;;;;;
416;Benefícios e Infraestrutura para Trabalho Híbrido/Remoto;Em análise da Central de Pesquisas;Solicitação de associado;Sindical Trabalhista e RH;;;12/03/2026;;;;;;;;empresa;;;7;0;;;;;;;;;;;;;
418;SLA de processos seletivos;Em análise da Central de Pesquisas;Solicitação de associado;Sindical Trabalhista e RH;;;16/03/2026;;;;;;;;empresa;;;7;0;;;;;;;;;;;;;
371;Home Office e Short Friday 2026;Aguardando data predefinida;Pesquisa fixa anual;Sindical Trabalhista e RH;;;06/04/2026;;06/04/2026;17/04/2026;;;;média;empresa;;;2;10;;;;;;;;;;;;;
372;Controle de Jornada e Banco de Horas 2026;Aguardando data predefinida;Pesquisa fixa anual;Sindical Trabalhista e RH;;;22/04/2026;;22/04/2026;30/04/2026;;;;média;empresa;;;4;7;;;;;;;;;;;;;
375;Benchmarking de Expectativas da Indústria Farmacêutica 2026-2027;Aguardando data predefinida;Pesquisa fixa anual;Business Support;;;04/05/2026;;04/05/2026;22/05/2026;;;;média;empresa;;;2;15;;;;;;;;;;;;;
377;Gestão de Frotas de Veículos 2026;Aguardando data predefinida;Pesquisa fixa anual;Sindical Trabalhista e RH;;;25/05/2026;;25/05/2026;12/06/2027;;;;alta;empresa;;;2;275;;;;;;;;;;;;;
373;Treinamento & Desenvolvimento Corporativo 2026;Aguardando data predefinida;Pesquisa fixa bianual;Sindical Trabalhista e RH;;;15/06/2026;;15/06/2026;26/06/2026;;;;alta;empresa;;;2;10;;;;;;;;;;;;;
379;Planos de Saúde e Redução de Sinistralidade 2026;Aguardando data predefinida;Pesquisa fixa anual;Sindical Trabalhista e RH;;;27/07/2026;;27/07/2026;14/08/2026;;;;alta;empresa;;;2;15;;;;;;;;;;;;;
401;Empresa mais admirada 2026;Aguardando data predefinida;Uso interno;Business Support;;;03/08/2026;;03/08/2026;14/08/2026;;;;baixa;indivíduo;;;2;10;;;;;;;;;;;;;
380;Pagamento de Bônus, PPR e PLR 2026;Aguardando data predefinida;Pesquisa fixa anual;Sindical Trabalhista e RH;;;17/08/2026;;17/08/2026;04/09/2026;;;;alta;empresa;;;2;15;;;;;;;;;;;;;
383;Programa Educacional Sindusfarma 2027;Aguardando data predefinida;Pesquisa fixa anual;Programa Educacional;;;08/09/2026;;08/09/2026;18/09/2027;;;;média;indivíduo;;;3;269;;;;;;;;;;;;;
384;Avaliação de Desempenho 2026;Aguardando data predefinida;Pesquisa fixa anual;Sindical Trabalhista e RH;;;14/09/2026;;14/09/2026;25/09/2026;;;;média;empresa;;;2;10;;;;;;;;;;;;;
385;Cesta de Natal 2026;Aguardando data predefinida;Pesquisa fixa anual;Sindical Trabalhista e RH;;;05/10/2026;;05/10/2026;09/10/2026;;;;baixa;empresa;;;2;5;;;;;;;;;;;;;
388;Premiação da Força de Vendas 2026;Aguardando data predefinida;Pesquisa fixa anual;Business Support;;;05/10/2026;;05/10/2026;23/10/2026;;;;alta;empresa;;;2;15;;;;;;;;;;;;;
387;Férias coletivas e Recesso no Final do Ano de 2026;Aguardando data predefinida;Pesquisa fixa anual;Sindical Trabalhista e RH;;;19/10/2026;;19/10/2026;30/10/2026;;;;média;empresa;;;2;10;;;;;;;;;;;;;
382;Satisfação com os provedores Close-Up e IQVIA 2026;Aguardando data predefinida;Pesquisa fixa anual;Business Support;;;26/10/2026;;26/10/2026;06/11/2026;;;;alta;empresa;;;2;10;;;;;;;;;;;;;
378;Benchmarking de Métricas para o SAC 2026;Aguardando data predefinida;Pesquisa fixa anual;Assuntos Regulatórios;;;03/11/2026;;03/11/2026;19/11/2026;;;;alta;empresa;;;3;13;;;;;;;;;;;;;
390;Turnover na Indústria Farmacêutica 2026;Aguardando data predefinida;Pesquisa fixa anual;Sindical Trabalhista e RH;;;03/11/2026;;03/11/2026;27/11/2026;;;;média;empresa;;;3;19;;;;;;;;;;;;;
374;Estruturas de Marketing e Business Support 2027;Aguardando data predefinida;Pesquisa fixa bianual;Business Support;;;15/02/2027;;15/02/2027;05/03/2027;;;;alta;empresa;;;2;15;;;;;;;;;;;;;
369;Estagiários e Trainees 2027;Aguardando data predefinida;Pesquisa fixa bianual;Sindical Trabalhista e RH;;;15/03/2027;;15/03/2027;26/03/2027;;;;média;empresa;;;2;10;;;;;;;;;;;;;
381;Treinamento da Força de Vendas 2027;Aguardando data predefinida;Pesquisa fixa bianual;Business Support;;;07/06/2027;;07/06/2027;25/06/2027;;;;alta;empresa;;;2;15;;;;;;;;;;;;;
