id_pesq;hora_inicio;hora_termino;id_empresa;market_share;id_cliente
414;16/03/2026 18:58;16/03/2026 19:05;1043;0,00%;48
414;10/03/2026 15:46;10/03/2026 15:51;610;0,00%;531
414;10/03/2026 16:53;10/03/2026 16:59;47;0,38%;883
414;13/03/2026 16:22;16/03/2026 10:29;567;0,65%;935
414;16/03/2026 09:35;16/03/2026 10:13;139;0,06%;948
414;11/03/2026 09:52;11/03/2026 09:56;960;0,00%;1441
414;10/03/2026 10:29;10/03/2026 10:31;141;0,26%;1656
414;16/03/2026 12:09;16/03/2026 12:35;215;0,01%;1856
414;13/03/2026 11:59;13/03/2026 12:14;663;0,00%;1958
414;13/03/2026 10:35;13/03/2026 10:39;92;0,00%;2251
414;13/03/2026 12:30;13/03/2026 13:13;138;0,00%;2263
414;13/03/2026 11:22;13/03/2026 11:24;85;7,18%;2702
414;17/03/2026 05:54;17/03/2026 05:58;658;0,26%;2834
414;16/03/2026 13:35;16/03/2026 14:36;29;0,00%;3271
414;10/03/2026 18:18;16/03/2026 11:42;42;0,04%;3316
414;16/03/2026 09:39;16/03/2026 09:45;661;0,12%;3322
414;16/03/2026 10:11;16/03/2026 10:29;96;0,78%;3700
414;16/03/2026 19:13;16/03/2026 19:21;1244;1,10%;4485
414;10/03/2026 11:52;10/03/2026 12:00;8;5,01%;4523
414;13/03/2026 11:34;13/03/2026 11:36;122;0,00%;4566
414;10/03/2026 09:26;10/03/2026 09:28;1070;0,00%;4604
414;16/03/2026 10:29;16/03/2026 10:31;142;0,53%;4661
414;10/03/2026 15:13;10/03/2026 15:20;123;0,28%;4750
414;10/03/2026 15:25;10/03/2026 15:35;121;2,56%;4755
414;16/03/2026 09:16;16/03/2026 09:24;1290;0,00%;4890
414;16/03/2026 09:34;16/03/2026 09:56;1044;0,00%;5422
414;16/03/2026 11:24;16/03/2026 14:55;30;0,03%;5423
414;10/03/2026 09:49;10/03/2026 09:50;40;2,25%;5424
414;16/03/2026 18:29;16/03/2026 18:36;1041;0,03%;5425
414;10/03/2026 09:38;10/03/2026 16:52;633;0,66%;5426
414;16/03/2026 10:07;16/03/2026 14:40;1218;0,00%;5427
414;16/03/2026 10:09;16/03/2026 10:12;851;0,01%;5428
414;11/03/2026 09:00;11/03/2026 09:08;1195;1,76%;5429
412;04/03/2026 14:34;05/03/2026 14:09;30;0,02%;272
412;05/03/2026 15:40;05/03/2026 15:41;541;0,62%;283
412;03/03/2026 14:35;03/03/2026 14:37;128;0,07%;287
412;03/03/2026 14:28;03/03/2026 14:30;21;0,00%;582
412;04/03/2026 11:44;04/03/2026 11:44;72;0,08%;603
412;05/03/2026 11:43;05/03/2026 11:45;66;0,03%;1023
412;05/03/2026 12:02;05/03/2026 12:04;1014;0,00%;1027
412;03/03/2026 16:07;03/03/2026 16:09;37;1,04%;1988
412;05/03/2026 17:06;05/03/2026 17:08;26;0,40%;2082
412;05/03/2026 10:04;05/03/2026 10:05;60;8,46%;2797
412;03/03/2026 14:30;03/03/2026 14:31;633;0,67%;2806
412;06/03/2026 10:08;06/03/2026 10:09;410;0,00%;2929
412;06/03/2026 12:39;06/03/2026 12:40;33;0,13%;3608
412;05/03/2026 12:53;05/03/2026 12:53;59;3,58%;3750
412;05/03/2026 10:11;05/03/2026 10:12;1032;0,00%;3880
412;05/03/2026 10:14;05/03/2026 10:15;23;0,83%;4003
412;05/03/2026 13:05;05/03/2026 13:15;454;0,17%;4355
412;05/03/2026 22:16;05/03/2026 22:18;100;2,26%;4356
412;06/03/2026 10:08;06/03/2026 10:09;139;0,06%;4418
412;05/03/2026 12:05;05/03/2026 12:07;882;0,03%;4914
412;06/03/2026 10:35;06/03/2026 10:36;107;0,27%;4922
412;06/03/2026 11:10;06/03/2026 11:12;50;0,00%;5311
412;05/03/2026 17:27;05/03/2026 18:05;120;0,84%;5324
412;03/03/2026 14:29;03/03/2026 14:33;601;0,00%;5394
412;06/03/2026 09:34;06/03/2026 10:15;5;0,98%;5397
412;06/03/2026 10:21;06/03/2026 10:23;8;5,07%;5398
412;06/03/2026 10:32;06/03/2026 10:35;12;0,58%;5399
412;06/03/2026 09:20;06/03/2026 09:22;27;0,06%;5400
412;05/03/2026 14:18;05/03/2026 14:19;658;0,26%;5401
412;06/03/2026 10:09;06/03/2026 10:12;40;2,42%;5402
412;06/03/2026 09:52;06/03/2026 09:53;610;0,00%;5403
412;05/03/2026 10:35;05/03/2026 14:21;47;0,39%;5404
412;05/03/2026 14:40;05/03/2026 14:41;49;2,21%;5405
412;05/03/2026 10:59;05/03/2026 11:11;54;0,60%;5406
412;04/03/2026 08:35;04/03/2026 08:36;62;6,84%;5407
412;05/03/2026 13:50;05/03/2026 14:19;94;0,07%;5408
412;05/03/2026 10:43;05/03/2026 10:47;390;0,00%;5409
412;05/03/2026 12:27;05/03/2026 12:29;670;0,85%;5410
412;04/03/2026 14:13;04/03/2026 14:14;76;1,37%;5411
412;05/03/2026 12:51;05/03/2026 13:05;612;0,47%;5412
412;06/03/2026 10:18;06/03/2026 10:20;102;0,67%;5413
412;06/03/2026 10:34;06/03/2026 10:38;1255;0,00%;5414
412;03/03/2026 17:35;03/03/2026 18:27;106;1,34%;5415
412;05/03/2026 10:07;06/03/2026 10:08;96;0,81%;5416
412;04/03/2026 08:30;04/03/2026 09:36;790;1,00%;5417
412;06/03/2026 14:04;06/03/2026 14:04;118;0,37%;5418
412;06/03/2026 10:27;06/03/2026 10:28;121;2,52%;5419
412;05/03/2026 10:52;05/03/2026 10:54;567;1,00%;5420
412;04/03/2026 14:12;04/03/2026 14:15;132;0,12%;5421
410;10/03/2026 15:49;10/03/2026 15:56;26;0,42%;16
410;09/03/2026 18:48;09/03/2026 18:50;29;0,00%;17
410;10/03/2026 11:46;10/03/2026 12:26;882;0,03%;35
410;09/03/2026 22:46;09/03/2026 22:48;1043;0,00%;48
410;13/03/2026 10:20;13/03/2026 10:23;457;0,29%;51
410;09/03/2026 13:35;09/03/2026 13:48;592;0,09%;69
410;10/03/2026 11:21;10/03/2026 11:25;143;0,14%;75
410;16/03/2026 09:12;16/03/2026 09:15;13;0,24%;79
410;10/03/2026 10:07;10/03/2026 10:11;16;1,66%;80
410;09/03/2026 15:21;09/03/2026 15:26;128;0,07%;106
410;10/03/2026 10:20;10/03/2026 10:41;129;0,20%;107
410;11/03/2026 14:09;11/03/2026 14:12;28;2,21%;120
410;09/03/2026 17:05;09/03/2026 17:09;851;0,01%;142
410;13/03/2026 12:35;13/03/2026 12:38;909;0,94%;150
410;11/03/2026 10:46;11/03/2026 10:49;582;1,10%;151
410;09/03/2026 14:34;09/03/2026 14:37;79;0,12%;200
410;10/03/2026 13:35;10/03/2026 13:38;120;0,79%;505
410;12/03/2026 20:20;12/03/2026 20:25;33;0,13%;522
410;09/03/2026 14:17;09/03/2026 14:19;25;0,00%;559
410;10/03/2026 10:56;10/03/2026 11:00;96;0,78%;575
410;10/03/2026 11:05;10/03/2026 11:07;689;0,44%;1253
410;09/03/2026 13:32;09/03/2026 13:34;66;0,02%;1493
410;09/03/2026 16:26;09/03/2026 16:30;48;0,44%;1503
410;09/03/2026 13:31;09/03/2026 13:34;60;8,25%;1746
410;10/03/2026 07:41;10/03/2026 07:43;139;0,06%;1754
410;10/03/2026 11:54;10/03/2026 12:17;8;5,01%;2413
410;11/03/2026 18:22;11/03/2026 18:29;19;2,59%;2432
410;13/03/2026 10:32;13/03/2026 10:38;47;0,38%;2447
410;09/03/2026 12:39;09/03/2026 12:41;633;0,66%;2456
410;10/03/2026 17:15;10/03/2026 17:19;107;0,26%;2462
410;09/03/2026 13:50;09/03/2026 13:52;426;0,01%;2520
410;10/03/2026 07:44;10/03/2026 07:47;50;0,00%;2533
410;16/03/2026 09:31;16/03/2026 09:35;52;0,72%;2817
410;13/03/2026 09:52;13/03/2026 09:53;234;0,25%;3732
410;09/03/2026 13:43;09/03/2026 13:48;53;0,00%;3829
410;09/03/2026 12:32;09/03/2026 12:34;538;0,33%;3831
410;13/03/2026 10:26;13/03/2026 10:49;54;0,60%;3854
410;09/03/2026 09:33;09/03/2026 09:36;822;0,00%;3855
410;09/03/2026 12:51;09/03/2026 12:53;27;0,07%;3914
410;10/03/2026 11:49;10/03/2026 11:51;1290;0,00%;3916
410;10/03/2026 11:37;10/03/2026 11:42;1190;0,03%;3930
410;09/03/2026 13:44;09/03/2026 13:47;658;0,26%;3931
410;10/03/2026 11:20;10/03/2026 11:25;108;0,19%;3937
410;13/03/2026 09:39;13/03/2026 09:43;130;0,75%;3940
410;11/03/2026 08:43;11/03/2026 08:50;59;3,58%;4297
410;11/03/2026 09:03;11/03/2026 09:11;142;0,53%;4661
410;10/03/2026 10:54;10/03/2026 15:17;475;0,08%;4760
410;11/03/2026 12:21;11/03/2026 17:37;100;2,34%;4820
410;10/03/2026 15:10;10/03/2026 15:21;12;0,59%;4825
410;10/03/2026 16:01;10/03/2026 16:03;141;0,26%;5287
410;09/03/2026 15:32;09/03/2026 15:35;737;0,06%;5373
410;09/03/2026 12:59;12/03/2026 07:06;62;6,79%;5380
410;10/03/2026 16:13;10/03/2026 16:30;85;7,18%;5395
410;13/03/2026 09:50;13/03/2026 10:03;1195;1,76%;5396
408;11/03/2026 11:24;11/03/2026 11:35;52;0,72%;26
408;06/03/2026 16:56;06/03/2026 17:00;882;0,03%;35
408;05/03/2026 14:15;05/03/2026 14:17;80;0,00%;43
408;05/03/2026 13:51;05/03/2026 15:39;592;0,09%;69
408;11/03/2026 09:09;11/03/2026 09:10;129;0,20%;107
408;09/03/2026 10:22;09/03/2026 10:24;851;0,01%;142
408;05/03/2026 18:03;05/03/2026 20:36;909;0,94%;150
408;11/03/2026 10:28;11/03/2026 10:29;112;0,41%;175
408;05/03/2026 13:50;05/03/2026 13:52;790;0,35%;205
408;06/03/2026 07:15;06/03/2026 08:13;612;0,46%;304
408;05/03/2026 13:10;05/03/2026 13:44;582;1,10%;308
408;09/03/2026 09:55;09/03/2026 09:55;33;0,13%;522
408;05/03/2026 13:44;05/03/2026 13:45;25;0,00%;559
408;05/03/2026 15:43;05/03/2026 15:48;26;0,42%;715
408;05/03/2026 13:50;05/03/2026 13:51;689;0,44%;1253
408;05/03/2026 13:57;05/03/2026 13:59;28;2,21%;1377
408;09/03/2026 07:24;09/03/2026 07:27;102;0,64%;1506
408;05/03/2026 15:57;05/03/2026 16:43;426;0,01%;2373
408;05/03/2026 14:17;05/03/2026 14:18;130;0,75%;2523
408;10/03/2026 07:47;10/03/2026 07:51;50;0,00%;2533
408;09/03/2026 12:13;09/03/2026 12:16;54;0,60%;3459
408;05/03/2026 15:26;05/03/2026 15:26;132;0,11%;3527
408;05/03/2026 13:10;05/03/2026 13:12;538;0,33%;3831
408;11/03/2026 10:42;11/03/2026 10:45;1025;0,00%;3908
408;09/03/2026 15:03;10/03/2026 17:26;62;6,79%;3920
408;05/03/2026 14:33;05/03/2026 14:40;737;0,06%;3939
408;11/03/2026 08:40;11/03/2026 08:44;633;0,66%;4291
408;05/03/2026 13:16;05/03/2026 13:17;454;0,17%;4355
408;05/03/2026 22:08;05/03/2026 22:15;100;2,34%;4356
408;05/03/2026 14:12;05/03/2026 14:13;139;0,06%;4418
408;05/03/2026 15:05;05/03/2026 15:06;8;5,01%;4581
408;11/03/2026 08:52;11/03/2026 11:27;142;0,53%;4661
408;11/03/2026 18:39;11/03/2026 18:40;114;1,37%;4850
408;05/03/2026 14:31;05/03/2026 14:31;141;0,26%;5287
408;09/03/2026 13:27;10/03/2026 09:25;60;8,25%;5379
408;06/03/2026 16:14;06/03/2026 16:21;19;2,59%;5382
408;05/03/2026 13:31;05/03/2026 13:34;22;0,00%;5383
408;05/03/2026 14:55;05/03/2026 15:03;30;0,03%;5384
408;06/03/2026 08:43;06/03/2026 08:48;658;0,26%;5385
408;09/03/2026 10:09;09/03/2026 10:13;38;0,08%;5386
408;10/03/2026 08:44;11/03/2026 15:11;47;0,38%;5387
408;06/03/2026 08:28;06/03/2026 08:44;68;0,00%;5388
408;05/03/2026 15:23;05/03/2026 15:29;85;7,18%;5389
408;11/03/2026 08:52;11/03/2026 09:23;1286;0,00%;5390
408;11/03/2026 10:48;11/03/2026 10:49;106;1,34%;5391
408;11/03/2026 08:52;11/03/2026 08:55;487;0,28%;5392
408;05/03/2026 13:29;05/03/2026 13:32;120;0,79%;5393
408;11/03/2026 08:30;11/03/2026 08:35;601;0,00%;5394
404;02/03/2026 19:04;02/03/2026 19:08;26;0,40%;16
404;27/02/2026 15:47;27/02/2026 15:49;29;0,00%;17
404;03/03/2026 17:25;03/03/2026 17:30;882;0,03%;35
404;02/03/2026 11:07;02/03/2026 11:13;68;0,00%;38
404;04/03/2026 10:05;04/03/2026 10:08;80;0,00%;43
404;04/03/2026 09:40;04/03/2026 10:05;737;0,05%;56
404;26/02/2026 16:58;26/02/2026 17:02;592;0,10%;69
404;27/02/2026 10:20;27/02/2026 10:25;143;0,14%;75
404;26/02/2026 16:01;26/02/2026 16:11;48;0,43%;84
404;26/02/2026 23:00;26/02/2026 23:03;128;0,07%;106
404;01/03/2026 11:56;01/03/2026 11:59;129;0,20%;107
404;05/03/2026 09:51;05/03/2026 09:55;16;1,64%;113
404;26/02/2026 16:30;26/02/2026 16:36;65;2,04%;132
404;27/02/2026 09:37;27/02/2026 09:40;851;0,00%;142
404;04/03/2026 10:35;04/03/2026 10:38;107;0,27%;143
404;03/03/2026 17:20;03/03/2026 17:29;582;1,17%;151
404;26/02/2026 17:38;26/02/2026 17:40;12;0,58%;157
404;27/02/2026 09:07;27/02/2026 09:12;112;0,47%;175
404;26/02/2026 15:22;26/02/2026 15:26;79;0,13%;200
404;05/03/2026 09:12;05/03/2026 09:19;541;0,62%;206
404;27/02/2026 15:16;27/02/2026 15:20;120;0,84%;505
404;04/03/2026 16:38;04/03/2026 16:40;33;0,13%;522
404;26/02/2026 15:32;26/02/2026 15:35;25;0,00%;559
404;26/02/2026 15:05;02/03/2026 09:37;142;0,55%;631
404;26/02/2026 15:05;02/03/2026 09:32;658;0,26%;967
404;04/03/2026 10:41;04/03/2026 10:46;689;0,45%;1253
404;26/02/2026 15:57;26/02/2026 16:01;139;0,06%;1376
404;26/02/2026 15:08;26/02/2026 15:12;28;2,20%;1377
404;26/02/2026 15:45;26/02/2026 15:54;102;0,67%;1506
404;27/02/2026 08:31;27/02/2026 08:34;426;0,01%;2373
404;03/03/2026 18:33;03/03/2026 18:35;19;2,43%;2432
404;02/03/2026 10:40;02/03/2026 10:52;633;0,67%;2456
404;26/02/2026 16:54;26/02/2026 17:00;612;0,47%;2481
404;26/02/2026 15:51;26/02/2026 16:01;130;0,73%;2523
404;26/02/2026 15:10;26/02/2026 15:17;81;0,01%;2543
404;02/03/2026 12:05;03/03/2026 14:11;52;0,70%;2817
404;02/03/2026 13:50;02/03/2026 14:06;132;0,12%;3527
404;26/02/2026 16:24;26/02/2026 16:42;811;0,02%;3733
404;04/03/2026 13:31;04/03/2026 13:34;538;0,36%;3831
404;27/02/2026 14:52;27/02/2026 14:58;54;0,60%;3854
404;26/02/2026 15:15;26/02/2026 15:18;822;0,00%;3855
404;02/03/2026 17:56;02/03/2026 17:59;27;0,06%;3914
404;02/03/2026 12:31;02/03/2026 12:35;1290;0,00%;3916
404;26/02/2026 17:17;26/02/2026 17:20;1190;0,02%;3930
404;27/02/2026 14:23;27/02/2026 14:28;108;0,18%;3937
404;02/03/2026 10:57;02/03/2026 11:01;59;3,58%;4297
404;03/03/2026 09:21;03/03/2026 09:33;8;5,07%;4581
404;26/02/2026 15:23;26/02/2026 15:25;141;0,27%;5287
404;02/03/2026 14:01;02/03/2026 14:09;111;0,68%;5338
404;27/02/2026 11:59;27/02/2026 12:35;62;6,84%;5380
404;04/03/2026 22:39;04/03/2026 23:04;60;8,46%;5381
403;25/02/2026 10:56;25/02/2026 12:58;29;0,00%;17
403;25/02/2026 10:30;25/02/2026 10:33;658;0,26%;19
403;03/03/2026 17:18;03/03/2026 17:22;882;0,03%;35
403;25/02/2026 11:39;25/02/2026 11:42;80;0,00%;43
403;25/02/2026 16:53;25/02/2026 16:56;1043;0,00%;48
403;27/02/2026 11:29;27/02/2026 11:36;143;0,14%;75
403;03/03/2026 12:34;03/03/2026 12:51;68;0,00%;89
403;26/02/2026 23:24;26/02/2026 23:27;128;0,07%;106
403;27/02/2026 10:12;27/02/2026 10:41;129;0,20%;107
403;27/02/2026 14:49;27/02/2026 14:53;592;0,10%;108
403;25/02/2026 09:38;25/02/2026 09:53;65;2,04%;132
403;27/02/2026 09:42;27/02/2026 09:47;851;0,00%;142
403;26/02/2026 13:42;26/02/2026 13:47;107;0,27%;143
403;26/02/2026 20:32;26/02/2026 20:37;12;0,58%;157
403;02/03/2026 07:17;02/03/2026 07:29;16;1,64%;158
403;27/02/2026 13:42;27/02/2026 13:52;112;0,47%;175
403;25/02/2026 20:47;25/02/2026 20:51;79;0,13%;200
403;26/02/2026 08:33;26/02/2026 08:39;106;1,34%;203
403;26/02/2026 14:15;26/02/2026 14:34;790;1,00%;205
403;27/02/2026 08:26;27/02/2026 08:32;582;1,17%;308
403;03/03/2026 12:08;03/03/2026 12:14;33;0,13%;522
403;03/03/2026 11:53;03/03/2026 12:19;25;0,00%;559
403;03/03/2026 09:08;03/03/2026 09:21;96;0,81%;575
403;03/03/2026 12:01;03/03/2026 12:10;689;0,45%;1253
403;25/02/2026 09:51;25/02/2026 11:07;28;2,20%;1377
403;03/03/2026 15:44;03/03/2026 15:47;66;0,03%;1493
403;25/02/2026 09:48;25/02/2026 09:56;102;0,67%;1506
403;03/03/2026 10:30;03/03/2026 10:37;139;0,06%;1754
403;03/03/2026 18:25;03/03/2026 18:28;19;2,43%;2432
403;03/03/2026 08:32;03/03/2026 08:45;426;0,01%;2520
403;25/02/2026 11:01;25/02/2026 11:07;130;0,73%;2523
403;25/02/2026 10:19;25/02/2026 10:27;94;0,07%;2529
403;26/02/2026 15:19;26/02/2026 15:24;81;0,01%;2543
403;25/02/2026 15:41;26/02/2026 11:15;1165;0,00%;2546
403;03/03/2026 11:53;03/03/2026 11:58;52;0,70%;2817
403;25/02/2026 10:46;25/02/2026 11:00;811;0,02%;3733
403;03/03/2026 10:20;03/03/2026 10:25;538;0,36%;3831
403;25/02/2026 10:41;25/02/2026 10:45;54;0,60%;3854
403;03/03/2026 09:05;03/03/2026 09:08;822;0,00%;3855
403;02/03/2026 17:49;02/03/2026 17:55;27;0,06%;3914
403;25/02/2026 14:46;25/02/2026 14:54;1290;0,00%;3916
403;25/02/2026 16:41;25/02/2026 16:44;108;0,18%;3937
403;25/02/2026 10:28;25/02/2026 10:32;567;1,00%;3951
403;02/03/2026 11:01;02/03/2026 11:06;59;3,58%;4297
403;25/02/2026 15:44;25/02/2026 15:59;142;0,55%;4661
403;25/02/2026 09:47;25/02/2026 14:12;475;0,09%;4760
403;03/03/2026 16:43;03/03/2026 16:55;111;0,68%;4832
403;25/02/2026 17:44;25/02/2026 17:47;8;5,07%;5097
403;25/02/2026 14:12;25/02/2026 14:16;141;0,27%;5287
403;27/02/2026 13:27;03/03/2026 15:07;132;0,12%;5336
403;26/02/2026 11:47;26/02/2026 11:54;737;0,05%;5373
403;03/03/2026 17:34;03/03/2026 17:47;60;8,46%;5379
403;26/02/2026 08:57;27/02/2026 11:58;62;6,84%;5380
399;02/02/2026 18:20;03/02/2026 11:46;29;0,00%;17
399;02/02/2026 10:22;02/02/2026 10:24;882;0,03%;35
399;03/02/2026 08:31;03/02/2026 08:32;457;0,29%;51
399;02/02/2026 23:05;02/02/2026 23:08;592;0,10%;69
399;03/02/2026 11:06;03/02/2026 11:08;13;0,24%;79
399;03/02/2026 11:59;03/02/2026 12:00;16;1,64%;80
399;02/02/2026 14:10;02/02/2026 14:13;68;0,00%;89
399;02/02/2026 18:23;02/02/2026 18:30;100;2,26%;95
399;05/02/2026 13:43;05/02/2026 13:44;128;0,07%;106
399;02/02/2026 10:57;02/02/2026 10:59;129;0,20%;107
399;02/02/2026 10:25;02/02/2026 10:27;28;2,20%;120
399;05/02/2026 17:53;05/02/2026 17:54;60;8,46%;130
399;03/02/2026 15:19;03/02/2026 15:39;65;2,04%;132
399;02/02/2026 11:02;02/02/2026 11:19;851;0,00%;142
399;03/02/2026 08:28;03/02/2026 08:34;107;0,27%;143
399;02/02/2026 13:28;02/02/2026 13:29;909;0,95%;150
399;03/02/2026 08:56;03/02/2026 09:15;582;1,17%;151
399;02/02/2026 11:22;02/02/2026 11:24;112;0,47%;175
399;02/02/2026 15:33;02/02/2026 15:35;584;0,32%;182
399;02/02/2026 17:22;02/02/2026 17:26;57;0,02%;197
399;02/02/2026 11:43;02/02/2026 11:46;79;0,13%;200
399;06/02/2026 08:30;06/02/2026 08:32;790;1,00%;205
399;03/02/2026 11:15;03/02/2026 11:40;541;0,62%;206
399;03/02/2026 08:16;03/02/2026 08:18;612;0,47%;304
399;05/02/2026 09:39;05/02/2026 09:46;143;0,14%;508
399;05/02/2026 10:17;05/02/2026 10:26;33;0,13%;522
399;03/02/2026 11:45;03/02/2026 11:47;12;0,58%;558
399;02/02/2026 10:15;02/02/2026 10:16;25;0,00%;559
399;02/02/2026 11:16;02/02/2026 11:21;49;2,21%;987
399;02/02/2026 13:20;02/02/2026 13:21;48;0,43%;1503
399;02/02/2026 10:28;02/02/2026 10:32;26;0,40%;1696
399;05/02/2026 10:13;05/02/2026 10:16;139;0,06%;1754
399;03/02/2026 14:32;03/02/2026 14:34;47;0,39%;2447
399;05/02/2026 12:22;05/02/2026 14:00;649;0,02%;2500
399;05/02/2026 10:10;05/02/2026 10:11;661;0,11%;2505
399;02/02/2026 19:09;02/02/2026 19:10;120;0,84%;2510
399;02/02/2026 11:03;02/02/2026 11:04;130;0,73%;2523
399;02/02/2026 10:52;02/02/2026 10:54;94;0,07%;2529
399;02/02/2026 11:15;02/02/2026 11:18;54;0,60%;2762
399;05/02/2026 09:33;05/02/2026 09:39;23;0,83%;2907
399;02/02/2026 13:51;02/02/2026 13:52;132;0,12%;3527
399;02/02/2026 10:41;02/02/2026 10:42;96;0,81%;3678
399;02/02/2026 10:16;02/02/2026 10:17;234;0,26%;3732
399;04/02/2026 17:32;04/02/2026 17:34;53;0,00%;3829
399;02/02/2026 10:58;02/02/2026 11:02;1195;1,73%;3830
399;02/02/2026 10:39;02/02/2026 10:44;538;0,36%;3831
399;02/02/2026 10:29;02/02/2026 10:32;77;0,07%;3921
399;03/02/2026 15:03;03/02/2026 15:06;1190;0,02%;3930
399;02/02/2026 10:20;05/02/2026 10:21;658;0,26%;3931
399;05/02/2026 11:57;05/02/2026 17:05;62;6,84%;3935
399;02/02/2026 10:30;02/02/2026 10:32;108;0,18%;3937
399;05/02/2026 16:51;05/02/2026 16:53;85;7,49%;4198
399;05/02/2026 09:44;05/02/2026 09:48;8;5,07%;4581
399;02/02/2026 15:25;02/02/2026 16:16;142;0,55%;4661
399;02/02/2026 11:45;02/02/2026 14:59;106;1,34%;4759
399;02/02/2026 10:16;02/02/2026 10:22;737;0,05%;5168
399;02/02/2026 10:41;02/02/2026 10:43;141;0,27%;5287
399;05/02/2026 09:46;05/02/2026 09:49;911;0,00%;5375
399;02/02/2026 10:41;02/02/2026 12:41;52;0,70%;5376
399;03/02/2026 08:11;03/02/2026 08:13;66;0,03%;5377
399;02/02/2026 14:08;02/02/2026 14:11;111;0,68%;5378
398;11/02/2026 14:57;11/02/2026 15:00;658;0,26%;19
398;11/02/2026 16:18;11/02/2026 16:21;882;0,03%;35
398;11/02/2026 14:09;13/02/2026 11:56;68;0,00%;38
398;12/02/2026 07:47;12/02/2026 09:36;1043;0,00%;48
398;11/02/2026 17:34;11/02/2026 17:37;457;0,29%;51
398;12/02/2026 08:10;12/02/2026 10:01;16;1,64%;80
398;11/02/2026 15:15;11/02/2026 15:17;48;0,43%;84
398;11/02/2026 18:02;11/02/2026 18:10;661;0,11%;91
398;11/02/2026 15:12;11/02/2026 15:14;129;0,20%;107
398;11/02/2026 20:53;11/02/2026 20:55;592;0,10%;108
398;11/02/2026 14:11;11/02/2026 14:22;28;2,20%;120
398;13/02/2026 07:34;13/02/2026 07:37;102;0,67%;138
398;11/02/2026 14:17;11/02/2026 14:25;107;0,27%;143
398;11/02/2026 21:53;11/02/2026 21:56;909;0,95%;150
398;12/02/2026 10:55;12/02/2026 10:59;57;0,02%;197
398;11/02/2026 16:19;11/02/2026 16:28;79;0,13%;200
398;12/02/2026 15:34;12/02/2026 15:37;106;1,34%;203
398;11/02/2026 14:32;11/02/2026 14:34;790;1,00%;205
398;11/02/2026 14:14;11/02/2026 14:16;141;0,27%;295
398;11/02/2026 16:09;11/02/2026 16:13;120;0,84%;505
398;13/02/2026 09:44;13/02/2026 10:40;143;0,14%;508
398;12/02/2026 18:46;12/02/2026 18:48;33;0,13%;522
398;11/02/2026 16:07;11/02/2026 16:10;25;0,00%;559
398;11/02/2026 14:41;11/02/2026 14:43;62;6,84%;953
398;12/02/2026 17:21;12/02/2026 17:24;139;0,06%;1376
398;12/02/2026 09:23;12/02/2026 09:26;26;0,40%;1696
398;11/02/2026 14:02;11/02/2026 14:05;612;0,47%;1748
398;11/02/2026 14:27;11/02/2026 14:29;426;0,01%;2373
398;11/02/2026 14:03;11/02/2026 14:05;47;0,39%;2447
398;12/02/2026 07:14;12/02/2026 07:17;54;0,60%;2716
398;12/02/2026 18:06;12/02/2026 18:08;52;0,70%;2817
398;13/02/2026 10:30;13/02/2026 10:35;128;0,07%;3535
398;11/02/2026 14:29;11/02/2026 14:32;60;8,46%;3673
398;12/02/2026 08:01;12/02/2026 08:03;96;0,81%;3678
398;11/02/2026 14:13;11/02/2026 14:16;234;0,26%;3732
398;18/02/2026 10:01;18/02/2026 10:02;811;0,02%;3733
398;11/02/2026 15:51;11/02/2026 15:54;851;0,00%;3797
398;13/02/2026 17:03;13/02/2026 17:05;53;0,00%;3829
398;11/02/2026 17:03;11/02/2026 17:04;538;0,36%;3831
398;12/02/2026 08:19;12/02/2026 08:22;1290;0,00%;3916
398;11/02/2026 14:20;11/02/2026 14:22;1257;0,00%;3927
398;12/02/2026 15:39;12/02/2026 15:41;1190;0,02%;3930
398;12/02/2026 15:39;12/02/2026 15:40;108;0,18%;3937
398;11/02/2026 16:53;11/02/2026 16:59;27;0,06%;3945
398;11/02/2026 15:23;11/02/2026 15:24;8;5,07%;4581
398;11/02/2026 14:37;11/02/2026 14:44;142;0,55%;4661
398;13/02/2026 10:32;13/02/2026 10:34;475;0,09%;4760
398;13/02/2026 10:29;13/02/2026 10:34;12;0,58%;4825
398;13/02/2026 09:19;13/02/2026 09:23;100;2,26%;4830
398;11/02/2026 14:27;11/02/2026 14:30;582;1,17%;4856
398;13/02/2026 07:29;13/02/2026 07:30;132;0,12%;5336
398;11/02/2026 15:17;11/02/2026 15:19;111;0,68%;5338
398;13/02/2026 10:24;13/02/2026 10:27;66;0,03%;5372
398;11/02/2026 15:28;11/02/2026 15:31;737;0,05%;5373
398;11/02/2026 14:09;11/02/2026 14:10;1165;0,00%;5374
396;06/02/2026 09:46;06/02/2026 09:49;106;1,34%;52
396;06/02/2026 11:19;06/02/2026 11:22;7;0,02%;312
396;29/01/2026 11:19;02/02/2026 09:22;8;5,07%;313
396;04/02/2026 09:52;04/02/2026 09:56;64;0,01%;318
396;04/02/2026 08:23;04/02/2026 08:27;649;0,02%;332
396;03/02/2026 11:31;03/02/2026 11:32;30;0,02%;334
396;30/01/2026 14:37;30/01/2026 14:39;48;0,43%;344
396;06/02/2026 11:06;06/02/2026 11:15;1041;0,04%;365
396;05/02/2026 08:32;05/02/2026 08:33;584;0,32%;412
396;29/01/2026 15:21;29/01/2026 15:23;592;0,10%;422
396;05/02/2026 15:13;05/02/2026 15:15;18;0,20%;438
396;03/02/2026 11:44;03/02/2026 11:45;40;2,42%;444
396;04/02/2026 07:39;04/02/2026 07:44;940;0,98%;470
396;03/02/2026 12:20;03/02/2026 12:21;132;0,12%;483
396;06/02/2026 10:03;06/02/2026 10:04;138;0,00%;486
396;04/02/2026 14:52;04/02/2026 14:53;769;0,27%;532
396;02/02/2026 14:20;02/02/2026 14:21;62;6,84%;534
396;29/01/2026 14:51;02/02/2026 15:35;139;0,06%;555
396;04/02/2026 13:19;04/02/2026 14:07;143;0,14%;556
396;06/02/2026 14:49;06/02/2026 16:25;1014;0,00%;1027
396;29/01/2026 12:03;29/01/2026 12:05;76;1,37%;1052
396;03/02/2026 12:39;03/02/2026 12:40;737;0,05%;1067
396;30/01/2026 09:47;30/01/2026 09:49;142;0,55%;1081
396;06/02/2026 10:10;06/02/2026 10:13;23;0,83%;1279
396;06/02/2026 11:40;06/02/2026 11:41;130;0,73%;1542
396;06/02/2026 10:46;06/02/2026 13:20;501;4,53%;1558
396;03/02/2026 11:58;03/02/2026 11:59;47;0,39%;2052
396;30/01/2026 15:43;30/01/2026 15:44;13;0,24%;2223
396;29/01/2026 11:19;29/01/2026 11:21;107;0,27%;2245
396;29/01/2026 11:14;29/01/2026 11:16;26;0,40%;2313
396;29/01/2026 11:36;29/01/2026 11:37;60;8,46%;2378
396;29/01/2026 16:50;01/02/2026 16:46;454;0,17%;2388
396;03/02/2026 11:57;03/02/2026 11:58;670;0,85%;2398
396;06/02/2026 11:19;06/02/2026 11:20;27;0,06%;2698
396;03/02/2026 11:46;03/02/2026 11:47;70;0,00%;2728
396;03/02/2026 11:58;03/02/2026 14:09;75;0,00%;2730
396;29/01/2026 19:35;29/01/2026 19:37;658;0,26%;2834
396;03/02/2026 11:50;03/02/2026 16:03;54;0,60%;2867
396;03/02/2026 13:10;03/02/2026 13:11;610;0,00%;2990
396;06/02/2026 10:09;06/02/2026 10:10;851;0,00%;3163
396;03/02/2026 13:36;03/02/2026 13:48;336;0,00%;3186
396;02/02/2026 11:39;02/02/2026 11:40;141;0,27%;3509
396;03/02/2026 15:15;03/02/2026 15:17;120;0,84%;3545
396;06/02/2026 14:48;06/02/2026 14:49;1244;1,16%;3647
396;06/02/2026 09:20;06/02/2026 09:21;114;1,42%;3652
396;06/02/2026 11:07;06/02/2026 11:09;1145;0,00%;4257
396;29/01/2026 11:35;29/01/2026 11:38;1228;0,00%;4333
396;03/02/2026 12:29;03/02/2026 12:31;123;0,36%;4772
396;03/02/2026 15:52;03/02/2026 15:55;96;0,81%;4789
396;04/02/2026 14:21;04/02/2026 14:23;111;0,68%;4821
396;02/02/2026 11:25;02/02/2026 11:27;17;0,20%;4958
396;04/02/2026 08:56;04/02/2026 08:59;215;0,01%;5361
396;30/01/2026 12:38;30/01/2026 14:16;19;2,43%;5362
396;02/02/2026 13:54;02/02/2026 13:55;28;2,20%;5363
396;04/02/2026 20:00;04/02/2026 20:01;37;1,04%;5364
396;04/02/2026 09:26;04/02/2026 09:30;57;0,02%;5365
396;03/02/2026 11:09;03/02/2026 11:14;89;0,45%;5366
396;29/01/2026 11:53;29/01/2026 13:25;100;2,26%;5367
396;03/02/2026 14:09;03/02/2026 14:11;1195;1,73%;5368
396;02/02/2026 14:36;02/02/2026 14:40;121;2,52%;5369
396;06/02/2026 16:19;06/02/2026 16:22;1025;0,00%;5370
396;29/01/2026 20:00;29/01/2026 20:02;567;1,00%;5371
392;29/01/2026 16:18;29/01/2026 16:20;26;0,40%;16
392;22/01/2026 16:32;22/01/2026 16:37;29;0,00%;17
392;22/01/2026 15:34;22/01/2026 15:35;658;0,26%;19
392;22/01/2026 16:23;22/01/2026 16:48;882;0,03%;35
392;04/02/2026 18:17;04/02/2026 18:19;73;0,31%;40
392;23/01/2026 07:51;23/01/2026 07:52;77;0,07%;41
392;02/02/2026 18:10;02/02/2026 18:11;79;0,13%;42
392;26/01/2026 11:37;26/01/2026 11:38;80;0,00%;43
392;22/01/2026 18:06;22/01/2026 18:07;1043;0,00%;48
392;26/01/2026 13:28;26/01/2026 13:29;457;0,29%;51
392;23/01/2026 14:11;23/01/2026 14:12;592;0,10%;69
392;23/01/2026 15:17;23/01/2026 15:19;143;0,14%;75
392;03/02/2026 08:47;03/02/2026 08:48;13;0,24%;79
392;29/01/2026 15:51;29/01/2026 15:57;68;0,00%;89
392;22/01/2026 18:31;22/01/2026 18:43;661;0,11%;91
392;30/01/2026 16:12;30/01/2026 16:34;100;2,26%;95
392;22/01/2026 15:41;22/01/2026 15:44;129;0,20%;107
392;26/01/2026 11:05;26/01/2026 11:17;28;2,20%;120
392;03/02/2026 10:32;03/02/2026 10:38;60;8,46%;130
392;03/02/2026 14:03;03/02/2026 14:06;65;2,04%;132
392;26/01/2026 14:48;26/01/2026 14:49;851;0,00%;142
392;27/01/2026 11:44;27/01/2026 11:54;107;0,27%;143
392;23/01/2026 09:29;23/01/2026 09:30;112;0,47%;175
392;28/01/2026 14:23;28/01/2026 14:25;584;0,32%;182
392;22/01/2026 15:51;22/01/2026 15:59;790;1,00%;205
392;03/02/2026 10:29;03/02/2026 10:35;541;0,62%;206
392;30/01/2026 10:04;30/01/2026 10:06;118;0,37%;207
392;04/02/2026 16:12;04/02/2026 16:31;286;0,00%;242
392;23/01/2026 08:54;23/01/2026 08:56;37;1,04%;260
392;29/01/2026 14:51;29/01/2026 14:53;106;1,34%;306
392;22/01/2026 15:46;22/01/2026 15:50;120;0,84%;505
392;29/01/2026 14:51;29/01/2026 14:52;33;0,13%;522
392;23/01/2026 06:44;23/01/2026 06:46;25;0,00%;559
392;04/02/2026 13:18;04/02/2026 15:23;454;0,17%;609
392;22/01/2026 15:44;22/01/2026 15:45;62;6,84%;953
392;22/01/2026 16:31;22/01/2026 16:32;49;2,21%;987
392;02/02/2026 14:49;02/02/2026 14:50;138;0,00%;1042
392;04/02/2026 14:35;04/02/2026 14:42;110;0,07%;1712
392;22/01/2026 15:38;22/01/2026 15:39;426;0,01%;2373
392;23/01/2026 10:48;23/01/2026 10:51;47;0,39%;2447
392;26/01/2026 08:55;26/01/2026 09:02;633;0,67%;2456
392;23/01/2026 11:22;23/01/2026 11:31;59;3,58%;2521
392;26/01/2026 14:28;26/01/2026 14:29;130;0,73%;2523
392;02/02/2026 15:28;02/02/2026 15:30;12;0,58%;2767
392;22/01/2026 17:39;22/01/2026 17:41;1223;0,02%;2773
392;30/01/2026 17:45;30/01/2026 17:47;52;0,70%;2817
392;23/01/2026 12:43;29/01/2026 14:43;132;0,12%;3527
392;04/02/2026 14:35;04/02/2026 14:37;708;0,00%;3532
392;03/02/2026 13:24;03/02/2026 13:26;884;0,00%;3594
392;22/01/2026 15:59;22/01/2026 16:00;538;0,36%;3831
392;22/01/2026 15:48;22/01/2026 15:48;54;0,60%;3854
392;28/01/2026 10:36;28/01/2026 10:37;1290;0,00%;3916
392;02/02/2026 15:16;02/02/2026 15:17;737;0,05%;3939
392;27/01/2026 13:35;27/01/2026 13:41;612;0,47%;4296
392;22/01/2026 17:29;22/01/2026 17:31;670;0,85%;4353
392;22/01/2026 15:55;22/01/2026 15:58;582;1,17%;4417
392;22/01/2026 19:48;22/01/2026 19:49;139;0,06%;4418
392;30/01/2026 08:17;30/01/2026 08:20;142;0,55%;4661
392;22/01/2026 15:35;22/01/2026 15:37;475;0,09%;4760
392;29/01/2026 15:11;29/01/2026 15:17;85;7,49%;5242
392;23/01/2026 09:28;23/01/2026 09:29;141;0,27%;5287
392;02/02/2026 14:08;02/02/2026 14:10;53;0,00%;5331
392;29/01/2026 15:14;29/01/2026 15:22;111;0,68%;5338
392;23/01/2026 09:41;23/01/2026 09:42;234;0,26%;5351
392;02/02/2026 16:04;02/02/2026 16:05;1022;0,00%;5352
392;01/02/2026 20:38;01/02/2026 20:40;16;1,64%;5353
392;23/01/2026 12:34;23/01/2026 12:37;793;0,08%;5354
392;02/02/2026 14:58;02/02/2026 15:02;749;0,02%;5355
392;04/02/2026 14:47;04/02/2026 14:57;94;0,07%;5356
392;27/01/2026 11:29;27/01/2026 11:31;89;0,45%;5357
392;04/02/2026 16:16;04/02/2026 16:23;807;0,01%;5358
392;04/02/2026 15:06;04/02/2026 15:08;119;0,32%;5359
392;02/02/2026 16:26;02/02/2026 16:27;128;0,07%;5360
391;21/01/2026 11:33;21/01/2026 11:37;215;0,01%;2
391;14/01/2026 14:32;14/01/2026 14:35;882;0,03%;35
391;15/01/2026 08:15;15/01/2026 08:19;68;0,00%;38
391;23/01/2026 07:52;23/01/2026 07:53;77;0,07%;41
391;19/01/2026 11:13;19/01/2026 11:15;80;0,00%;43
391;14/01/2026 15:50;14/01/2026 15:54;457;0,29%;51
391;15/01/2026 07:00;15/01/2026 07:01;592;0,10%;69
391;14/01/2026 14:59;14/01/2026 15:01;143;0,14%;75
391;26/01/2026 16:04;26/01/2026 16:04;13;0,24%;79
391;14/01/2026 14:03;14/01/2026 14:05;129;0,20%;107
391;14/01/2026 15:39;15/01/2026 14:26;47;0,39%;125
391;14/01/2026 14:07;14/01/2026 14:10;65;2,04%;132
391;14/01/2026 15:41;14/01/2026 15:42;851;0,00%;142
391;19/01/2026 13:29;19/01/2026 13:32;582;1,17%;151
391;23/01/2026 09:37;23/01/2026 09:40;112;0,47%;175
391;19/01/2026 10:33;19/01/2026 10:40;790;1,00%;205
391;21/01/2026 11:29;21/01/2026 11:32;33;0,13%;522
391;21/01/2026 11:25;22/01/2026 14:05;25;0,00%;559
391;26/01/2026 15:01;26/01/2026 15:11;85;7,49%;1381
391;15/01/2026 08:30;16/01/2026 11:12;102;0,67%;1506
391;14/01/2026 17:23;14/01/2026 17:26;54;0,60%;2450
391;14/01/2026 15:53;14/01/2026 15:56;633;0,67%;2456
391;15/01/2026 09:52;15/01/2026 09:54;107;0,27%;2462
391;19/01/2026 09:15;19/01/2026 09:21;649;0,02%;2500
391;21/01/2026 11:17;21/01/2026 11:19;59;3,58%;2521
391;26/01/2026 16:40;26/01/2026 16:40;130;0,73%;2523
391;21/01/2026 15:30;21/01/2026 15:33;50;0,00%;2533
391;19/01/2026 08:45;19/01/2026 09:06;26;0,40%;2715
391;14/01/2026 15:18;14/01/2026 15:25;1223;0,02%;2773
391;15/01/2026 08:29;15/01/2026 08:36;48;0,43%;3169
391;14/01/2026 17:42;14/01/2026 17:42;132;0,12%;3527
391;14/01/2026 14:41;14/01/2026 14:42;234;0,26%;3732
391;26/01/2026 14:56;26/01/2026 15:01;708;0,00%;3798
391;14/01/2026 15:09;14/01/2026 15:10;1195;1,73%;3830
391;19/01/2026 11:28;19/01/2026 11:30;538;0,36%;3831
391;14/01/2026 15:08;14/01/2026 15:13;1290;0,00%;3916
391;14/01/2026 13:44;14/01/2026 13:48;658;0,26%;3931
391;14/01/2026 14:20;14/01/2026 14:21;62;6,84%;3948
391;14/01/2026 14:08;14/01/2026 14:24;1122;0,00%;4080
391;14/01/2026 14:58;14/01/2026 15:01;139;0,06%;4418
391;16/01/2026 08:37;26/01/2026 14:35;142;0,55%;4661
391;14/01/2026 15:32;14/01/2026 15:33;52;0,70%;4698
391;15/01/2026 05:51;15/01/2026 06:00;22;0,00%;4961
391;21/01/2026 16:36;21/01/2026 16:40;737;0,05%;5168
391;21/01/2026 16:00;21/01/2026 16:05;1089;0,04%;5209
391;22/01/2026 09:51;22/01/2026 09:59;909;0,95%;5214
391;14/01/2026 14:25;14/01/2026 14:26;141;0,27%;5287
391;20/01/2026 01:49;20/01/2026 01:51;8;5,07%;5343
391;14/01/2026 16:56;14/01/2026 17:02;12;0,58%;5344
391;14/01/2026 14:05;14/01/2026 14:14;34;0,11%;5345
391;15/01/2026 14:10;15/01/2026 14:14;44;0,00%;5346
391;21/01/2026 13:24;21/01/2026 13:30;612;0,47%;5347
391;21/01/2026 15:52;21/01/2026 15:56;426;0,01%;5348
391;16/01/2026 10:10;16/01/2026 10:14;120;0,84%;5349
391;16/01/2026 16:40;16/01/2026 17:11;567;1,00%;5350
368;16/03/2026 12:13;16/03/2026 12:14;215;0,01%;2
368;16/03/2026 10:16;16/03/2026 10:19;26;0,42%;16
368;17/03/2026 07:10;17/03/2026 07:11;658;0,26%;19
368;16/03/2026 18:55;16/03/2026 18:57;1043;0,00%;48
368;16/03/2026 10:12;16/03/2026 10:13;457;0,29%;51
368;16/03/2026 18:17;16/03/2026 18:19;592;0,09%;69
368;16/03/2026 11:19;16/03/2026 11:28;48;0,44%;84
368;16/03/2026 11:05;16/03/2026 11:10;661;0,12%;91
368;16/03/2026 11:52;16/03/2026 11:53;100;2,34%;95
368;16/03/2026 10:08;16/03/2026 10:13;128;0,07%;106
368;16/03/2026 12:27;16/03/2026 12:35;129;0,20%;107
368;16/03/2026 10:35;16/03/2026 10:36;28;2,21%;120
368;16/03/2026 10:21;16/03/2026 11:36;66;0,02%;133
368;16/03/2026 13:30;16/03/2026 13:32;107;0,26%;143
368;16/03/2026 12:05;16/03/2026 12:09;582;1,10%;151
368;16/03/2026 11:21;16/03/2026 13:12;94;0,07%;198
368;16/03/2026 10:14;16/03/2026 10:16;79;0,12%;200
368;16/03/2026 11:07;16/03/2026 11:08;790;0,35%;205
368;16/03/2026 10:33;16/03/2026 10:36;612;0,46%;304
368;16/03/2026 10:53;16/03/2026 10:55;120;0,79%;505
368;16/03/2026 15:14;16/03/2026 15:16;475;0,08%;525
368;16/03/2026 10:34;16/03/2026 10:36;25;0,00%;559
368;16/03/2026 22:17;16/03/2026 22:20;96;0,78%;575
368;16/03/2026 10:28;16/03/2026 10:30;142;0,53%;631
368;16/03/2026 10:32;16/03/2026 10:33;286;0,00%;1481
368;16/03/2026 11:46;16/03/2026 11:46;426;0,01%;2373
368;17/03/2026 00:29;17/03/2026 00:32;19;2,59%;2432
368;16/03/2026 13:19;16/03/2026 13:20;50;0,00%;2533
368;16/03/2026 11:44;16/03/2026 11:47;52;0,72%;2817
368;16/03/2026 10:38;16/03/2026 10:39;23;0,80%;2907
368;16/03/2026 12:44;16/03/2026 12:46;132;0,11%;3527
368;16/03/2026 10:28;16/03/2026 10:29;234;0,25%;3732
368;16/03/2026 10:22;16/03/2026 10:23;17;0,21%;3823
368;16/03/2026 10:08;16/03/2026 10:10;538;0,33%;3831
368;16/03/2026 10:15;16/03/2026 10:17;24;0,05%;3905
368;16/03/2026 11:40;16/03/2026 11:42;1190;0,03%;3930
368;16/03/2026 10:45;16/03/2026 10:48;108;0,19%;3937
368;16/03/2026 10:07;16/03/2026 10:09;737;0,06%;3939
368;16/03/2026 11:50;16/03/2026 11:51;141;0,26%;5287
368;16/03/2026 10:07;16/03/2026 10:10;49;2,26%;5340
368;16/03/2026 10:10;16/03/2026 10:12;882;0,03%;5341
368;16/03/2026 10:27;16/03/2026 10:28;102;0,64%;5342
367;22/01/2026 10:45;22/01/2026 10:46;29;0,00%;17
367;22/01/2026 10:37;22/01/2026 10:40;882;0,03%;35
367;22/01/2026 14:50;22/01/2026 14:55;68;0,00%;38
367;29/01/2026 10:12;29/01/2026 10:13;80;0,00%;43
367;22/01/2026 13:57;22/01/2026 13:59;1043;0,00%;48
367;26/01/2026 13:29;26/01/2026 13:38;457;0,29%;51
367;26/01/2026 19:18;26/01/2026 19:21;592;0,10%;69
367;26/01/2026 16:01;26/01/2026 16:39;13;0,24%;79
367;22/01/2026 13:00;22/01/2026 17:45;661;0,11%;91
367;28/01/2026 11:41;28/01/2026 11:43;128;0,07%;106
367;22/01/2026 11:07;22/01/2026 11:12;129;0,20%;107
367;22/01/2026 13:38;22/01/2026 17:03;23;0,83%;118
367;26/01/2026 11:17;26/01/2026 11:34;28;2,20%;120
367;29/01/2026 09:16;29/01/2026 09:19;60;8,46%;130
367;22/01/2026 11:01;22/01/2026 11:04;65;2,04%;132
367;26/01/2026 14:44;26/01/2026 14:46;851;0,00%;142
367;22/01/2026 10:14;22/01/2026 10:18;107;0,27%;143
367;22/01/2026 11:52;22/01/2026 11:56;582;1,17%;151
367;23/01/2026 09:30;23/01/2026 09:36;112;0,47%;175
367;28/01/2026 14:21;28/01/2026 14:23;584;0,32%;182
367;22/01/2026 16:25;22/01/2026 16:27;57;0,02%;197
367;22/01/2026 13:12;22/01/2026 14:35;79;0,13%;200
367;27/01/2026 13:58;27/01/2026 14:01;790;1,00%;205
367;28/01/2026 16:18;28/01/2026 16:24;106;1,34%;306
367;22/01/2026 10:11;22/01/2026 10:14;120;0,84%;505
367;22/01/2026 14:05;22/01/2026 14:08;25;0,00%;559
367;27/01/2026 13:18;27/01/2026 13:21;37;1,04%;570
367;22/01/2026 11:02;22/01/2026 11:06;689;0,45%;1253
367;28/01/2026 11:32;28/01/2026 11:38;26;0,40%;1696
367;28/01/2026 09:35;28/01/2026 09:38;139;0,06%;1754
367;22/01/2026 21:04;22/01/2026 21:07;19;2,43%;2432
367;22/01/2026 13:08;22/01/2026 13:10;47;0,39%;2447
367;22/01/2026 10:11;22/01/2026 10:14;52;0,70%;2493
367;27/01/2026 13:16;27/01/2026 13:31;426;0,01%;2520
367;23/01/2026 11:31;23/01/2026 14:50;59;3,58%;2521
367;26/01/2026 16:33;26/01/2026 16:38;130;0,73%;2523
367;28/01/2026 11:39;28/01/2026 11:42;94;0,07%;2529
367;22/01/2026 15:11;22/01/2026 15:13;50;0,00%;2533
367;22/01/2026 11:06;22/01/2026 11:10;234;0,26%;3732
367;26/01/2026 12:02;26/01/2026 12:05;53;0,00%;3829
367;22/01/2026 11:09;22/01/2026 11:13;1195;1,73%;3830
367;22/01/2026 15:53;22/01/2026 15:56;538;0,36%;3831
367;22/01/2026 15:25;22/01/2026 15:28;54;0,60%;3854
367;28/01/2026 10:25;28/01/2026 10:32;1290;0,00%;3916
367;22/01/2026 10:34;22/01/2026 10:36;1257;0,00%;3927
367;22/01/2026 10:25;22/01/2026 10:32;658;0,26%;3931
367;22/01/2026 14:20;22/01/2026 14:21;108;0,18%;3937
367;29/01/2026 08:21;29/01/2026 10:59;142;0,55%;4661
367;22/01/2026 10:13;22/01/2026 10:14;475;0,09%;4760
367;22/01/2026 11:06;22/01/2026 16:47;737;0,05%;4943
367;22/01/2026 10:46;22/01/2026 10:51;141;0,27%;5287
367;26/01/2026 07:54;26/01/2026 08:06;62;6,84%;5337
367;27/01/2026 13:47;27/01/2026 15:34;111;0,68%;5338
367;23/01/2026 15:40;23/01/2026 15:57;143;0,14%;5339
366;03/02/2026 12:03;03/02/2026 12:06;29;0,00%;17
366;02/02/2026 13:45;02/02/2026 13:50;658;0,26%;19
366;05/02/2026 13:30;05/02/2026 13:40;882;0,03%;35
366;02/02/2026 13:16;02/02/2026 13:32;77;0,07%;41
366;02/02/2026 13:26;05/02/2026 16:23;80;0,00%;43
366;05/02/2026 11:05;05/02/2026 11:12;457;0,29%;51
366;03/02/2026 08:49;03/02/2026 08:57;13;0,24%;79
366;04/02/2026 16:45;04/02/2026 16:47;48;0,43%;84
366;10/02/2026 11:00;10/02/2026 11:25;68;0,00%;89
366;02/02/2026 13:22;02/02/2026 13:26;129;0,20%;107
366;04/02/2026 10:15;04/02/2026 10:20;592;0,10%;108
366;05/02/2026 17:41;05/02/2026 17:43;23;0,83%;118
366;05/02/2026 11:08;05/02/2026 11:16;28;2,20%;120
366;03/02/2026 14:44;03/02/2026 14:49;65;2,04%;132
366;02/02/2026 13:35;02/02/2026 13:43;66;0,03%;133
366;13/02/2026 07:47;13/02/2026 07:53;102;0,67%;138
366;02/02/2026 14:21;02/02/2026 14:36;107;0,27%;143
366;02/02/2026 13:18;02/02/2026 13:26;909;0,95%;150
366;05/02/2026 16:03;05/02/2026 16:13;16;1,64%;158
366;02/02/2026 15:24;02/02/2026 15:25;584;0,32%;182
366;02/02/2026 16:26;02/02/2026 16:44;582;1,17%;184
366;05/02/2026 16:31;05/02/2026 16:33;57;0,02%;197
366;02/02/2026 14:09;16/02/2026 10:07;79;0,13%;200
366;10/02/2026 10:42;10/02/2026 10:49;790;1,00%;205
366;03/02/2026 10:36;03/02/2026 11:14;541;0,62%;206
366;02/02/2026 22:17;02/02/2026 22:23;120;0,84%;505
366;13/02/2026 10:41;13/02/2026 10:54;143;0,14%;508
366;12/02/2026 20:23;12/02/2026 20:27;33;0,13%;522
366;03/02/2026 11:25;03/02/2026 11:43;12;0,58%;558
366;02/02/2026 13:35;02/02/2026 13:36;25;0,00%;559
366;11/02/2026 14:17;12/02/2026 13:06;454;0,17%;609
366;10/02/2026 10:24;10/02/2026 10:34;612;0,47%;1748
366;11/02/2026 10:47;11/02/2026 10:51;139;0,06%;1754
366;13/02/2026 10:16;13/02/2026 11:37;19;2,43%;2432
366;03/02/2026 14:16;03/02/2026 14:21;47;0,39%;2447
366;02/02/2026 18:33;02/02/2026 18:44;54;0,60%;2450
366;02/02/2026 13:16;02/02/2026 15:26;633;0,67%;2456
366;06/02/2026 14:50;06/02/2026 15:19;649;0,02%;2500
366;02/02/2026 14:55;02/02/2026 15:10;130;0,73%;2523
366;03/02/2026 17:57;03/02/2026 18:18;112;0,47%;3531
366;10/02/2026 10:06;10/02/2026 10:11;1165;0,00%;3532
366;02/02/2026 13:04;02/02/2026 13:09;96;0,81%;3678
366;02/02/2026 13:26;02/02/2026 13:32;234;0,26%;3732
366;18/02/2026 10:03;18/02/2026 10:08;811;0,02%;3733
366;03/02/2026 13:52;03/02/2026 15:04;106;1,34%;3793
366;11/02/2026 15:54;11/02/2026 15:59;851;0,00%;3797
366;02/02/2026 13:33;10/02/2026 11:01;1195;1,73%;3830
366;02/02/2026 13:07;02/02/2026 13:10;538;0,36%;3831
366;10/02/2026 10:36;10/02/2026 10:39;27;0,06%;3914
366;03/02/2026 15:07;03/02/2026 15:17;1190;0,02%;3930
366;02/02/2026 18:21;02/02/2026 18:24;108;0,18%;3937
366;02/02/2026 13:28;02/02/2026 13:33;737;0,05%;3939
366;02/02/2026 14:43;11/02/2026 13:41;60;8,46%;3947
366;02/02/2026 16:08;04/02/2026 10:28;62;6,84%;3948
366;10/02/2026 10:09;10/02/2026 10:16;59;3,58%;4297
366;10/02/2026 10:45;10/02/2026 11:32;8;5,07%;4581
366;02/02/2026 16:21;02/02/2026 16:34;142;0,55%;4661
366;02/02/2026 13:22;10/02/2026 10:07;141;0,27%;5287
366;02/02/2026 13:01;04/02/2026 11:45;52;0,70%;5330
366;02/02/2026 14:10;02/02/2026 14:14;53;0,00%;5331
366;06/02/2026 07:45;06/02/2026 07:52;426;0,01%;5332
366;09/02/2026 13:35;09/02/2026 13:47;100;2,26%;5333
366;03/02/2026 14:23;03/02/2026 14:27;111;0,68%;5334
366;05/02/2026 11:51;05/02/2026 12:04;128;0,07%;5335
366;09/02/2026 10:30;13/02/2026 07:29;132;0,12%;5336
364;;;141;0,27%;688
364;;;749;0,02%;1219
364;;;454;0,17%;1228
364;;;106;1,34%;1270
364;;;48;0,43%;1301
364;;;94;0,07%;1305
364;;;59;1,67%;1313
364;;;85;7,49%;2099
364;;;12;0,58%;2265
364;;;17;0,20%;3990
364;;;26;0,40%;4062
364;;;28;2,20%;4125
364;;;658;0,26%;4160
364;;;142;0,55%;5312
364;;;42;0,05%;5313
364;;;52;0,70%;5314
364;;;57;0,02%;5315
364;;;60;8,46%;5316
364;;;62;6,84%;5317
364;;;715;0,20%;5318
364;;;661;0,11%;5319
364;;;426;0,01%;5320
364;;;1255;0,00%;5321
364;;;501;4,53%;5322
364;;;96;0,81%;5323
364;;;120;0,84%;5324
364;;;909;0,95%;5325
364;;;127;1,13%;5326
364;;;128;0,07%;5327
364;;;130;0,73%;5328
364;;;592;0,10%;5329
363;;;26;0,40%;16
363;;;658;0,26%;19
363;;;882;0,03%;35
363;;;68;0,00%;38
363;;;80;0,00%;43
363;;;457;0,29%;51
363;;;13;0,24%;79
363;;;128;0,07%;106
363;;;129;0,20%;107
363;;;592;0,10%;108
363;;;16;1,64%;113
363;;;65;2,04%;132
363;;;851;0,00%;142
363;;;107;0,27%;143
363;;;582;1,17%;151
363;;;69;0,41%;168
363;;;112;0,47%;175
363;;;584;0,32%;182
363;;;118;0,37%;207
363;;;30;0,02%;213
363;;;106;1,34%;228
363;;;120;0,84%;505
363;;;33;0,13%;522
363;;;12;0,58%;558
363;;;37;1,04%;570
363;;;96;0,81%;575
363;;;689;0,45%;1253
363;;;28;2,20%;1377
363;;;567;1,00%;1382
363;;;416;0,03%;1386
363;;;909;0,95%;1467
363;;;286;0,00%;1481
363;;;48;0,43%;1503
363;;;102;0,67%;1506
363;;;139;0,06%;1754
363;;;19;2,43%;2432
363;;;47;0,39%;2447
363;;;633;0,67%;2456
363;;;5;0,98%;2495
363;;;53;0,00%;2517
363;;;426;0,01%;2520
363;;;59;1,67%;2521
363;;;52;0,70%;2817
363;;;132;0,12%;3527
363;;;1165;0,00%;3532
363;;;62;6,84%;3820
363;;;1195;1,73%;3830
363;;;538;0,36%;3831
363;;;54;0,60%;3854
363;;;72;0,08%;3876
363;;;79;0,13%;3902
363;;;27;0,06%;3914
363;;;1290;0,00%;3916
363;;;77;0,07%;3921
363;;;1190;0,02%;3930
363;;;108;0,18%;3937
363;;;121;2,52%;4114
363;;;142;0,55%;4661
363;;;24;0,06%;4819
363;;;60;8,46%;5158
363;;;141;0,27%;5287
363;;;42;0,05%;5306
363;;;94;0,07%;5307
363;;;85;7,49%;5308
363;;;114;1,42%;5309
363;;;807;0,01%;5310
363;;;50;0,00%;5311
362;14/01/2026 14:37;14/01/2026 14:40;882;0,03%;35
362;13/01/2026 11:38;13/01/2026 11:45;68;0,00%;38
362;12/01/2026 09:39;12/01/2026 09:47;457;0,29%;51
362;12/01/2026 18:33;12/01/2026 18:43;592;0,10%;69
362;13/01/2026 08:25;13/01/2026 08:27;13;0,24%;79
362;12/01/2026 10:50;12/01/2026 10:51;129;0,20%;107
362;13/01/2026 11:30;13/01/2026 11:50;16;1,64%;113
362;12/01/2026 11:40;12/01/2026 11:47;28;2,20%;120
362;12/01/2026 13:14;12/01/2026 13:20;60;8,46%;130
362;14/01/2026 15:09;14/01/2026 15:14;65;2,04%;132
362;12/01/2026 10:10;12/01/2026 10:13;851;0,00%;142
362;12/01/2026 11:35;12/01/2026 11:43;909;0,95%;150
362;14/01/2026 11:44;14/01/2026 11:45;582;1,17%;151
362;12/01/2026 09:45;12/01/2026 09:52;79;0,13%;200
362;15/01/2026 17:20;15/01/2026 17:21;106;1,34%;203
362;16/01/2026 11:06;16/01/2026 11:09;790;1,00%;205
362;16/01/2026 10:26;16/01/2026 10:35;143;0,14%;508
362;13/01/2026 08:11;13/01/2026 08:16;12;0,58%;558
362;12/01/2026 14:02;12/01/2026 14:03;25;0,00%;559
362;16/01/2026 14:08;16/01/2026 14:13;96;0,81%;575
362;16/01/2026 15:38;16/01/2026 16:40;85;7,49%;1381
362;16/01/2026 11:08;16/01/2026 11:26;26;0,40%;1696
362;12/01/2026 10:17;12/01/2026 10:17;139;0,06%;1754
362;16/01/2026 12:14;16/01/2026 12:18;102;0,67%;2298
362;13/01/2026 11:37;13/01/2026 12:05;19;2,43%;2432
362;12/01/2026 09:47;12/01/2026 09:51;47;0,39%;2447
362;12/01/2026 09:41;12/01/2026 09:44;633;0,67%;2456
362;16/01/2026 18:30;16/01/2026 18:42;107;0,27%;2462
362;12/01/2026 10:48;12/01/2026 10:48;649;0,02%;2500
362;16/01/2026 10:40;16/01/2026 10:49;59;3,58%;2521
362;16/01/2026 10:26;16/01/2026 10:31;23;0,83%;2907
362;14/01/2026 08:17;14/01/2026 08:23;120;0,84%;3514
362;14/01/2026 17:34;14/01/2026 17:39;132;0,12%;3527
362;14/01/2026 15:28;14/01/2026 15:29;34;0,11%;3529
362;12/01/2026 10:03;12/01/2026 10:05;234;0,26%;3732
362;14/01/2026 15:11;14/01/2026 15:24;1195;1,73%;3830
362;12/01/2026 09:40;12/01/2026 09:44;538;0,36%;3831
362;16/01/2026 14:55;16/01/2026 15:34;54;0,60%;3854
362;12/01/2026 17:22;12/01/2026 17:24;1290;0,00%;3916
362;12/01/2026 11:23;12/01/2026 11:26;77;0,07%;3921
362;15/01/2026 08:34;15/01/2026 08:35;1257;0,00%;3927
362;12/01/2026 10:46;12/01/2026 10:47;1190;0,02%;3930
362;16/01/2026 08:48;16/01/2026 09:04;142;0,55%;4661
362;12/01/2026 11:08;12/01/2026 11:09;52;0,70%;4698
362;12/01/2026 11:47;12/01/2026 12:04;8;5,07%;5097
362;12/01/2026 10:06;12/01/2026 10:41;141;0,27%;5287
362;12/01/2026 09:55;12/01/2026 09:58;658;0,26%;5300
362;16/01/2026 10:56;16/01/2026 11:06;62;6,84%;5301
362;12/01/2026 09:41;12/01/2026 09:46;110;0,07%;5302
362;16/01/2026 10:34;16/01/2026 10:36;114;1,42%;5303
362;14/01/2026 16:18;14/01/2026 16:31;567;1,00%;5304
362;13/01/2026 09:14;13/01/2026 09:18;130;0,73%;5305
361;;;12;0,58%;10
361;;;29;0,00%;17
361;;;658;0,26%;19
361;;;882;0,03%;35
361;;;426;0,01%;47
361;;;59;1,67%;50
361;;;457;0,29%;51
361;;;106;1,34%;52
361;;;68;0,00%;89
361;;;129;0,20%;107
361;;;592;0,10%;108
361;;;44;0,00%;124
361;;;56;0,00%;129
361;;;66;0,03%;133
361;;;102;0,67%;138
361;;;851;0,00%;142
361;;;107;0,27%;143
361;;;582;1,17%;151
361;;;584;0,32%;182
361;;;47;0,39%;243
361;;;143;0,14%;508
361;;;33;0,13%;522
361;;;25;0,00%;559
361;;;689;0,45%;1253
361;;;139;0,06%;1376
361;;;829;0,00%;1409
361;;;565;0,00%;1465
361;;;8;5,07%;1743
361;;;79;0,13%;2420
361;;;16;1,64%;2421
361;;;100;2,26%;2424
361;;;5;0,98%;2495
361;;;649;0,02%;2500
361;;;708;0,00%;2546
361;;;54;0,60%;2762
361;;;52;0,70%;2817
361;;;128;0,07%;3535
361;;;53;0,00%;3829
361;;;538;0,36%;3831
361;;;909;0,95%;3909
361;;;27;0,06%;3914
361;;;1290;0,00%;3916
361;;;77;0,07%;3921
361;;;1190;0,02%;3930
361;;;108;0,18%;3937
361;;;111;0,68%;3938
361;;;130;0,73%;3940
361;;;633;0,67%;4291
361;;;142;0,55%;4661
361;;;784;0,00%;4841
361;;;62;6,84%;4847
361;;;19;2,43%;4934
361;;;42;0,05%;4937
361;;;1288;0,00%;5277
361;;;141;0,27%;5287
361;;;28;2,20%;5288
361;;;37;1,04%;5289
361;;;60;8,46%;5290
361;;;1131;0,00%;5291
361;;;1101;0,00%;5292
361;;;475;0,09%;5293
361;;;716;0,00%;5294
361;;;114;1,42%;5295
361;;;790;1,00%;5296
361;;;831;0,00%;5297
361;;;120;0,84%;5298
361;;;127;1,13%;5299
360;;;882;0,03%;35
360;;;68;0,00%;38
360;;;79;0,13%;42
360;;;1043;0,00%;48
360;;;457;0,29%;51
360;;;13;0,24%;79
360;;;129;0,20%;107
360;;;592;0,10%;108
360;;;851;0,00%;142
360;;;582;1,17%;151
360;;;16;1,64%;158
360;;;112;0,47%;175
360;;;584;0,32%;182
360;;;612;0,47%;304
360;;;33;0,13%;522
360;;;49;2,21%;987
360;;;18;0,20%;1115
360;;;29;0,00%;1121
360;;;782;0,00%;1145
360;;;689;0,45%;1253
360;;;139;0,06%;1376
360;;;62;6,84%;1380
360;;;829;0,00%;1409
360;;;894;0,00%;1442
360;;;48;0,43%;1503
360;;;102;0,67%;1506
360;;;12;0,58%;2265
360;;;633;0,67%;2456
360;;;107;0,27%;2462
360;;;5;0,98%;2495
360;;;426;0,01%;2520
360;;;610;0,00%;2584
360;;;52;0,70%;2817
360;;;23;0,83%;2907
360;;;614;0,00%;3047
360;;;59;1,67%;3248
360;;;120;0,84%;3514
360;;;26;0,40%;3609
360;;;83;0,16%;3765
360;;;1290;0,00%;3916
360;;;1190;0,02%;3930
360;;;658;0,26%;3931
360;;;142;0,55%;4661
360;;;53;0,00%;4801
360;;;57;0,02%;4803
360;;;100;2,26%;4806
360;;;722;0,00%;5105
360;;;8;5,07%;5271
360;;;444;0,00%;5272
360;;;92;0,00%;5273
360;;;27;0,06%;5274
360;;;54;0,60%;5275
360;;;731;1,13%;5276
360;;;1288;0,00%;5277
360;;;60;8,46%;5278
360;;;70;0,00%;5279
360;;;75;0,00%;5280
360;;;85;7,49%;5281
360;;;24;0,06%;5282
360;;;123;0,36%;5283
360;;;807;0,01%;5284
360;;;1071;0,00%;5285
360;;;121;2,52%;5286
360;;;141;0,27%;5287
357;;;26;0,40%;16
357;;;29;0,00%;17
357;;;658;0,26%;19
357;;;882;0,03%;35
357;;;77;0,07%;41
357;;;79;0,13%;42
357;;;80;0,00%;43
357;;;457;0,29%;51
357;;;130;0,73%;67
357;;;13;0,24%;79
357;;;68;0,00%;89
357;;;128;0,07%;106
357;;;129;0,20%;107
357;;;44;0,00%;124
357;;;65;2,04%;132
357;;;582;1,17%;151
357;;;16;1,64%;158
357;;;69;0,41%;168
357;;;112;0,47%;175
357;;;790;1,00%;205
357;;;141;0,27%;295
357;;;143;0,14%;508
357;;;33;0,13%;522
357;;;286;0,00%;561
357;;;37;1,04%;570
357;;;142;0,55%;631
357;;;139;0,06%;1376
357;;;28;2,20%;1377
357;;;102;0,67%;1451
357;;;909;0,95%;1467
357;;;18;0,20%;1479
357;;;48;0,43%;1482
357;;;19;2,43%;2432
357;;;47;0,39%;2447
357;;;633;0,67%;2456
357;;;107;0,27%;2462
357;;;612;0,47%;2481
357;;;5;0,98%;2495
357;;;649;0,02%;2500
357;;;661;0,11%;2505
357;;;59;1,67%;2521
357;;;94;0,07%;2529
357;;;54;0,60%;2762
357;;;52;0,70%;2817
357;;;120;0,84%;3533
357;;;822;0,00%;3855
357;;;60;8,46%;3856
357;;;27;0,06%;3914
357;;;584;0,32%;3929
357;;;1190;0,02%;3930
357;;;108;0,18%;3937
357;;;62;6,84%;3948
357;;;475;0,09%;4760
357;;;57;0,02%;5099
357;;;8;5,07%;5268
357;;;34;0,11%;5269
357;;;390;0,00%;5270
356;;;73;0,31%;40
356;;;5;0,98%;76
356;;;22;0,00%;585
356;;;120;0,84%;619
356;;;689;0,45%;629
356;;;7;0,02%;1006
356;;;94;0,07%;1792
356;;;457;0,29%;1809
356;;;48;0,43%;2796
356;;;501;4,53%;2810
356;;;12;0,58%;2964
356;;;16;1,64%;2965
356;;;1163;0,10%;2967
356;;;1161;0,00%;2972
356;;;882;0,03%;2974
356;;;76;1,37%;2978
356;;;592;0,10%;2985
356;;;19;2,43%;3548
356;;;286;0,00%;3550
356;;;612;0,47%;3556
356;;;96;0,81%;3559
356;;;83;0,16%;3765
356;;;541;0,62%;3775
356;;;50;0,00%;3776
356;;;130;0,73%;3778
356;;;1190;0,02%;4004
356;;;23;0,83%;4060
356;;;807;0,01%;4153
356;;;906;0,00%;4431
356;;;59;1,67%;4763
356;;;1228;0,00%;4765
356;;;131;0,03%;5084
356;;;8;5,07%;5220
356;;;142;0,55%;5221
356;;;231;0,17%;5222
356;;;13;0,24%;5223
356;;;26;0,40%;5224
356;;;27;0,06%;5225
356;;;28;2,20%;5226
356;;;658;0,26%;5227
356;;;37;1,04%;5228
356;;;669;0,34%;5229
356;;;47;0,39%;5230
356;;;52;0,70%;5231
356;;;60;8,46%;5232
356;;;65;2,04%;5233
356;;;66;0,03%;5234
356;;;67;0,00%;5235
356;;;69;0,41%;5236
356;;;1108;0,21%;5237
356;;;410;0,00%;5238
356;;;80;0,00%;5239
356;;;1207;1,08%;5240
356;;;661;0,11%;5241
356;;;85;7,49%;5242
356;;;426;0,01%;5243
356;;;24;0,06%;5244
356;;;1244;1,16%;5245
356;;;100;2,26%;5246
356;;;967;0,00%;5247
356;;;1255;;5248
356;;;106;1,34%;5249
356;;;108;0,18%;5250
356;;;111;0,68%;5251
356;;;737;0,05%;5252
356;;;114;1,42%;5253
356;;;790;1,00%;5254
356;;;538;0,36%;5255
356;;;884;0,00%;5256
356;;;118;0,37%;5257
356;;;121;2,52%;5258
356;;;567;1,00%;5259
356;;;584;0,32%;5260
356;;;127;1,13%;5261
356;;;582;1,17%;5262
356;;;128;0,07%;5263
356;;;129;0,20%;5264
356;;;139;0,06%;5265
356;;;141;0,27%;5266
356;;;143;0,14%;5267
355;;;579;0,03%;6
355;;;749;0,02%;34
355;;;759;0,01%;370
355;;;953;0,01%;426
355;;;670;0,85%;538
355;;;1108;0,21%;539
355;;;47;0,39%;728
355;;;53;0,00%;733
355;;;81;0,01%;755
355;;;790;1,00%;785
355;;;72;0,08%;834
355;;;811;0,02%;893
355;;;601;0,00%;1361
355;;;68;0,00%;1921
355;;;256;0,43%;1977
355;;;8;5,07%;2178
355;;;1220;0,14%;2525
355;;;12;0,58%;2767
355;;;708;0,00%;3083
355;;;426;0,01%;3693
355;;;1151;0,00%;3697
355;;;967;0,00%;3751
355;;;102;0,67%;4134
355;;;28;2,20%;4159
355;;;286;0,00%;4311
355;;;1257;0,00%;4410
355;;;139;0,06%;4418
355;;;59;1,67%;4513
355;;;807;0,01%;4542
355;;;80;0,00%;4996
355;;;100;2,26%;5139
355;;;5;0,98%;5180
355;;;16;1,64%;5181
355;;;17;0,20%;5182
355;;;92;0,00%;5183
355;;;1163;0,10%;5184
355;;;649;0,02%;5185
355;;;30;0,02%;5186
355;;;658;0,26%;5187
355;;;34;0,11%;5188
355;;;40;2,42%;5189
355;;;610;0,00%;5190
355;;;669;0,34%;5191
355;;;45;0,05%;5192
355;;;48;0,43%;5193
355;;;769;0,27%;5194
355;;;52;0,70%;5195
355;;;54;0,60%;5196
355;;;60;8,46%;5197
355;;;1223;0,02%;5198
355;;;62;6,84%;5199
355;;;65;2,04%;5200
355;;;390;0,00%;5201
355;;;66;0,03%;5202
355;;;67;0,00%;5203
355;;;661;0,11%;5204
355;;;89;0,45%;5205
355;;;1244;1,16%;5206
355;;;633;0,67%;5207
355;;;106;1,34%;5208
355;;;1089;0,04%;5209
355;;;1195;1,73%;5210
355;;;541;0,62%;5211
355;;;120;0,84%;5212
355;;;121;2,52%;5213
355;;;909;0,95%;5214
355;;;582;1,17%;5215
355;;;129;0,20%;5216
355;;;689;0,45%;5217
355;;;141;0,27%;5218
355;;;143;0,14%;5219
353;;;841;0,00%;1473
353;;;792;0,00%;2906
353;;;656;0,00%;3019
353;;;296;0,00%;3056
353;;;911;0,00%;4969
353;;;622;0,00%;5002
353;;;831;0,00%;5027
353;;;954;0,00%;5122
353;;;1058;0,00%;5171
353;;;850;0,00%;5172
353;;;261;0,00%;5173
353;;;885;0,00%;5174
353;;;350;0,00%;5175
353;;;540;0,00%;5176
353;;;1213;0,00%;5177
353;;;1030;0,00%;5178
353;;;1023;0,00%;5179
352;;;12;0,55%;10
352;;;26;0,37%;16
352;;;29;0,00%;17
352;;;52;0,71%;26
352;;;60;8,61%;31
352;;;715;0,19%;33
352;;;882;0,03%;35
352;;;68;0,00%;38
352;;;426;0,01%;47
352;;;1043;0,00%;48
352;;;457;0,30%;51
352;;;130;0,73%;67
352;;;592;0,11%;69
352;;;13;0,23%;79
352;;;129;0,20%;107
352;;;56;0,00%;129
352;;;106;1,34%;140
352;;;582;1,18%;151
352;;;57;0,02%;197
352;;;567;0,67%;235
352;;;37;1,14%;260
352;;;143;0,14%;508
352;;;33;0,14%;522
352;;;1148;0,12%;1252
352;;;689;0,47%;1253
352;;;48;0,44%;1503
352;;;8;5,05%;1743
352;;;100;2,29%;2424
352;;;96;0,77%;2427
352;;;47;0,44%;2447
352;;;94;0,07%;2529
352;;;658;0,19%;2753
352;;;62;6,76%;2755
352;;;142;0,55%;2782
352;;;286;0,00%;2785
352;;;107;0,28%;3214
352;;;584;0,30%;3218
352;;;54;0,61%;3459
352;;;132;0,13%;3527
352;;;128;0,07%;3535
352;;;909;0,96%;3656
352;;;53;0,00%;3829
352;;;123;0,43%;3907
352;;;27;0,05%;3914
352;;;1290;0,00%;3916
352;;;77;0,07%;3921
352;;;1190;0,01%;3930
352;;;108;0,15%;3937
352;;;1165;0,00%;4105
352;;;28;2,23%;4288
352;;;127;1,27%;4293
352;;;139;0,06%;4367
352;;;111;0,63%;4603
352;;;661;0,24%;4646
352;;;59;0,48%;4758
352;;;475;0,10%;4760
352;;;24;0,07%;4819
352;;;114;1,46%;4850
352;;;19;2,30%;4934
352;;;42;0,05%;4937
352;;;102;0,69%;4942
352;;;541;0,65%;4945
352;;;5;1,08%;5160
352;;;16;1,62%;5161
352;;;23;0,82%;5162
352;;;34;0,13%;5163
352;;;45;0,06%;5164
352;;;79;0,13%;5165
352;;;80;0,00%;5166
352;;;81;0,01%;5167
352;;;737;0,04%;5168
352;;;790;0,32%;5169
352;;;141;0,27%;5170
350;;;658;0,19%;19
350;;;882;0,03%;35
350;;;77;0,07%;41
350;;;689;0,47%;71
350;;;129;0,20%;107
350;;;107;0,28%;143
350;;;582;1,18%;151
350;;;790;0,32%;205
350;;;37;1,14%;570
350;;;286;0,00%;1481
350;;;102;0,69%;1506
350;;;139;0,06%;1754
350;;;426;0,01%;2373
350;;;47;0,44%;2447
350;;;633;0,69%;2456
350;;;5;1,08%;2495
350;;;130;0,73%;2523
350;;;23;0,82%;2907
350;;;142;0,55%;3230
350;;;234;0,27%;3732
350;;;62;6,76%;3820
350;;;1290;0,00%;3916
350;;;737;0,04%;3939
350;;;8;5,05%;4581
350;;;52;0,71%;4625
350;;;16;1,62%;5156
350;;;34;0,13%;5157
350;;;60;8,61%;5158
350;;;68;0,00%;5159
349;;;579;0,03%;6
349;;;79;0,13%;42
349;;;1043;0,00%;48
349;;;114;1,42%;101
349;;;790;1,00%;205
349;;;42;0,05%;261
349;;;57;0,02%;264
349;;;62;6,84%;265
349;;;65;2,04%;266
349;;;16;1,64%;632
349;;;85;7,49%;691
349;;;48;0,43%;1721
349;;;100;2,26%;1727
349;;;59;1,67%;1728
349;;;106;1,34%;1730
349;;;107;0,27%;2374
349;;;141;0,27%;2377
349;;;33;0,13%;2667
349;;;426;0,01%;2690
349;;;89;0,45%;2691
349;;;111;0,68%;2696
349;;;120;0,84%;3008
349;;;142;0,55%;3173
349;;;13;0,24%;3174
349;;;54;0,60%;3177
349;;;47;0,39%;3201
349;;;592;0,10%;3229
349;;;23;0,83%;3517
349;;;118;0,37%;3519
349;;;105;0,22%;4103
349;;;8;5,07%;5146
349;;;27;0,06%;5147
349;;;30;0,02%;5148
349;;;52;0,70%;5149
349;;;454;0,17%;5150
349;;;123;0,36%;5151
349;;;96;0,81%;5152
349;;;884;0,00%;5153
349;;;127;1,13%;5154
349;;;143;0,14%;5155
348;;;26;0,40%;16
348;;;29;0,00%;17
348;;;715;0,20%;33
348;;;457;0,29%;51
348;;;143;0,14%;75
348;;;129;0,20%;107
348;;;790;1,00%;205
348;;;72;0,08%;603
348;;;601;0,00%;630
348;;;142;0,55%;631
348;;;13;0,24%;644
348;;;940;0,98%;680
348;;;141;0,27%;688
348;;;759;0,01%;1170
348;;;24;0,06%;1172
348;;;48;0,43%;1301
348;;;114;1,42%;1315
348;;;128;0,07%;1316
348;;;102;0,67%;1506
348;;;12;0,58%;2265
348;;;75;0,00%;2323
348;;;426;0,01%;2373
348;;;633;0,67%;2456
348;;;107;0,27%;2462
348;;;689;0,45%;2575
348;;;94;0,07%;2615
348;;;123;0,36%;2618
348;;;132;0,12%;3527
348;;;34;0,11%;3529
348;;;127;1,13%;3729
348;;;1290;0,00%;3916
348;;;658;0,26%;3931
348;;;17;0,20%;3990
348;;;120;0,84%;3999
348;;;57;0,02%;4010
348;;;79;0,13%;4044
348;;;53;0,00%;4120
348;;;80;0,00%;4132
348;;;5;0,98%;4792
348;;;8;5,07%;5127
348;;;27;0,06%;5128
348;;;28;2,20%;5129
348;;;610;0,00%;5130
348;;;52;0,70%;5131
348;;;54;0,60%;5132
348;;;60;8,46%;5133
348;;;62;6,84%;5134
348;;;65;2,04%;5135
348;;;390;0,00%;5136
348;;;612;0,47%;5137
348;;;89;0,45%;5138
348;;;100;2,26%;5139
348;;;59;1,67%;5140
348;;;106;1,34%;5141
348;;;111;0,68%;5142
348;;;121;2,52%;5143
348;;;582;1,17%;5144
348;;;139;0,06%;5145
347;;;579;0,03%;6
347;;;16;1,62%;579
347;;;21;0,00%;582
347;;;18;0,21%;818
347;;;737;0,04%;922
347;;;130;0,73%;940
347;;;966;0,25%;947
347;;;13;0,23%;1009
347;;;92;0,00%;1117
347;;;27;0,05%;1119
347;;;94;0,07%;1127
347;;;1033;0,01%;1447
347;;;1163;0,11%;1568
347;;;141;0,27%;1656
347;;;956;0,00%;1824
347;;;859;0,00%;1833
347;;;106;1,34%;2101
347;;;26;0,37%;2125
347;;;102;0,69%;2352
347;;;25;0,00%;2831
347;;;457;0,30%;2847
347;;;1090;0,00%;3052
347;;;789;0,00%;3055
347;;;565;0,00%;3077
347;;;89;0,46%;3116
347;;;799;0,04%;3119
347;;;59;0,48%;3248
347;;;121;4,50%;3259
347;;;1088;0,00%;3576
347;;;75;0,01%;3617
347;;;120;0,87%;3654
347;;;100;2,29%;3694
347;;;69;0,44%;3875
347;;;996;0,00%;3879
347;;;967;0,00%;3885
347;;;1242;0,00%;4087
347;;;80;0,00%;4484
347;;;1070;0,00%;4604
347;;;42;0,05%;4670
347;;;123;0,43%;4750
347;;;5;1,08%;4858
347;;;1290;0,00%;4890
347;;;658;0,19%;4906
347;;;48;0,44%;4909
347;;;66;0,03%;4916
347;;;107;0,28%;4922
347;;;1085;0,00%;4925
347;;;592;0,11%;4931
347;;;646;0,00%;4960
347;;;725;0,00%;5004
347;;;1139;0,00%;5025
347;;;1044;0,00%;5101
347;;;17;0,19%;5102
347;;;261;0,00%;5103
347;;;774;0,00%;5104
347;;;722;0,00%;5105
347;;;29;0,00%;5106
347;;;610;0,00%;5107
347;;;52;0,71%;5108
347;;;71;0,00%;5109
347;;;54;0,61%;5110
347;;;350;0,00%;5111
347;;;57;0,02%;5112
347;;;62;6,76%;5113
347;;;1040;0,00%;5114
347;;;803;0,24%;5115
347;;;70;0,00%;5116
347;;;85;7,63%;5117
347;;;908;0,00%;5118
347;;;1286;0,00%;5119
347;;;1140;0,00%;5120
347;;;778;0,00%;5121
347;;;954;0,00%;5122
347;;;501;4,61%;5123
347;;;932;0,00%;5124
347;;;1130;0,00%;5125
347;;;890;0,00%;5126
346;;;26;0,40%;16
346;;;658;0,26%;19
346;;;715;0,20%;33
346;;;882;0,03%;35
346;;;80;0,00%;43
346;;;1043;0,00%;48
346;;;457;0,29%;51
346;;;13;0,24%;79
346;;;129;0,20%;107
346;;;16;1,64%;113
346;;;44;0,00%;124
346;;;102;0,67%;138
346;;;107;0,27%;143
346;;;909;0,95%;150
346;;;112;0,47%;175
346;;;584;0,32%;182
346;;;790;1,00%;205
346;;;612;0,47%;304
346;;;120;0,84%;505
346;;;96;0,81%;575
346;;;142;0,55%;631
346;;;139;0,06%;1376
346;;;28;2,20%;1377
346;;;52;0,70%;1378
346;;;286;0,00%;1481
346;;;426;0,01%;2373
346;;;19;2,43%;2432
346;;;633;0,67%;2456
346;;;5;0,98%;2495
346;;;661;0,11%;2505
346;;;59;1,67%;2521
346;;;130;0,73%;2523
346;;;23;0,83%;2907
346;;;66;0,03%;3510
346;;;34;0,11%;3529
346;;;234;0,26%;3732
346;;;851;0,00%;3797
346;;;62;6,84%;3820
346;;;538;0,36%;3831
346;;;60;8,46%;3856
346;;;65;2,04%;3857
346;;;27;0,06%;3914
346;;;77;0,07%;3921
346;;;1190;0,02%;3930
346;;;1290;0,00%;3933
346;;;108;0,18%;3937
346;;;737;0,05%;3939
346;;;822;0,00%;4199
346;;;54;0,60%;4583
346;;;475;0,09%;4760
346;;;8;5,07%;5097
346;;;47;0,39%;5098
346;;;57;0,02%;5099
346;;;111;0,68%;5100
345;;;715;0,19%;33
345;;;68;0,00%;89
345;;;129;0,20%;107
345;;;60;8,61%;130
345;;;790;0,32%;205
345;;;121;4,50%;208
345;;;28;2,23%;500
345;;;13;0,23%;510
345;;;475;0,10%;525
345;;;1269;0,17%;2098
345;;;130;0,73%;2334
345;;;426;0,01%;2373
345;;;19;2,30%;2432
345;;;47;0,44%;2447
345;;;5;1,08%;2495
345;;;94;0,07%;2529
345;;;76;1,48%;3179
345;;;142;0,55%;3230
345;;;909;0,96%;3233
345;;;1290;0,00%;3916
345;;;658;0,19%;3931
345;;;120;0,87%;3999
345;;;26;0,37%;4062
345;;;79;0,13%;4131
345;;;541;0,65%;4137
345;;;8;5,05%;5085
345;;;16;1,62%;5086
345;;;93;0,04%;5087
345;;;1190;0,01%;5088
345;;;37;1,14%;5089
345;;;42;0,05%;5090
345;;;53;0,00%;5091
345;;;55;0,00%;5092
345;;;65;2,11%;5093
345;;;75;0,01%;5094
345;;;100;2,29%;5095
345;;;584;0,30%;5096
344;;;26;0,37%;16
344;;;29;0,00%;17
344;;;79;0,13%;42
344;;;80;0,00%;43
344;;;457;0,30%;51
344;;;13;0,23%;79
344;;;68;0,00%;89
344;;;128;0,07%;106
344;;;592;0,11%;108
344;;;16;1,62%;113
344;;;60;8,61%;130
344;;;909;0,96%;150
344;;;582;1,18%;151
344;;;69;0,44%;168
344;;;790;0,32%;205
344;;;141;0,27%;295
344;;;143;0,14%;508
344;;;33;0,14%;522
344;;;475;0,10%;525
344;;;12;0,55%;558
344;;;454;0,18%;609
344;;;689;0,47%;1253
344;;;567;0,67%;1382
344;;;66;0,03%;1493
344;;;48;0,44%;1503
344;;;139;0,06%;1754
344;;;72;0,08%;2045
344;;;426;0,01%;2373
344;;;19;2,30%;2432
344;;;47;0,44%;2447
344;;;120;0,87%;2465
344;;;5;1,08%;2495
344;;;649;0,02%;2500
344;;;661;0,24%;2505
344;;;59;0,48%;2521
344;;;130;0,73%;2523
344;;;107;0,28%;2600
344;;;93;0,04%;2752
344;;;23;0,82%;2907
344;;;132;0,13%;3527
344;;;62;6,76%;3820
344;;;538;0,39%;3831
344;;;54;0,61%;3854
344;;;1290;0,00%;3916
344;;;77;0,07%;3921
344;;;1190;0,01%;3930
344;;;658;0,19%;3931
344;;;108;0,15%;3937
344;;;52;0,71%;4144
344;;;807;0,01%;4153
344;;;1228;0,00%;4765
344;;;8;5,05%;5079
344;;;28;2,23%;5080
344;;;67;0,00%;5081
344;;;111;0,63%;5082
344;;;737;0,04%;5083
344;;;131;0,03%;5084
343;;;579;0,03%;6
343;;;5;1,08%;309
343;;;967;0,00%;385
343;;;782;0,00%;406
343;;;128;0,07%;481
343;;;708;0,00%;779
343;;;16;1,62%;815
343;;;18;0,21%;818
343;;;69;0,44%;833
343;;;79;0,13%;835
343;;;107;0,28%;846
343;;;234;0,27%;857
343;;;64;0,01%;858
343;;;33;0,14%;864
343;;;27;0,05%;868
343;;;34;0,13%;873
343;;;47;0,44%;883
343;;;80;0,00%;903
343;;;737;0,04%;922
343;;;95;0,02%;926
343;;;127;1,27%;936
343;;;130;0,73%;940
343;;;139;0,06%;948
343;;;94;0,07%;1127
343;;;106;1,34%;1524
343;;;1163;0,11%;1568
343;;;567;0,67%;1592
343;;;28;2,23%;1623
343;;;60;8,61%;1632
343;;;132;0,13%;1654
343;;;215;0,01%;1856
343;;;1179;0,00%;2135
343;;;454;0,18%;2142
343;;;790;0,32%;2150
343;;;121;4,50%;2152
343;;;92;0,00%;2251
343;;;966;0,25%;2471
343;;;1089;0,04%;2650
343;;;811;0,02%;2727
343;;;12;0,55%;2829
343;;;658;0,19%;2834
343;;;85;7,63%;2844
343;;;457;0,30%;2847
343;;;633;0,69%;2848
343;;;689;0,47%;2858
343;;;23;0,82%;3269
343;;;68;0,00%;3286
343;;;1148;0,12%;3306
343;;;126;0,00%;3448
343;;;70;0,00%;3616
343;;;96;0,77%;3700
343;;;1257;0,00%;3786
343;;;105;0,21%;3965
343;;;591;0,02%;3973
343;;;7;0,02%;4051
343;;;1242;0,00%;4087
343;;;777;0,05%;4097
343;;;29;0,00%;4213
343;;;1244;1,23%;4234
343;;;1194;0,00%;4238
343;;;114;1,46%;4240
343;;;67;0,00%;4744
343;;;118;0,39%;4753
343;;;120;0,87%;4754
343;;;42;0,05%;4864
343;;;54;0,61%;4868
343;;;1223;0,02%;4912
343;;;6;0,57%;5041
343;;;8;5,05%;5042
343;;;142;0,55%;5043
343;;;19;2,30%;5044
343;;;22;0,00%;5045
343;;;1190;0,01%;5046
343;;;26;0,37%;5047
343;;;649;0,02%;5048
343;;;37;1,14%;5049
343;;;610;0,00%;5050
343;;;769;0,30%;5051
343;;;49;2,23%;5052
343;;;52;0,71%;5053
343;;;53;0,00%;5054
343;;;822;0,00%;5055
343;;;62;6,76%;5056
343;;;749;0,02%;5057
343;;;882;0,03%;5058
343;;;390;0,00%;5059
343;;;66;0,03%;5060
343;;;75;0,01%;5061
343;;;77;0,07%;5062
343;;;1108;0,21%;5063
343;;;76;1,48%;5064
343;;;426;0,01%;5065
343;;;89;0,46%;5066
343;;;1033;0,01%;5067
343;;;100;2,29%;5068
343;;;102;0,69%;5069
343;;;108;0,15%;5070
343;;;123;0,43%;5071
343;;;111;0,63%;5072
343;;;501;4,61%;5073
343;;;541;0,65%;5074
343;;;884;0,00%;5075
343;;;584;0,30%;5076
343;;;129;0,20%;5077
343;;;592;0,11%;5078
342;;;579;0,03%;6
342;;;7;0,02%;312
342;;;77;0,07%;364
342;;;759;0,01%;370
342;;;50;0,00%;411
342;;;584;0,32%;412
342;;;592;0,10%;422
342;;;689;0,45%;424
342;;;953;0,01%;426
342;;;410;0,00%;456
342;;;790;1,00%;785
342;;;807;0,01%;788
342;;;582;1,17%;797
342;;;1036;0,00%;851
342;;;43;0,00%;881
342;;;882;0,03%;896
342;;;737;0,05%;922
342;;;130;0,73%;940
342;;;139;0,06%;948
342;;;142;0,55%;1044
342;;;96;0,81%;1070
342;;;94;0,07%;1127
342;;;986;0,00%;1449
342;;;795;0,00%;1463
342;;;841;0,00%;1473
342;;;909;0,95%;1541
342;;;1163;0,10%;1568
342;;;286;0,00%;1570
342;;;37;1,04%;1572
342;;;940;0,98%;1589
342;;;30;0,02%;1624
342;;;670;0,85%;1636
342;;;1195;1,73%;1652
342;;;132;0,12%;1654
342;;;733;0,00%;1805
342;;;748;0,00%;1839
342;;;41;0,08%;1863
342;;;678;0,00%;1920
342;;;1160;0,00%;1943
342;;;256;0,43%;1977
342;;;110;0,07%;2020
342;;;454;0,17%;2142
342;;;92;0,00%;2251
342;;;138;0,00%;2263
342;;;128;0,07%;2401
342;;;658;0,26%;2834
342;;;457;0,29%;2847
342;;;601;0,00%;2877
342;;;1198;0,00%;2901
342;;;792;0,00%;2906
342;;;820;0,00%;2911
342;;;1204;0,00%;2943
342;;;1090;0,00%;3052
342;;;789;0,00%;3055
342;;;832;0,00%;3073
342;;;76;1,37%;3114
342;;;799;0,03%;3119
342;;;851;0,00%;3163
342;;;29;0,00%;3271
342;;;811;0,02%;3280
342;;;63;0,00%;3282
342;;;567;1,00%;3304
342;;;661;0,11%;3322
342;;;52;0,70%;3346
342;;;57;0,02%;3370
342;;;129;0,20%;3434
342;;;126;0,00%;3448
342;;;1244;1,16%;3495
342;;;120;0,84%;3545
342;;;102;0,67%;3587
342;;;70;0,00%;3616
342;;;105;0,22%;3965
342;;;591;0,01%;3973
342;;;48;0,43%;3980
342;;;54;0,60%;3981
342;;;669;0,34%;4070
342;;;777;0,05%;4097
342;;;830;0,00%;4100
342;;;716;0,00%;4106
342;;;141;0,27%;4121
342;;;81;0,01%;4232
342;;;1236;0,05%;4322
342;;;1228;0,00%;4333
342;;;118;0,37%;4362
342;;;749;0,02%;4392
342;;;59;1,67%;4513
342;;;8;5,07%;4523
342;;;426;0,01%;4538
342;;;1070;0,00%;4604
342;;;827;0,00%;4618
342;;;28;2,20%;4636
342;;;60;8,46%;4674
342;;;122;0,00%;4697
342;;;114;1,42%;4751
342;;;5;0,98%;4858
342;;;501;4,53%;4876
342;;;1290;0,00%;4890
342;;;215;0,01%;4951
342;;;829;0,00%;4952
342;;;1253;0,00%;4953
342;;;850;0,00%;4954
342;;;234;0,26%;4955
342;;;64;0,01%;4956
342;;;12;0,58%;4957
342;;;17;0,20%;4958
342;;;261;0,00%;4959
342;;;646;0,00%;4960
342;;;22;0,00%;4961
342;;;23;0,83%;4962
342;;;25;0,00%;4963
342;;;26;0,40%;4964
342;;;276;0,00%;4965
342;;;649;0,02%;4966
342;;;1056;0,00%;4967
342;;;34;0,11%;4968
342;;;911;0,00%;4969
342;;;1065;0,00%;4970
342;;;40;2,42%;4971
342;;;610;0,00%;4972
342;;;808;0,00%;4973
342;;;44;0,00%;4974
342;;;45;0,05%;4975
342;;;47;0,39%;4976
342;;;887;0,00%;4977
342;;;49;2,21%;4978
342;;;1161;0,00%;4979
342;;;767;0,00%;4980
342;;;1193;0,00%;4981
342;;;822;0,00%;4982
342;;;1288;0,00%;4983
342;;;1223;0,02%;4984
342;;;62;6,84%;4985
342;;;1088;0,00%;4986
342;;;1205;0,00%;4987
342;;;1122;0,00%;4988
342;;;390;0,00%;4989
342;;;880;0,00%;4990
342;;;1199;0,00%;4991
342;;;1214;0,00%;4992
342;;;1041;0,04%;4993
342;;;79;0,13%;4994
342;;;540;0,00%;4995
342;;;80;0,00%;4996
342;;;612;0,47%;4997
342;;;996;0,00%;4998
342;;;1059;0,00%;4999
342;;;87;0,00%;5000
342;;;1301;0,00%;5001
342;;;622;0,00%;5002
342;;;89;0,45%;5003
342;;;725;0,00%;5004
342;;;1140;0,00%;5005
342;;;100;2,26%;5006
342;;;898;0,00%;5007
342;;;1194;0,00%;5008
342;;;1101;0,00%;5009
342;;;106;1,34%;5010
342;;;800;0,00%;5011
342;;;108;0,18%;5012
342;;;123;0,36%;5013
342;;;903;0,00%;5014
342;;;111;0,68%;5015
342;;;112;0,47%;5016
342;;;1165;0,00%;5017
342;;;962;0,00%;5018
342;;;619;0,00%;5019
342;;;107;0,27%;5020
342;;;724;0,00%;5021
342;;;1055;0,00%;5022
342;;;819;0,00%;5023
342;;;1071;0,00%;5024
342;;;1139;0,00%;5025
342;;;1085;0,00%;5026
342;;;831;0,00%;5027
342;;;121;2,52%;5028
342;;;977;0,00%;5029
342;;;1247;0,00%;5030
342;;;1263;0,00%;5031
342;;;784;0,00%;5032
342;;;901;0,00%;5033
342;;;1158;0,00%;5034
342;;;815;0,00%;5035
342;;;835;0,00%;5036
342;;;727;0,00%;5037
342;;;966;0,25%;5038
342;;;1181;0,00%;5039
342;;;143;0,14%;5040
340;;;215;0,01%;311
340;;;7;0,02%;312
340;;;12;0,55%;320
340;;;649;0,02%;332
340;;;48;0,44%;344
340;;;53;0,00%;347
340;;;749;0,02%;357
340;;;65;2,11%;358
340;;;77;0,07%;364
340;;;661;0,24%;371
340;;;426;0,01%;374
340;;;612;0,47%;381
340;;;967;0,00%;385
340;;;782;0,00%;406
340;;;584;0,30%;412
340;;;592;0,11%;422
340;;;16;1,62%;436
340;;;18;0,21%;438
340;;;23;0,82%;440
340;;;60;8,61%;449
340;;;882;0,03%;451
340;;;111;0,63%;465
340;;;107;0,28%;469
340;;;940;0,96%;470
340;;;121;4,50%;476
340;;;567;0,67%;477
340;;;132;0,13%;483
340;;;769;0,30%;532
340;;;1108;0,21%;539
340;;;143;0,14%;556
340;;;72;0,08%;834
340;;;28;2,23%;869
340;;;737;0,04%;1067
340;;;1072;0,08%;1072
340;;;142;0,55%;1081
340;;;26;0,37%;1087
340;;;27;0,05%;1088
340;;;37;1,14%;1089
340;;;106;1,34%;1101
340;;;108;0,15%;1199
340;;;118;0,39%;1286
340;;;49;2,23%;1551
340;;;1244;1,23%;1556
340;;;52;0,71%;1737
340;;;658;0,19%;1946
340;;;100;2,29%;1953
340;;;47;0,44%;2052
340;;;1041;0,03%;2237
340;;;92;0,00%;2251
340;;;501;4,61%;2343
340;;;670;0,83%;2398
340;;;128;0,07%;2401
340;;;70;0,00%;2728
340;;;75;0,01%;2730
340;;;59;0,48%;2733
340;;;799;0,04%;2872
340;;;112;0,48%;2873
340;;;601;0,00%;2877
340;;;19;2,30%;2880
340;;;610;0,00%;2883
340;;;102;0,69%;2888
340;;;1194;0,00%;2942
340;;;6;0,57%;3183
340;;;40;2,42%;3186
340;;;1148;0,12%;3306
340;;;63;0,00%;3329
340;;;94;0,07%;3372
340;;;126;0,00%;3448
340;;;114;1,46%;3508
340;;;141;0,27%;3509
340;;;120;0,87%;3545
340;;;8;5,05%;3781
340;;;1257;0,00%;3786
340;;;34;0,13%;3977
340;;;582;1,18%;3988
340;;;1195;1,73%;4564
340;;;13;0,23%;4593
340;;;256;0,42%;4594
340;;;45;0,06%;4638
340;;;1190;0,01%;4708
340;;;1286;0,00%;4720
340;;;57;0,02%;4769
340;;;76;1,48%;4771
340;;;127;1,27%;4774
340;;;54;0,61%;4948
340;;;89;0,46%;4949
340;;;851;0,01%;4950
336;;;12;0,55%;10
336;;;29;0,00%;17
336;;;715;0,19%;33
336;;;68;0,00%;38
336;;;77;0,07%;41
336;;;1043;0,00%;48
336;;;737;0,04%;56
336;;;592;0,11%;69
336;;;143;0,14%;75
336;;;13;0,23%;79
336;;;16;1,62%;80
336;;;48;0,44%;84
336;;;129;0,20%;107
336;;;28;2,23%;120
336;;;66;0,03%;133
336;;;102;0,69%;138
336;;;851;0,01%;142
336;;;107;0,28%;143
336;;;909;0,96%;150
336;;;582;1,18%;151
336;;;69;0,44%;168
336;;;112;0,48%;175
336;;;57;0,02%;197
336;;;106;1,34%;203
336;;;790;0,32%;205
336;;;612;0,47%;304
336;;;120;0,87%;505
336;;;25;0,00%;559
336;;;85;7,63%;638
336;;;658;0,19%;967
336;;;18;0,21%;1479
336;;;26;0,37%;1696
336;;;139;0,06%;1754
336;;;426;0,01%;2373
336;;;19;2,30%;2432
336;;;47;0,44%;2447
336;;;5;1,08%;2495
336;;;94;0,07%;2529
336;;;142;0,55%;3230
336;;;234;0,27%;3732
336;;;53;0,00%;3829
336;;;79;0,13%;3902
336;;;457;0,30%;3906
336;;;123;0,43%;3907
336;;;1290;0,00%;3916
336;;;108;0,15%;3937
336;;;111;0,63%;3938
336;;;141;0,27%;3941
336;;;65;2,11%;4281
336;;;37;1,14%;4284
336;;;59;0,48%;4297
336;;;54;0,61%;4761
336;;;62;6,76%;4847
336;;;27;0,05%;4947
335;;;12;0,55%;10
335;;;26;0,37%;16
335;;;29;0,00%;17
335;;;34;0,13%;20
335;;;52;0,71%;26
335;;;60;8,61%;31
335;;;715;0,19%;33
335;;;882;0,03%;35
335;;;59;0,48%;50
335;;;457;0,30%;51
335;;;592;0,11%;69
335;;;13;0,23%;79
335;;;129;0,20%;107
335;;;56;0,00%;129
335;;;106;1,34%;140
335;;;107;0,28%;143
335;;;112;0,48%;175
335;;;790;0,32%;205
335;;;215;0,01%;238
335;;;120;0,87%;505
335;;;475;0,10%;525
335;;;25;0,00%;559
335;;;68;0,00%;993
335;;;1148;0,12%;1252
335;;;18;0,21%;1479
335;;;8;5,05%;1743
335;;;16;1,62%;2421
335;;;100;2,29%;2424
335;;;584;0,30%;2428
335;;;47;0,44%;2447
335;;;5;1,08%;2495
335;;;130;0,73%;2523
335;;;94;0,07%;2529
335;;;93;0,04%;2752
335;;;54;0,61%;2762
335;;;286;0,00%;2785
335;;;142;0,55%;3230
335;;;53;0,00%;3829
335;;;538;0,39%;3831
335;;;79;0,13%;3902
335;;;1290;0,00%;3916
335;;;77;0,07%;3921
335;;;658;0,19%;3931
335;;;108;0,15%;3937
335;;;582;1,18%;4305
335;;;139;0,06%;4367
335;;;111;0,63%;4603
335;;;65;2,11%;4781
335;;;114;1,46%;4850
335;;;127;1,27%;4853
335;;;234;0,27%;4933
335;;;19;2,30%;4934
335;;;27;0,05%;4935
335;;;28;2,23%;4936
335;;;42;0,05%;4937
335;;;48;0,44%;4938
335;;;62;6,76%;4939
335;;;80;0,00%;4940
335;;;426;0,01%;4941
335;;;102;0,69%;4942
335;;;737;0,04%;4943
335;;;96;0,77%;4944
335;;;541;0,65%;4945
335;;;689;0,47%;4946
334;;;83;0,16%;45
334;;;16;1,62%;579
334;;;454;0,18%;763
334;;;62;6,76%;830
334;;;47;0,44%;883
334;;;426;0,01%;909
334;;;737;0,04%;922
334;;;53;0,00%;1018
334;;;69;0,44%;1026
334;;;1163;0,11%;1568
334;;;286;0,00%;1570
334;;;80;0,00%;2257
334;;;610;0,00%;2584
334;;;633;0,69%;2806
334;;;410;0,00%;2929
334;;;96;0,77%;3123
334;;;59;0,48%;3248
334;;;121;4,50%;3259
334;;;142;0,55%;3564
334;;;65;2,11%;3578
334;;;1108;0,21%;3581
334;;;106;1,34%;3589
334;;;116;0,00%;3593
334;;;1194;0,00%;4238
334;;;40;2,42%;4315
334;;;1228;0,00%;4333
334;;;54;0,61%;4348
334;;;28;2,23%;4668
334;;;89;0,46%;4805
334;;;17;0,19%;4888
334;;;92;0,00%;4903
334;;;93;0,04%;4904
334;;;649;0,02%;4905
334;;;658;0,19%;4906
334;;;34;0,13%;4907
334;;;43;0,00%;4908
334;;;48;0,44%;4909
334;;;52;0,71%;4910
334;;;60;8,61%;4911
334;;;1223;0,02%;4912
334;;;749;0,02%;4913
334;;;882;0,03%;4914
334;;;390;0,00%;4915
334;;;66;0,03%;4916
334;;;1244;1,23%;4917
334;;;100;2,29%;4918
334;;;105;0,21%;4919
334;;;123;0,43%;4920
334;;;501;4,61%;4921
334;;;107;0,28%;4922
334;;;1257;0,00%;4923
334;;;884;0,00%;4924
334;;;1085;0,00%;4925
334;;;118;0,39%;4926
334;;;120;0,87%;4927
334;;;582;1,18%;4928
334;;;132;0,13%;4929
334;;;906;0,00%;4930
334;;;592;0,11%;4931
334;;;138;0,00%;4932
333;;;12;0,55%;10
333;;;29;0,00%;17
333;;;715;0,19%;33
333;;;68;0,00%;38
333;;;77;0,07%;41
333;;;79;0,13%;42
333;;;1043;0,00%;48
333;;;457;0,30%;51
333;;;737;0,04%;56
333;;;143;0,14%;75
333;;;13;0,23%;79
333;;;16;1,62%;80
333;;;48;0,44%;84
333;;;59;0,48%;96
333;;;592;0,11%;108
333;;;28;2,23%;120
333;;;52;0,71%;126
333;;;60;8,61%;130
333;;;66;0,03%;133
333;;;102;0,69%;138
333;;;107;0,28%;143
333;;;909;0,96%;150
333;;;582;1,18%;151
333;;;62;6,76%;166
333;;;112;0,48%;175
333;;;584;0,30%;182
333;;;57;0,02%;197
333;;;141;0,27%;295
333;;;106;1,34%;306
333;;;120;0,87%;505
333;;;33;0,14%;522
333;;;475;0,10%;525
333;;;96;0,77%;575
333;;;49;2,23%;987
333;;;689;0,47%;1253
333;;;26;0,37%;1696
333;;;139;0,06%;1754
333;;;34;0,13%;2301
333;;;47;0,44%;2447
333;;;5;1,08%;2495
333;;;426;0,01%;2520
333;;;130;0,73%;2523
333;;;94;0,07%;2529
333;;;612;0,47%;2689
333;;;93;0,04%;2752
333;;;54;0,61%;2762
333;;;142;0,55%;3230
333;;;132;0,13%;3527
333;;;1165;0,00%;3532
333;;;128;0,07%;3535
333;;;234;0,27%;3732
333;;;23;0,82%;3796
333;;;390;0,00%;3824
333;;;53;0,00%;3829
333;;;1195;1,73%;3830
333;;;538;0,39%;3831
333;;;24;0,07%;3905
333;;;1290;0,00%;3916
333;;;108;0,15%;3923
333;;;1257;0,00%;3927
333;;;658;0,19%;3931
333;;;111;0,63%;3938
333;;;8;5,05%;4899
333;;;100;2,29%;4900
333;;;118;0,39%;4901
333;;;129;0,20%;4902
332;;;1043;0,00%;48
332;;;234;0,27%;857
332;;;426;0,01%;909
332;;;142;0,55%;1044
332;;;62;6,76%;1051
332;;;100;2,29%;1054
332;;;42;0,05%;1394
332;;;76;1,48%;1397
332;;;501;4,61%;1402
332;;;37;1,14%;1572
332;;;8;5,05%;1666
332;;;19;2,30%;1667
332;;;670;0,83%;1676
332;;;118;0,39%;2075
332;;;121;4,50%;2076
332;;;1041;0,03%;2237
332;;;60;8,61%;2378
332;;;89;0,46%;2381
332;;;40;2,42%;2702
332;;;85;7,63%;2702
332;;;25;0,00%;2831
332;;;799;0,04%;3119
332;;;661;0,24%;3322
332;;;111;0,63%;3591
332;;;28;2,23%;3711
332;;;475;0,10%;4173
332;;;1194;0,00%;4238
332;;;52;0,71%;4509
332;;;54;0,61%;4510
332;;;1244;1,23%;4677
332;;;123;0,43%;4750
332;;;12;0,55%;4886
332;;;16;1,62%;4887
332;;;17;0,19%;4888
332;;;610;0,00%;4889
332;;;1290;0,00%;4890
332;;;390;0,00%;4891
332;;;69;0,44%;4892
332;;;1033;0,01%;4893
332;;;59;0,48%;4894
332;;;967;0,00%;4895
332;;;114;1,46%;4896
332;;;1009;0,00%;4897
332;;;567;0,67%;4898
331;;;215;0,01%;311
331;;;7;0,02%;312
331;;;12;0,55%;320
331;;;30;0,03%;334
331;;;48;0,44%;344
331;;;53;0,00%;347
331;;;749;0,02%;357
331;;;77;0,07%;364
331;;;661;0,24%;371
331;;;426;0,01%;374
331;;;612;0,47%;381
331;;;454;0,18%;382
331;;;967;0,00%;385
331;;;475;0,10%;388
331;;;782;0,00%;406
331;;;584;0,30%;412
331;;;592;0,11%;422
331;;;16;1,62%;436
331;;;23;0,82%;440
331;;;40;2,42%;444
331;;;882;0,03%;451
331;;;80;0,00%;458
331;;;111;0,63%;465
331;;;906;0,00%;484
331;;;769;0,30%;532
331;;;670;0,83%;538
331;;;1108;0,21%;539
331;;;107;0,28%;547
331;;;143;0,14%;556
331;;;72;0,08%;834
331;;;28;2,23%;869
331;;;737;0,04%;1067
331;;;1072;0,08%;1072
331;;;26;0,37%;1087
331;;;27;0,05%;1088
331;;;37;1,14%;1089
331;;;106;1,34%;1101
331;;;567;0,67%;1108
331;;;89;0,46%;1190
331;;;108;0,15%;1199
331;;;42;0,05%;1280
331;;;62;6,76%;1533
331;;;126;0,00%;1541
331;;;142;0,55%;1544
331;;;49;2,23%;1551
331;;;410;0,00%;1554
331;;;501;4,61%;1558
331;;;5;1,08%;1734
331;;;100;2,29%;1953
331;;;47;0,44%;2052
331;;;1041;0,03%;2237
331;;;92;0,00%;2251
331;;;119;0,30%;2344
331;;;8;5,05%;2346
331;;;121;4,50%;2367
331;;;19;2,30%;2722
331;;;70;0,00%;2728
331;;;75;0,01%;2730
331;;;112;0,48%;2873
331;;;1025;0,00%;2875
331;;;601;0,00%;2877
331;;;102;0,69%;2888
331;;;1194;0,00%;2942
331;;;851;0,01%;3163
331;;;63;0,00%;3329
331;;;1244;1,23%;3330
331;;;132;0,13%;3334
331;;;57;0,02%;3370
331;;;94;0,07%;3372
331;;;649;0,02%;3442
331;;;715;0,19%;3444
331;;;52;0,71%;3505
331;;;114;1,46%;3508
331;;;141;0,27%;3509
331;;;120;0,87%;3545
331;;;54;0,61%;3637
331;;;34;0,13%;3977
331;;;582;1,18%;3988
331;;;66;0,03%;4559
331;;;79;0,13%;4560
331;;;13;0,23%;4593
331;;;18;0,21%;4595
331;;;69;0,44%;4598
331;;;45;0,06%;4638
331;;;1190;0,01%;4708
331;;;1286;0,00%;4720
331;;;130;0,73%;4729
331;;;76;1,48%;4771
331;;;123;0,43%;4772
331;;;610;0,00%;4880
331;;;65;2,11%;4881
331;;;1242;0,00%;4882
331;;;1043;0,00%;4883
331;;;59;0,48%;4884
331;;;118;0,39%;4885
330;;;579;0,03%;6
330;;;65;2,11%;490
330;;;17;0,19%;816
330;;;18;0,21%;818
330;;;62;6,76%;830
330;;;69;0,44%;833
330;;;76;1,48%;836
330;;;47;0,44%;883
330;;;128;0,07%;938
330;;;132;0,13%;942
330;;;141;0,27%;949
330;;;142;0,55%;1044
330;;;16;1,62%;1566
330;;;114;1,46%;1587
330;;;940;0,96%;1589
330;;;670;0,83%;1636
330;;;215;0,01%;1856
330;;;60;8,61%;1959
330;;;1244;1,23%;1962
330;;;106;1,34%;2170
330;;;92;0,00%;2251
330;;;80;0,00%;2257
330;;;658;0,19%;2834
330;;;633;0,69%;2848
330;;;811;0,02%;3280
330;;;567;0,67%;3304
330;;;23;0,82%;3313
330;;;26;0,37%;3314
330;;;77;0,07%;3319
330;;;737;0,04%;3325
330;;;111;0,63%;3591
330;;;1257;0,00%;3786
330;;;769;0,30%;4073
330;;;1242;0,00%;4087
330;;;888;0,01%;4119
330;;;81;0,01%;4232
330;;;1194;0,00%;4238
330;;;1195;1,73%;4241
330;;;759;0,01%;4326
330;;;1228;0,00%;4333
330;;;541;0,65%;4465
330;;;1108;0,21%;4535
330;;;426;0,01%;4538
330;;;105;0,21%;4540
330;;;121;4,50%;4544
330;;;79;0,13%;4676
330;;;123;0,43%;4679
330;;;107;0,28%;4680
330;;;584;0,30%;4681
330;;;127;1,27%;4682
330;;;44;0,00%;4740
330;;;118;0,39%;4753
330;;;5;1,08%;4858
330;;;231;0,18%;4859
330;;;12;0,55%;4860
330;;;28;2,23%;4861
330;;;34;0,13%;4862
330;;;40;2,42%;4863
330;;;42;0,05%;4864
330;;;669;0,34%;4865
330;;;49;2,23%;4866
330;;;52;0,71%;4867
330;;;54;0,61%;4868
330;;;57;0,02%;4869
330;;;715;0,19%;4870
330;;;390;0,00%;4871
330;;;66;0,03%;4872
330;;;1207;1,12%;4873
330;;;100;2,29%;4874
330;;;112;0,48%;4875
330;;;501;4,61%;4876
330;;;96;0,77%;4877
330;;;582;1,18%;4878
330;;;966;0,25%;4879
329;;;12;0,55%;10
329;;;29;0,00%;17
329;;;658;0,19%;19
329;;;715;0,19%;33
329;;;882;0,03%;35
329;;;68;0,00%;38
329;;;77;0,07%;41
329;;;79;0,13%;42
329;;;1043;0,00%;48
329;;;457;0,30%;51
329;;;143;0,14%;75
329;;;13;0,23%;79
329;;;16;1,62%;80
329;;;48;0,44%;84
329;;;661;0,24%;91
329;;;100;2,29%;95
329;;;59;0,48%;96
329;;;129;0,20%;107
329;;;592;0,11%;108
329;;;28;2,23%;120
329;;;52;0,71%;126
329;;;66;0,03%;133
329;;;102;0,69%;138
329;;;851;0,01%;142
329;;;909;0,96%;150
329;;;112;0,48%;175
329;;;584;0,30%;182
329;;;57;0,02%;197
329;;;790;0,32%;205
329;;;141;0,27%;295
329;;;106;1,34%;503
329;;;120;0,87%;505
329;;;475;0,10%;525
329;;;25;0,00%;559
329;;;96;0,77%;575
329;;;62;6,76%;953
329;;;689;0,47%;1253
329;;;139;0,06%;1376
329;;;286;0,00%;1481
329;;;19;2,30%;2432
329;;;47;0,44%;2447
329;;;107;0,28%;2462
329;;;5;1,08%;2495
329;;;426;0,01%;2520
329;;;37;1,14%;2527
329;;;94;0,07%;2529
329;;;132;0,13%;3527
329;;;1165;0,00%;3532
329;;;128;0,07%;3535
329;;;60;8,61%;3673
329;;;234;0,27%;3732
329;;;53;0,00%;3829
329;;;1195;1,73%;3830
329;;;538;0,39%;3831
329;;;27;0,05%;3914
329;;;1290;0,00%;3916
329;;;108;0,15%;3937
329;;;111;0,63%;3938
329;;;737;0,04%;3939
329;;;612;0,47%;4296
329;;;54;0,61%;4761
329;;;34;0,13%;4854
329;;;123;0,43%;4855
329;;;582;1,18%;4856
329;;;130;0,73%;4857
328;;;12;0,55%;10
328;;;29;0,00%;17
328;;;60;8,61%;31
328;;;715;0,19%;33
328;;;882;0,03%;35
328;;;80;0,00%;43
328;;;1043;0,00%;48
328;;;59;0,48%;50
328;;;457;0,30%;51
328;;;106;1,34%;52
328;;;737;0,04%;56
328;;;689;0,47%;71
328;;;13;0,23%;79
328;;;48;0,44%;84
328;;;129;0,20%;107
328;;;592;0,11%;108
328;;;909;0,96%;150
328;;;582;1,18%;151
328;;;790;0,32%;205
328;;;567;0,67%;235
328;;;215;0,01%;238
328;;;141;0,27%;295
328;;;33;0,14%;522
328;;;475;0,10%;525
328;;;25;0,00%;559
328;;;118;0,39%;965
328;;;49;2,23%;987
328;;;68;0,00%;993
328;;;1148;0,12%;1252
328;;;416;0,24%;1386
328;;;102;0,69%;1451
328;;;18;0,21%;1479
328;;;8;5,05%;1743
328;;;37;1,14%;2229
328;;;79;0,13%;2238
328;;;34;0,13%;2301
328;;;426;0,01%;2373
328;;;454;0,18%;2388
328;;;16;1,62%;2421
328;;;47;0,44%;2447
328;;;107;0,28%;2462
328;;;5;1,08%;2495
328;;;649;0,02%;2500
328;;;130;0,73%;2523
328;;;27;0,05%;2526
328;;;54;0,61%;2762
328;;;286;0,00%;2785
328;;;53;0,00%;3829
328;;;538;0,39%;3831
328;;;1290;0,00%;3916
328;;;77;0,07%;3921
328;;;108;0,15%;3923
328;;;1257;0,00%;3927
328;;;658;0,19%;3931
328;;;89;0,46%;4171
328;;;633;0,69%;4291
328;;;1151;0,00%;4292
328;;;65;2,11%;4303
328;;;66;0,03%;4352
328;;;139;0,06%;4367
328;;;28;2,23%;4663
328;;;111;0,63%;4821
328;;;142;0,55%;4843
328;;;19;2,30%;4844
328;;;92;0,00%;4845
328;;;52;0,71%;4846
328;;;62;6,76%;4847
328;;;100;2,29%;4848
328;;;1165;0,00%;4849
328;;;114;1,46%;4850
328;;;96;0,77%;4851
328;;;120;0,87%;4852
328;;;127;1,27%;4853
327;;;12;0,55%;10
327;;;26;0,37%;16
327;;;29;0,00%;17
327;;;658;0,19%;19
327;;;1043;0,00%;48
327;;;457;0,30%;51
327;;;737;0,04%;56
327;;;592;0,11%;69
327;;;143;0,14%;75
327;;;13;0,23%;79
327;;;16;1,62%;80
327;;;128;0,07%;106
327;;;129;0,20%;107
327;;;28;2,23%;120
327;;;107;0,28%;143
327;;;582;1,18%;151
327;;;112;0,48%;175
327;;;584;0,30%;182
327;;;57;0,02%;197
327;;;567;0,67%;235
327;;;139;0,06%;507
327;;;475;0,10%;525
327;;;106;1,34%;565
327;;;66;0,03%;1249
327;;;102;0,69%;1451
327;;;8;5,05%;1743
327;;;34;0,13%;2301
327;;;100;2,29%;2424
327;;;47;0,44%;2447
327;;;120;0,87%;2465
327;;;5;1,08%;2495
327;;;649;0,02%;2500
327;;;426;0,01%;2520
327;;;94;0,07%;2529
327;;;54;0,61%;2762
327;;;132;0,13%;3527
327;;;234;0,27%;3732
327;;;390;0,00%;3824
327;;;53;0,00%;3829
327;;;822;0,00%;3855
327;;;123;0,43%;3907
327;;;1290;0,00%;3916
327;;;77;0,07%;3921
327;;;108;0,15%;3923
327;;;65;2,11%;4281
327;;;37;1,14%;4284
327;;;62;6,76%;4441
327;;;59;0,48%;4758
327;;;111;0,63%;4821
327;;;48;0,44%;4837
327;;;1193;0,00%;4838
327;;;716;0,00%;4839
327;;;998;0,00%;4840
327;;;784;;4841
327;;;130;0,73%;4842
326;;;658;0,19%;19
326;;;715;0,19%;33
326;;;882;0,03%;35
326;;;1043;0,00%;48
326;;;457;0,30%;51
326;;;13;0,23%;79
326;;;16;1,62%;80
326;;;48;0,44%;84
326;;;670;0,83%;90
326;;;59;0,48%;96
326;;;129;0,20%;107
326;;;592;0,11%;108
326;;;5;1,08%;110
326;;;19;2,30%;115
326;;;23;0,82%;118
326;;;52;0,71%;126
326;;;66;0,03%;133
326;;;102;0,69%;138
326;;;582;1,18%;151
326;;;57;0,02%;197
326;;;790;0,32%;205
326;;;567;0,67%;235
326;;;141;0,27%;295
326;;;612;0,47%;304
326;;;33;0,14%;522
326;;;689;0,47%;1189
326;;;633;0,69%;1497
326;;;26;0,37%;1696
326;;;139;0,06%;1754
326;;;34;0,13%;2301
326;;;65;2,11%;2418
326;;;79;0,13%;2420
326;;;47;0,44%;2447
326;;;649;0,02%;2500
326;;;426;0,01%;2520
326;;;130;0,73%;2523
326;;;94;0,07%;2529
326;;;142;0,55%;2718
326;;;28;2,23%;3337
326;;;1165;0,00%;3532
326;;;128;0,07%;3535
326;;;60;8,61%;3673
326;;;234;0,27%;3732
326;;;851;0,01%;3797
326;;;53;0,00%;3829
326;;;1195;1,73%;3830
326;;;538;0,39%;3831
326;;;1290;0,00%;3916
326;;;77;0,07%;3921
326;;;108;0,15%;3923
326;;;1190;0,01%;3930
326;;;737;0,04%;3939
326;;;37;1,14%;4284
326;;;106;1,34%;4759
326;;;54;0,61%;4761
326;;;906;0,00%;4766
326;;;7;0,02%;4822
326;;;231;0,18%;4823
326;;;1022;0,00%;4824
326;;;12;0,55%;4825
326;;;29;0,00%;4826
326;;;56;0,00%;4827
326;;;62;6,76%;4828
326;;;410;0,00%;4829
326;;;100;2,29%;4830
326;;;1255;;4831
326;;;111;0,63%;4832
326;;;112;0,48%;4833
326;;;501;4,61%;4834
326;;;107;0,28%;4835
326;;;120;0,87%;4836
325;;;12;0,55%;10
325;;;29;0,00%;17
325;;;34;0,13%;20
325;;;882;0,03%;35
325;;;77;0,07%;41
325;;;80;0,00%;43
325;;;1043;0,00%;48
325;;;457;0,30%;51
325;;;737;0,04%;56
325;;;689;0,47%;71
325;;;143;0,14%;75
325;;;13;0,23%;79
325;;;16;1,62%;80
325;;;48;0,44%;84
325;;;129;0,20%;107
325;;;592;0,11%;108
325;;;60;8,61%;130
325;;;66;0,03%;133
325;;;102;0,69%;138
325;;;582;1,18%;151
325;;;112;0,48%;175
325;;;790;0,32%;205
325;;;141;0,27%;210
325;;;33;0,14%;522
325;;;475;0,10%;525
325;;;142;0,55%;631
325;;;658;0,19%;967
325;;;1148;0,12%;1252
325;;;8;5,05%;1743
325;;;139;0,06%;1754
325;;;47;0,44%;2447
325;;;501;4,61%;2461
325;;;107;0,28%;2462
325;;;5;1,08%;2495
325;;;649;0,02%;2500
325;;;661;0,24%;2505
325;;;120;0,87%;2510
325;;;426;0,01%;2520
325;;;130;0,73%;2523
325;;;114;1,46%;2721
325;;;54;0,61%;2762
325;;;132;0,13%;3527
325;;;128;0,07%;3535
325;;;234;0,27%;3732
325;;;53;0,00%;3829
325;;;1195;1,73%;3830
325;;;1290;0,00%;3916
325;;;108;0,15%;3923
325;;;37;1,14%;4284
325;;;85;7,63%;4304
325;;;52;0,71%;4698
325;;;44;0,00%;4757
325;;;59;0,48%;4758
325;;;28;2,23%;4817
325;;;62;6,76%;4818
325;;;24;0,07%;4819
325;;;100;2,29%;4820
325;;;111;0,63%;4821
324;;;1043;0,00%;48
324;;;16;1,62%;579
324;;;120;0,87%;619
324;;;92;0,00%;1117
324;;;29;0,00%;1121
324;;;85;7,63%;1132
324;;;782;0,00%;1145
324;;;567;0,67%;1148
324;;;60;8,61%;1576
324;;;884;0,00%;2107
324;;;906;0,00%;2218
324;;;94;0,07%;2615
324;;;67;0,00%;3244
324;;;689;0,47%;3600
324;;;26;0,37%;3609
324;;;1130;0,00%;3626
324;;;23;0,82%;4003
324;;;5;1,08%;4792
324;;;142;0,55%;4793
324;;;13;0,23%;4794
324;;;19;2,30%;4795
324;;;1190;0,01%;4796
324;;;658;0,19%;4797
324;;;37;1,14%;4798
324;;;42;0,05%;4799
324;;;1221;0,00%;4800
324;;;53;0,00%;4801
324;;;54;0,61%;4802
324;;;57;0,02%;4803
324;;;75;0,01%;4804
324;;;89;0,46%;4805
324;;;100;2,29%;4806
324;;;739;0,00%;4807
324;;;106;1,34%;4808
324;;;96;0,77%;4809
324;;;118;0,39%;4810
324;;;121;4,50%;4811
324;;;840;0,00%;4812
324;;;128;0,07%;4813
324;;;4;0,00%;4814
324;;;132;0,13%;4815
324;;;592;0,11%;4816
322;;;215;0,01%;311
322;;;7;0,02%;312
322;;;23;0,82%;330
322;;;48;0,44%;344
322;;;49;2,23%;345
322;;;749;0,02%;357
322;;;69;0,44%;361
322;;;454;0,18%;382
322;;;884;0,00%;405
322;;;121;4,50%;410
322;;;584;0,30%;412
322;;;132;0,13%;483
322;;;769;0,30%;532
322;;;143;0,14%;556
322;;;28;2,23%;869
322;;;567;0,67%;1108
322;;;37;1,14%;1196
322;;;108;0,15%;1199
322;;;130;0,73%;1542
322;;;52;0,71%;1737
322;;;47;0,44%;2052
322;;;62;6,76%;2053
322;;;106;1,34%;2073
322;;;8;5,05%;2222
322;;;13;0,23%;2223
322;;;19;2,30%;2225
322;;;53;0,00%;2231
322;;;1041;0,03%;2237
322;;;79;0,13%;2238
322;;;89;0,46%;2240
322;;;107;0,28%;2245
322;;;16;1,62%;2282
322;;;26;0,37%;2313
322;;;715;0,19%;2340
322;;;142;0,55%;2626
322;;;610;0,00%;2634
322;;;111;0,63%;2705
322;;;70;0,00%;2728
322;;;75;0,01%;2730
322;;;601;0,00%;2877
322;;;63;0,00%;3329
322;;;94;0,07%;3372
322;;;649;0,02%;3442
322;;;141;0,27%;3509
322;;;5;1,08%;3631
322;;;1190;0,01%;3634
322;;;77;0,07%;3644
322;;;1043;0,00%;3646
322;;;1244;1,23%;3647
322;;;59;0,48%;3649
322;;;114;1,46%;3652
322;;;909;0,96%;3656
322;;;40;2,42%;3959
322;;;501;4,61%;3968
322;;;475;0,10%;4173
322;;;100;2,29%;4264
322;;;64;0,01%;4554
322;;;256;0,42%;4594
322;;;1286;0,00%;4720
322;;;57;0,02%;4769
322;;;234;0,27%;4775
322;;;12;0,55%;4776
322;;;18;0,21%;4777
322;;;42;0,05%;4778
322;;;54;0,61%;4779
322;;;60;8,61%;4780
322;;;65;2,11%;4781
322;;;76;1,48%;4782
322;;;81;0,01%;4783
322;;;85;7,63%;4784
322;;;457;0,30%;4785
322;;;102;0,69%;4786
322;;;123;0,43%;4787
322;;;851;0,01%;4788
322;;;96;0,77%;4789
322;;;118;0,39%;4790
322;;;592;0,11%;4791
321;;;215;0,01%;311
321;;;7;0,02%;312
321;;;12;0,55%;320
321;;;48;0,44%;344
321;;;53;0,00%;347
321;;;749;0,02%;357
321;;;661;0,24%;371
321;;;426;0,01%;374
321;;;612;0,47%;381
321;;;454;0,18%;382
321;;;102;0,69%;384
321;;;475;0,10%;388
321;;;782;0,00%;406
321;;;584;0,30%;412
321;;;592;0,11%;422
321;;;16;1,62%;436
321;;;18;0,21%;438
321;;;23;0,82%;440
321;;;40;2,42%;444
321;;;882;0,03%;451
321;;;114;1,46%;467
321;;;107;0,28%;469
321;;;567;0,67%;477
321;;;906;0,00%;484
321;;;689;0,47%;487
321;;;769;0,30%;532
321;;;62;6,76%;534
321;;;65;2,11%;535
321;;;670;0,83%;538
321;;;1108;0,21%;539
321;;;24;0,07%;542
321;;;89;0,46%;543
321;;;139;0,06%;555
321;;;143;0,14%;556
321;;;807;0,01%;788
321;;;72;0,08%;834
321;;;138;0,00%;944
321;;;737;0,04%;1067
321;;;1072;0,08%;1072
321;;;142;0,55%;1081
321;;;26;0,37%;1087
321;;;37;1,14%;1089
321;;;106;1,34%;1101
321;;;108;0,15%;1199
321;;;42;0,05%;1280
321;;;121;4,50%;1287
321;;;13;0,23%;1545
321;;;49;2,23%;1551
321;;;1207;1,12%;1555
321;;;501;4,61%;1558
321;;;5;1,08%;1734
321;;;52;0,71%;1737
321;;;47;0,44%;2052
321;;;1041;0,03%;2237
321;;;92;0,00%;2251
321;;;8;5,05%;2346
321;;;128;0,07%;2401
321;;;70;0,00%;2728
321;;;75;0,01%;2730
321;;;59;0,48%;2733
321;;;112;0,48%;2873
321;;;601;0,00%;2877
321;;;19;2,30%;2880
321;;;610;0,00%;2883
321;;;54;0,61%;2884
321;;;1194;0,00%;2942
321;;;851;0,01%;3163
321;;;6;0,57%;3183
321;;;790;0,32%;3190
321;;;63;0,00%;3329
321;;;1244;1,23%;3330
321;;;132;0,13%;3334
321;;;94;0,07%;3372
321;;;649;0,02%;3442
321;;;715;0,19%;3444
321;;;96;0,77%;3447
321;;;141;0,27%;3509
321;;;120;0,87%;3545
321;;;1043;0,00%;3646
321;;;100;2,29%;3784
321;;;1257;0,00%;3786
321;;;68;0,00%;3960
321;;;582;1,18%;3988
321;;;81;0,01%;4232
321;;;79;0,13%;4560
321;;;256;0,42%;4594
321;;;69;0,44%;4598
321;;;45;0,06%;4638
321;;;1190;0,01%;4708
321;;;1286;0,00%;4720
321;;;130;0,73%;4729
321;;;276;0,00%;4767
321;;;28;2,23%;4768
321;;;57;0,02%;4769
321;;;60;8,61%;4770
321;;;76;1,48%;4771
321;;;123;0,43%;4772
321;;;1025;0,00%;4773
321;;;127;1,27%;4774
320;;;12;0,55%;10
320;;;29;0,00%;17
320;;;658;0,19%;19
320;;;715;0,19%;33
320;;;882;0,03%;35
320;;;1043;0,00%;48
320;;;457;0,30%;51
320;;;13;0,23%;79
320;;;48;0,44%;84
320;;;633;0,69%;98
320;;;592;0,11%;108
320;;;19;2,30%;115
320;;;28;2,23%;120
320;;;44;0,00%;124
320;;;66;0,03%;133
320;;;102;0,69%;138
320;;;909;0,96%;150
320;;;582;1,18%;151
320;;;112;0,48%;175
320;;;584;0,30%;182
320;;;57;0,02%;197
320;;;790;0,32%;205
320;;;567;0,67%;235
320;;;16;1,62%;255
320;;;141;0,27%;295
320;;;612;0,47%;304
320;;;120;0,87%;505
320;;;143;0,14%;508
320;;;85;7,63%;638
320;;;62;6,76%;953
320;;;689;0,47%;1253
320;;;139;0,06%;1376
320;;;286;0,00%;1481
320;;;5;1,08%;1688
320;;;26;0,37%;1696
320;;;96;0,77%;1753
320;;;34;0,13%;2301
320;;;47;0,44%;2447
320;;;107;0,28%;2462
320;;;426;0,01%;2520
320;;;130;0,73%;2523
320;;;94;0,07%;2529
320;;;142;0,55%;3230
320;;;132;0,13%;3527
320;;;128;0,07%;3535
320;;;60;8,61%;3673
320;;;234;0,27%;3732
320;;;851;0,01%;3797
320;;;1195;1,73%;3830
320;;;538;0,39%;3831
320;;;24;0,07%;3905
320;;;1290;0,00%;3916
320;;;108;0,15%;3937
320;;;111;0,63%;3938
320;;;737;0,04%;3939
320;;;54;0,61%;4761
320;;;79;0,13%;4762
320;;;59;0,48%;4763
320;;;106;1,34%;4764
320;;;1228;0,00%;4765
320;;;906;0,00%;4766
319;;;215;0,01%;2
319;;;12;0,55%;10
319;;;26;0,37%;16
319;;;29;0,00%;17
319;;;658;0,19%;19
319;;;77;0,07%;41
319;;;1043;0,00%;48
319;;;457;0,30%;51
319;;;737;0,04%;56
319;;;592;0,11%;69
319;;;143;0,14%;75
319;;;48;0,44%;84
319;;;129;0,20%;107
319;;;28;2,23%;120
319;;;66;0,03%;133
319;;;102;0,69%;138
319;;;582;1,18%;184
319;;;57;0,02%;197
319;;;141;0,27%;210
319;;;567;0,67%;235
319;;;65;2,11%;245
319;;;16;1,62%;255
319;;;33;0,14%;522
319;;;108;0,15%;972
319;;;689;0,47%;1253
319;;;18;0,21%;1479
319;;;8;5,05%;1743
319;;;62;6,76%;1747
319;;;111;0,63%;1752
319;;;96;0,77%;1753
319;;;139;0,06%;1754
319;;;34;0,13%;2301
319;;;47;0,44%;2447
319;;;633;0,69%;2456
319;;;501;4,61%;2461
319;;;107;0,28%;2462
319;;;5;1,08%;2495
319;;;120;0,87%;2510
319;;;426;0,01%;2520
319;;;612;0,47%;2689
319;;;142;0,55%;2718
319;;;54;0,61%;2762
319;;;52;0,71%;2817
319;;;60;8,61%;3523
319;;;132;0,13%;3527
319;;;128;0,07%;3535
319;;;234;0,27%;3732
319;;;851;0,01%;3797
319;;;17;0,19%;3823
319;;;53;0,00%;3829
319;;;79;0,13%;3902
319;;;24;0,07%;3905
319;;;1290;0,00%;3916
319;;;37;1,14%;4284
319;;;85;7,63%;4304
319;;;44;0,00%;4757
319;;;59;0,48%;4758
319;;;106;1,34%;4759
319;;;475;0,10%;4760
318;;;749;0,02%;34
318;;;5;1,08%;309
318;;;953;0,01%;426
318;;;17;0,19%;437
318;;;909;0,96%;478
318;;;66;0,03%;744
318;;;18;0,21%;818
318;;;584;0,30%;852
318;;;12;0,55%;859
318;;;47;0,44%;883
318;;;48;0,44%;884
318;;;59;0,48%;913
318;;;940;0,96%;927
318;;;790;0,32%;928
318;;;1072;0,08%;929
318;;;567;0,67%;935
318;;;127;1,27%;936
318;;;582;1,18%;937
318;;;130;0,73%;940
318;;;132;0,13%;942
318;;;138;0,00%;944
318;;;139;0,06%;948
318;;;30;0,03%;1122
318;;;94;0,07%;1127
318;;;96;0,77%;1285
318;;;102;0,69%;1522
318;;;501;4,61%;1527
318;;;16;1,62%;1566
318;;;1163;0,11%;1568
318;;;286;0,00%;1570
318;;;37;1,14%;1572
318;;;74;0,87%;1576
318;;;715;0,19%;1577
318;;;52;0,71%;1629
318;;;670;0,83%;1636
318;;;1195;1,73%;1652
318;;;141;0,27%;1656
318;;;390;0,00%;2069
318;;;27;0,05%;2126
318;;;43;0,00%;2130
318;;;49;2,23%;2131
318;;;454;0,18%;2142
318;;;107;0,28%;2148
318;;;106;1,34%;2170
318;;;92;0,00%;2251
318;;;69;0,44%;2255
318;;;80;0,00%;2257
318;;;762;0,59%;2259
318;;;966;0,25%;2471
318;;;19;2,30%;2830
318;;;689;0,47%;2858
318;;;76;1,48%;3114
318;;;142;0,55%;3266
318;;;23;0,82%;3269
318;;;29;0,00%;3271
318;;;54;0,61%;3278
318;;;63;0,00%;3282
318;;;89;0,46%;3290
318;;;1148;0,12%;3306
318;;;737;0,04%;3325
318;;;111;0,63%;3591
318;;;42;0,05%;3612
318;;;70;0,00%;3616
318;;;1257;0,00%;3786
318;;;1194;0,00%;4238
318;;;40;2,42%;4315
318;;;888;0,01%;4339
318;;;541;0,65%;4543
318;;;8;5,05%;4665
318;;;1190;0,01%;4666
318;;;649;0,02%;4667
318;;;79;0,13%;4676
318;;;6;0,57%;4733
318;;;231;0,18%;4734
318;;;13;0,23%;4735
318;;;256;0,42%;4736
318;;;658;0,19%;4737
318;;;34;0,13%;4738
318;;;610;0,00%;4739
318;;;44;0,00%;4740
318;;;769;0,30%;4741
318;;;57;0,02%;4742
318;;;62;6,76%;4743
318;;;67;0,00%;4744
318;;;1041;0,03%;4745
318;;;81;0,01%;4746
318;;;1244;1,23%;4747
318;;;100;2,29%;4748
318;;;633;0,69%;4749
318;;;123;0,43%;4750
318;;;114;1,46%;4751
318;;;851;0,01%;4752
318;;;118;0,39%;4753
318;;;120;0,87%;4754
318;;;121;4,50%;4755
318;;;708;0,00%;4756
316;;;215;0,01%;311
316;;;7;0,02%;312
316;;;234;0,27%;316
316;;;64;0,01%;318
316;;;12;0,55%;320
316;;;30;0,03%;334
316;;;56;0,00%;351
316;;;749;0,02%;357
316;;;65;2,11%;358
316;;;426;0,01%;374
316;;;612;0,47%;381
316;;;102;0,69%;384
316;;;633;0,69%;386
316;;;475;0,10%;388
316;;;584;0,30%;412
316;;;888;0,01%;425
316;;;953;0,01%;426
316;;;16;1,62%;436
316;;;40;2,42%;444
316;;;906;0,00%;484
316;;;1108;0,21%;539
316;;;24;0,07%;542
316;;;121;4,50%;550
316;;;143;0,14%;556
316;;;43;0,00%;724
316;;;53;0,00%;733
316;;;454;0,18%;763
316;;;737;0,04%;776
316;;;501;4,61%;781
316;;;807;0,01%;788
316;;;909;0,96%;795
316;;;72;0,08%;834
316;;;28;2,23%;869
316;;;77;0,07%;1066
316;;;1072;0,08%;1072
316;;;582;1,18%;1073
316;;;26;0,37%;1087
316;;;106;1,34%;1101
316;;;567;0,67%;1108
316;;;108;0,15%;1199
316;;;23;0,82%;1279
316;;;42;0,05%;1280
316;;;142;0,55%;1544
316;;;60;8,61%;1552
316;;;1207;1,12%;1555
316;;;1244;1,23%;1556
316;;;52;0,71%;1737
316;;;100;2,29%;1953
316;;;256;0,42%;1977
316;;;76;1,48%;2006
316;;;110;0,08%;2020
316;;;1089;0,04%;2021
316;;;47;0,44%;2052
316;;;1041;0,03%;2237
316;;;119;0,30%;2344
316;;;670;0,83%;2398
316;;;70;0,00%;2728
316;;;59;0,48%;2733
316;;;601;0,00%;2877
316;;;1194;0,00%;2942
316;;;851;0,01%;3163
316;;;790;0,32%;3190
316;;;63;0,00%;3329
316;;;132;0,13%;3334
316;;;94;0,07%;3372
316;;;1208;0,00%;3393
316;;;715;0,19%;3400
316;;;649;0,02%;3442
316;;;114;1,46%;3445
316;;;92;0,00%;3479
316;;;286;0,00%;3481
316;;;769;0,30%;3485
316;;;120;0,87%;3545
316;;;41;0,09%;3636
316;;;1151;0,00%;3697
316;;;966;0,25%;3707
316;;;661;0,24%;4327
316;;;129;0,20%;4338
316;;;1223;0,02%;4390
316;;;62;6,76%;4391
316;;;79;0,13%;4560
316;;;13;0,23%;4593
316;;;45;0,06%;4638
316;;;5;1,08%;4704
316;;;8;5,05%;4705
316;;;231;0,18%;4706
316;;;19;2,30%;4707
316;;;1190;0,01%;4708
316;;;37;1,14%;4709
316;;;610;0,00%;4710
316;;;48;0,44%;4711
316;;;49;2,23%;4712
316;;;57;0,02%;4713
316;;;882;0,03%;4714
316;;;1122;0,00%;4715
316;;;69;0,44%;4716
316;;;73;0,33%;4717
316;;;75;0,01%;4718
316;;;88;0,46%;4719
316;;;1286;0,00%;4720
316;;;457;0,30%;4721
316;;;105;0,21%;4722
316;;;123;0,43%;4723
316;;;112;0,48%;4724
316;;;1195;1,73%;4725
316;;;117;0,01%;4726
316;;;541;0,65%;4727
316;;;1114;0,00%;4728
316;;;130;0,73%;4729
316;;;591;0,02%;4730
316;;;708;0,00%;4731
316;;;139;0,06%;4732
315;;;26;0,37%;16
315;;;29;0,00%;17
315;;;73;0,33%;40
315;;;457;0,30%;51
315;;;143;0,14%;75
315;;;48;0,44%;84
315;;;114;1,46%;101
315;;;65;2,11%;132
315;;;582;1,18%;151
315;;;584;0,30%;182
315;;;16;1,62%;255
315;;;612;0,47%;304
315;;;85;7,63%;691
315;;;749;0,02%;1219
315;;;541;0,65%;1237
315;;;139;0,06%;1242
315;;;28;2,23%;1377
315;;;96;0,77%;1753
315;;;141;0,27%;2377
315;;;47;0,44%;2447
315;;;501;4,61%;2461
315;;;107;0,28%;2462
315;;;5;1,08%;2495
315;;;649;0,02%;2500
315;;;426;0,01%;2520
315;;;59;0,48%;2521
315;;;610;0,00%;2556
315;;;120;0,87%;3514
315;;;234;0,27%;3732
315;;;54;0,61%;3854
315;;;1290;0,00%;3916
315;;;658;0,19%;3931
315;;;105;0,21%;4189
315;;;8;5,05%;4581
315;;;142;0,55%;4661
315;;;52;0,71%;4698
315;;;62;6,76%;4699
315;;;74;0,87%;4700
315;;;1207;1,12%;4701
315;;;313;0,00%;4702
315;;;119;0,30%;4703
314;;;953;0,01%;426
314;;;45;0,06%;1425
314;;;1041;0,03%;2237
314;;;142;0,55%;2782
314;;;286;0,00%;2785
314;;;139;0,06%;2825
314;;;83;0,16%;2987
314;;;92;0,00%;3195
314;;;658;0,19%;3199
314;;;62;6,76%;3205
314;;;633;0,69%;3211
314;;;107;0,28%;3214
314;;;1072;0,08%;3216
314;;;582;1,18%;3219
314;;;601;0,00%;3438
314;;;16;1,62%;3450
314;;;34;0,13%;3454
314;;;85;7,63%;3455
314;;;888;0,01%;4339
314;;;26;0,37%;4377
314;;;28;2,23%;4636
314;;;669;0,34%;4637
314;;;100;2,29%;4650
314;;;106;1,34%;4652
314;;;121;4,50%;4654
314;;;708;0,00%;4657
314;;;8;5,05%;4686
314;;;19;2,30%;4687
314;;;40;2,42%;4688
314;;;48;0,44%;4689
314;;;769;0,30%;4690
314;;;60;8,61%;4691
314;;;1223;0,02%;4692
314;;;749;0,02%;4693
314;;;670;0,83%;4694
314;;;940;0,96%;4695
314;;;118;0,39%;4696
314;;;122;0,00%;4697
311;;;50;0,00%;411
311;;;953;0,01%;426
311;;;17;0,19%;437
311;;;909;0,96%;478
311;;;708;0,00%;485
311;;;62;6,76%;830
311;;;76;1,48%;836
311;;;47;0,44%;883
311;;;106;1,34%;917
311;;;737;0,04%;922
311;;;582;1,18%;937
311;;;132;0,13%;942
311;;;138;0,00%;944
311;;;94;0,07%;1127
311;;;16;1,62%;1566
311;;;1163;0,11%;1568
311;;;715;0,19%;1577
311;;;256;0,42%;1620
311;;;1195;1,73%;1652
311;;;670;0,83%;1676
311;;;215;0,01%;1856
311;;;43;0,00%;2130
311;;;92;0,00%;2251
311;;;80;0,00%;2257
311;;;114;1,46%;2354
311;;;658;0,19%;2834
311;;;457;0,30%;2847
311;;;83;0,16%;2987
311;;;567;0,67%;3304
311;;;1148;0,12%;3306
311;;;26;0,37%;3314
311;;;286;0,00%;3481
311;;;111;0,63%;3591
311;;;1257;0,00%;3786
311;;;116;0,00%;4107
311;;;888;0,01%;4119
311;;;29;0,00%;4213
311;;;1194;0,00%;4238
311;;;1228;0,00%;4333
311;;;601;0,00%;4472
311;;;12;0,55%;4505
311;;;34;0,13%;4506
311;;;54;0,61%;4510
311;;;52;0,71%;4531
311;;;1108;0,21%;4535
311;;;541;0,65%;4543
311;;;121;4,50%;4544
311;;;129;0,20%;4545
311;;;8;5,05%;4665
311;;;1190;0,01%;4666
311;;;649;0,02%;4667
311;;;28;2,23%;4668
311;;;40;2,42%;4669
311;;;42;0,05%;4670
311;;;769;0,30%;4671
311;;;57;0,02%;4672
311;;;1236;0,05%;4673
311;;;60;8,61%;4674
311;;;749;0,02%;4675
311;;;79;0,13%;4676
311;;;1244;1,23%;4677
311;;;100;2,29%;4678
311;;;123;0,43%;4679
311;;;107;0,28%;4680
311;;;584;0,30%;4681
311;;;127;1,27%;4682
311;;;592;0,11%;4683
311;;;689;0,47%;4684
311;;;1224;0,00%;4685
310;;;215;0,01%;2
310;;;12;0,55%;10
310;;;29;0,00%;17
310;;;658;0,19%;19
310;;;715;0,19%;33
310;;;77;0,07%;41
310;;;80;0,00%;43
310;;;457;0,30%;51
310;;;592;0,11%;69
310;;;708;0,00%;70
310;;;143;0,14%;75
310;;;13;0,23%;79
310;;;661;0,24%;91
310;;;129;0,20%;107
310;;;52;0,71%;126
310;;;65;2,11%;132
310;;;66;0,03%;133
310;;;851;0,01%;142
310;;;909;0,96%;150
310;;;582;1,18%;151
310;;;112;0,48%;175
310;;;584;0,30%;182
310;;;57;0,02%;197
310;;;790;0,32%;205
310;;;141;0,27%;210
310;;;16;1,62%;255
310;;;120;0,87%;505
310;;;475;0,10%;525
310;;;96;0,77%;575
310;;;689;0,47%;1253
310;;;633;0,69%;1497
310;;;26;0,37%;1696
310;;;8;5,05%;1743
310;;;139;0,06%;1754
310;;;1121;0,18%;2267
310;;;426;0,01%;2373
310;;;19;2,30%;2432
310;;;47;0,44%;2447
310;;;108;0,15%;2458
310;;;501;4,61%;2461
310;;;5;1,08%;2495
310;;;59;0,48%;2521
310;;;130;0,73%;2523
310;;;94;0,07%;2529
310;;;50;0,00%;2533
310;;;612;0,47%;2689
310;;;114;1,46%;2721
310;;;54;0,61%;2762
310;;;286;0,00%;2785
310;;;832;0,00%;2952
310;;;34;0,13%;3529
310;;;1165;0,00%;3532
310;;;53;0,00%;3829
310;;;822;0,00%;3855
310;;;111;0,63%;3859
310;;;127;1,27%;4293
310;;;60;8,61%;4301
310;;;142;0,55%;4661
310;;;23;0,82%;4662
310;;;28;2,23%;4663
310;;;85;7,63%;4664
309;;;142;0,55%;1044
309;;;16;1,62%;1391
309;;;8;5,05%;1666
309;;;40;2,42%;2702
309;;;60;8,61%;4658
309;;;62;6,76%;4659
309;;;100;2,29%;4660
308;;;579;0,03%;315
308;;;953;0,01%;426
308;;;26;0,37%;715
308;;;76;1,48%;2006
308;;;68;0,00%;2191
308;;;1041;0,03%;2237
308;;;114;1,46%;2721
308;;;12;0,55%;2767
308;;;142;0,55%;2782
308;;;286;0,00%;2785
308;;;139;0,06%;2825
308;;;799;0,04%;3119
308;;;689;0,47%;3131
308;;;8;5,05%;3193
308;;;92;0,00%;3195
308;;;658;0,19%;3199
308;;;633;0,69%;3211
308;;;107;0,28%;3214
308;;;1072;0,08%;3216
308;;;582;1,18%;3219
308;;;454;0,18%;3412
308;;;16;1,62%;3450
308;;;19;2,30%;3451
308;;;85;7,63%;3455
308;;;65;2,11%;3461
308;;;112;0,48%;3469
308;;;790;0,32%;3471
308;;;13;0,23%;3737
308;;;612;0,47%;4091
308;;;83;0,16%;4397
308;;;231;0,18%;4635
308;;;28;2,23%;4636
308;;;669;0,34%;4637
308;;;45;0,06%;4638
308;;;769;0,30%;4639
308;;;60;8,61%;4640
308;;;1223;0,02%;4641
308;;;62;6,76%;4642
308;;;390;0,00%;4643
308;;;70;0,00%;4644
308;;;670;0,83%;4645
308;;;661;0,24%;4646
308;;;24;0,07%;4647
308;;;89;0,46%;4648
308;;;1244;1,23%;4649
308;;;100;2,29%;4650
308;;;105;0,21%;4651
308;;;106;1,34%;4652
308;;;118;0,39%;4653
308;;;121;4,50%;4654
308;;;129;0,20%;4655
308;;;132;0,13%;4656
308;;;708;0,00%;4657
307;;;579;0,03%;6
307;;;12;0,55%;10
307;;;29;0,00%;17
307;;;658;0,19%;19
307;;;715;0,19%;33
307;;;80;0,00%;43
307;;;1043;0,00%;48
307;;;457;0,30%;51
307;;;737;0,04%;56
307;;;143;0,14%;75
307;;;13;0,23%;79
307;;;68;0,00%;89
307;;;129;0,20%;107
307;;;592;0,11%;108
307;;;65;2,11%;132
307;;;107;0,28%;143
307;;;909;0,96%;150
307;;;582;1,18%;151
307;;;114;1,46%;176
307;;;584;0,30%;182
307;;;790;0,32%;205
307;;;120;0,87%;505
307;;;33;0,14%;522
307;;;37;1,14%;570
307;;;142;0,55%;631
307;;;60;8,61%;690
307;;;92;0,00%;951
307;;;689;0,47%;1253
307;;;28;2,23%;1377
307;;;62;6,76%;1380
307;;;85;7,63%;1381
307;;;18;0,21%;1479
307;;;48;0,44%;1482
307;;;26;0,37%;1696
307;;;100;2,29%;1727
307;;;139;0,06%;1754
307;;;34;0,13%;2301
307;;;19;2,30%;2432
307;;;501;4,61%;2461
307;;;5;1,08%;2495
307;;;59;0,48%;2521
307;;;27;0,05%;2526
307;;;16;1,62%;2539
307;;;426;0,01%;2690
307;;;23;0,82%;2907
307;;;47;0,44%;3201
307;;;96;0,77%;3678
307;;;111;0,63%;3826
307;;;1195;1,73%;3830
307;;;538;0,39%;3831
307;;;79;0,13%;3902
307;;;123;0,43%;3907
307;;;8;5,05%;3942
307;;;567;0,67%;3951
307;;;105;0,21%;4189
307;;;1220;0,14%;4622
307;;;30;0,03%;4623
307;;;43;0,00%;4624
307;;;52;0,71%;4625
307;;;69;0,44%;4626
307;;;77;0,07%;4627
307;;;76;1,48%;4628
307;;;89;0,46%;4629
307;;;1244;1,23%;4630
307;;;762;0,59%;4631
307;;;106;1,34%;4632
307;;;118;0,39%;4633
307;;;128;0,07%;4634
306;;;579;0,03%;6
306;;;73;0,33%;40
306;;;79;0,13%;42
306;;;52;0,71%;163
306;;;669;0,34%;262
306;;;130;0,73%;1733
306;;;141;0,27%;2377
306;;;18;0,21%;2997
306;;;92;0,00%;2998
306;;;286;0,00%;3001
306;;;120;0,87%;3008
306;;;567;0,67%;3009
306;;;582;1,18%;3010
306;;;128;0,07%;3011
306;;;114;1,46%;3150
306;;;584;0,30%;3226
306;;;108;0,15%;3558
306;;;106;1,34%;3752
306;;;911;0,00%;4066
306;;;22;0,00%;4178
306;;;57;0,02%;4183
306;;;60;8,61%;4184
306;;;105;0,21%;4189
306;;;132;0,13%;4279
306;;;1070;0,00%;4604
306;;;13;0,23%;4605
306;;;16;1,62%;4606
306;;;26;0,37%;4607
306;;;27;0,05%;4608
306;;;28;2,23%;4609
306;;;37;1,14%;4610
306;;;42;0,05%;4611
306;;;47;0,44%;4612
306;;;887;0,00%;4613
306;;;65;2,11%;4614
306;;;1244;1,23%;4615
306;;;846;0,00%;4616
306;;;111;0,63%;4617
306;;;827;0,00%;4618
306;;;807;0,01%;4619
306;;;118;0,39%;4620
306;;;840;0,00%;4621
304;;;12;0,55%;10
304;;;26;0,37%;16
304;;;29;0,00%;17
304;;;658;0,19%;19
304;;;1043;0,00%;48
304;;;457;0,30%;51
304;;;737;0,04%;56
304;;;13;0,23%;79
304;;;16;1,62%;80
304;;;48;0,44%;84
304;;;100;2,29%;95
304;;;114;1,46%;101
304;;;129;0,20%;107
304;;;592;0,11%;108
304;;;23;0,82%;118
304;;;52;0,71%;126
304;;;66;0,03%;133
304;;;102;0,69%;138
304;;;584;0,30%;182
304;;;790;0,32%;205
304;;;65;2,11%;245
304;;;42;0,05%;290
304;;;612;0,47%;304
304;;;69;0,44%;501
304;;;143;0,14%;508
304;;;689;0,47%;1189
304;;;5;1,08%;1688
304;;;18;0,21%;1693
304;;;139;0,06%;1754
304;;;426;0,01%;2373
304;;;141;0,27%;2377
304;;;19;2,30%;2432
304;;;47;0,44%;2447
304;;;108;0,15%;2458
304;;;107;0,28%;2462
304;;;661;0,24%;2505
304;;;120;0,87%;2510
304;;;54;0,61%;2762
304;;;118;0,39%;3519
304;;;60;8,61%;3523
304;;;132;0,13%;3527
304;;;128;0,07%;3535
304;;;234;0,27%;3732
304;;;851;0,01%;3797
304;;;53;0,00%;3829
304;;;1195;1,73%;3830
304;;;77;0,07%;3901
304;;;79;0,13%;3902
304;;;85;7,63%;3903
304;;;822;0,00%;4199
304;;;62;6,76%;4280
304;;;112;0,48%;4283
304;;;27;0,05%;4439
304;;;8;5,05%;4602
304;;;111;0,63%;4603
302;;;215;0,01%;311
302;;;7;0,02%;312
302;;;48;0,44%;344
302;;;53;0,00%;347
302;;;77;0,07%;364
302;;;661;0,24%;371
302;;;1072;0,08%;402
302;;;592;0,11%;422
302;;;40;2,42%;444
302;;;123;0,43%;464
302;;;132;0,13%;483
302;;;769;0,30%;532
302;;;670;0,83%;538
302;;;1108;0,21%;539
302;;;114;1,46%;546
302;;;107;0,28%;547
302;;;143;0,14%;556
302;;;807;0,01%;788
302;;;142;0,55%;1081
302;;;37;1,14%;1089
302;;;57;0,02%;1093
302;;;106;1,34%;1101
302;;;567;0,67%;1108
302;;;108;0,15%;1199
302;;;130;0,73%;1542
302;;;410;0,00%;1554
302;;;52;0,71%;1737
302;;;47;0,44%;2052
302;;;1041;0,03%;2237
302;;;92;0,00%;2251
302;;;65;2,11%;2639
302;;;70;0,00%;2728
302;;;59;0,48%;2733
302;;;60;8,61%;2868
302;;;112;0,48%;2873
302;;;121;4,50%;2874
302;;;102;0,69%;3161
302;;;63;0,00%;3329
302;;;94;0,07%;3372
302;;;126;0,00%;3448
302;;;141;0,27%;3509
302;;;8;5,05%;3781
302;;;610;0,00%;3979
302;;;13;0,23%;4593
302;;;256;0,42%;4594
302;;;18;0,21%;4595
302;;;1190;0,01%;4596
302;;;54;0,61%;4597
302;;;69;0,44%;4598
302;;;1242;;4599
302;;;100;2,29%;4600
302;;;127;1,27%;4601
301;;;584;0,30%;412
301;;;670;0,83%;538
301;;;143;0,14%;556
301;;;737;0,04%;776
301;;;807;0,01%;788
301;;;37;1,14%;874
301;;;94;0,07%;1127
301;;;59;0,48%;2733
301;;;457;0,30%;2847
301;;;601;0,00%;2877
301;;;100;2,29%;3189
301;;;582;1,18%;3219
301;;;909;0,96%;3475
301;;;769;0,30%;4073
301;;;54;0,61%;4510
301;;;8;5,05%;4586
301;;;16;1,62%;4587
301;;;62;6,76%;4588
301;;;65;2,11%;4589
301;;;81;0,01%;4590
301;;;85;7,63%;4591
301;;;1244;1,23%;4592
300;;;26;0,37%;16
300;;;658;0,19%;19
300;;;715;0,19%;33
300;;;882;0,03%;35
300;;;457;0,30%;51
300;;;592;0,11%;69
300;;;143;0,14%;75
300;;;128;0,07%;106
300;;;129;0,20%;107
300;;;16;1,62%;113
300;;;28;2,23%;120
300;;;60;8,61%;130
300;;;65;2,11%;132
300;;;12;0,55%;157
300;;;29;0,00%;159
300;;;79;0,13%;200
300;;;790;0,32%;205
300;;;141;0,27%;210
300;;;106;1,34%;228
300;;;142;0,55%;631
300;;;108;0,15%;972
300;;;85;7,63%;1440
300;;;286;0,00%;1481
300;;;48;0,44%;1482
300;;;102;0,69%;1506
300;;;139;0,06%;1754
300;;;34;0,13%;2301
300;;;62;6,76%;2494
300;;;426;0,01%;2520
300;;;59;0,48%;2521
300;;;52;0,71%;2541
300;;;633;0,69%;2545
300;;;612;0,47%;2689
300;;;23;0,82%;2907
300;;;130;0,73%;3515
300;;;234;0,27%;3732
300;;;49;2,23%;3791
300;;;601;0,00%;3799
300;;;582;1,18%;3817
300;;;77;0,07%;3901
300;;;120;0,87%;3928
300;;;584;0,30%;3929
300;;;8;5,05%;4581
300;;;13;0,23%;4582
300;;;54;0,61%;4583
300;;;66;0,03%;4584
300;;;69;0,44%;4585
299;;;13;0,23%;119
299;;;141;0,27%;688
299;;;33;0,14%;1158
299;;;492;2,34%;1272
299;;;94;0,07%;1305
299;;;93;0,04%;1768
299;;;72;0,08%;2045
299;;;12;0,55%;2265
299;;;107;0,28%;2600
299;;;234;0,27%;3732
299;;;17;0,19%;3990
299;;;60;8,61%;4041
299;;;96;0,77%;4464
299;;;8;5,05%;4567
299;;;142;0,55%;4568
299;;;26;0,37%;4569
299;;;30;0,03%;4570
299;;;658;0,19%;4571
299;;;48;0,44%;4572
299;;;52;0,71%;4573
299;;;62;6,76%;4574
299;;;85;7,63%;4575
299;;;111;0,63%;4576
299;;;114;1,46%;4577
299;;;121;4,50%;4578
299;;;909;0,96%;4579
299;;;130;0,73%;4580
298;;;579;0,03%;6
298;;;83;0,16%;45
298;;;215;0,01%;311
298;;;7;0,02%;312
298;;;12;0,55%;320
298;;;1163;0,11%;327
298;;;53;0,00%;347
298;;;749;0,02%;357
298;;;77;0,07%;364
298;;;416;0,24%;369
298;;;661;0,24%;371
298;;;426;0,01%;374
298;;;612;0,47%;381
298;;;102;0,69%;384
298;;;584;0,30%;412
298;;;592;0,11%;422
298;;;16;1,62%;436
298;;;17;0,19%;437
298;;;40;2,42%;444
298;;;132;0,13%;483
298;;;906;0,00%;484
298;;;15;0,02%;528
298;;;769;0,30%;532
298;;;1108;0,21%;539
298;;;582;1,18%;553
298;;;139;0,06%;555
298;;;143;0,14%;556
298;;;708;0,00%;779
298;;;737;0,04%;1067
298;;;106;1,34%;1101
298;;;37;1,14%;1196
298;;;108;0,15%;1199
298;;;23;0,82%;1279
298;;;80;0,00%;1535
298;;;661;0,24%;1536
298;;;13;0,23%;1545
298;;;49;2,23%;1551
298;;;410;0,00%;1554
298;;;1244;1,23%;1556
298;;;715;0,19%;1577
298;;;5;1,08%;1734
298;;;658;0,19%;1946
298;;;47;0,44%;2052
298;;;1041;0,03%;2237
298;;;92;0,00%;2251
298;;;501;4,61%;2343
298;;;60;8,61%;2378
298;;;1190;0,01%;2396
298;;;670;0,83%;2398
298;;;142;0,55%;2626
298;;;610;0,00%;2634
298;;;19;2,30%;2722
298;;;811;0,02%;2727
298;;;70;0,00%;2728
298;;;75;0,01%;2730
298;;;59;0,48%;2733
298;;;25;0,00%;2831
298;;;457;0,30%;2847
298;;;54;0,61%;2867
298;;;112;0,48%;2873
298;;;121;4,50%;2874
298;;;1025;0,00%;2875
298;;;601;0,00%;2877
298;;;129;0,20%;2995
298;;;790;0,32%;3190
298;;;1148;0,12%;3306
298;;;63;0,00%;3329
298;;;567;0,67%;3333
298;;;649;0,02%;3442
298;;;126;0,00%;3448
298;;;141;0,27%;3509
298;;;89;0,46%;3540
298;;;120;0,87%;3545
298;;;69;0,44%;3642
298;;;8;5,05%;3781
298;;;48;0,44%;3980
298;;;475;0,10%;4173
298;;;256;0,42%;4525
298;;;64;0,01%;4554
298;;;28;2,23%;4555
298;;;52;0,71%;4556
298;;;62;6,76%;4557
298;;;390;0,00%;4558
298;;;66;0,03%;4559
298;;;79;0,13%;4560
298;;;76;1,48%;4561
298;;;100;2,29%;4562
298;;;851;0,01%;4563
298;;;1195;1,73%;4564
298;;;107;0,28%;4565
298;;;122;0,00%;4566
294;;;26;0,33%;16
294;;;29;0,00%;17
294;;;79;0,14%;42
294;;;1043;0,00%;48
294;;;130;0,72%;67
294;;;661;0,24%;91
294;;;129;0,22%;107
294;;;44;0,00%;124
294;;;102;0,67%;138
294;;;112;0,52%;175
294;;;120;0,86%;505
294;;;475;0,12%;525
294;;;108;0,10%;972
294;;;139;0,06%;1376
294;;;5;1,14%;1688
294;;;34;0,15%;2301
294;;;426;0,01%;2373
294;;;107;0,29%;2462
294;;;94;0,08%;2529
294;;;16;1,50%;2539
294;;;52;0,70%;2541
294;;;658;0,16%;2553
294;;;62;6,56%;3170
294;;;1195;1,73%;3830
294;;;909;0,93%;3952
294;;;8;5,00%;4547
294;;;142;0,51%;4548
294;;;40;2,42%;4549
294;;;54;0,62%;4550
294;;;390;0,00%;4551
294;;;106;1,33%;4552
294;;;884;0,00%;4553
293;;;579;0,04%;315
293;;;953;0,01%;426
293;;;17;0,18%;437
293;;;708;0,00%;779
293;;;16;1,50%;815
293;;;68;0,00%;832
293;;;69;0,45%;833
293;;;76;1,55%;836
293;;;584;0,29%;852
293;;;64;0,01%;858
293;;;12;0,51%;859
293;;;33;0,14%;864
293;;;37;1,25%;874
293;;;95;0,02%;926
293;;;100;2,28%;1646
293;;;141;0,29%;1656
293;;;670;0,84%;1676
293;;;94;0,08%;1869
293;;;27;0,07%;2126
293;;;62;6,56%;2167
293;;;457;0,32%;2847
293;;;811;0,02%;3280
293;;;49;2,32%;3317
293;;;77;0,06%;3319
293;;;126;0,00%;3448
293;;;65;2,21%;3640
293;;;231;0,19%;3681
293;;;1151;0,00%;3697
293;;;80;0,00%;4088
293;;;142;0,51%;4444
293;;;582;1,20%;4468
293;;;8;5,00%;4523
293;;;234;0,27%;4524
293;;;256;0,37%;4525
293;;;28;2,20%;4526
293;;;34;0,15%;4527
293;;;40;2,42%;4528
293;;;47;0,53%;4529
293;;;769;0,31%;4530
293;;;52;0,70%;4531
293;;;60;8,87%;4532
293;;;390;0,00%;4533
293;;;66;0,03%;4534
293;;;1108;0,20%;4535
293;;;81;0,02%;4536
293;;;612;0,55%;4537
293;;;426;0,01%;4538
293;;;1194;0,00%;4539
293;;;105;0,23%;4540
293;;;112;0,52%;4541
293;;;807;0,02%;4542
293;;;541;0,69%;4543
293;;;121;4,72%;4544
293;;;129;0,22%;4545
293;;;601;0,00%;4546
292;;;579;0,04%;6
292;;;1043;0,00%;48
292;;;584;0,29%;412
292;;;592;0,11%;422
292;;;18;0,22%;438
292;;;769;0,31%;532
292;;;143;0,14%;556
292;;;708;0,00%;779
292;;;62;6,56%;830
292;;;27;0,07%;868
292;;;48;0,43%;884
292;;;138;0,00%;944
292;;;142;0,51%;1044
292;;;13;0,22%;1046
292;;;76;1,55%;1052
292;;;89;0,46%;1053
292;;;100;2,28%;1054
292;;;128;0,07%;1060
292;;;94;0,08%;1127
292;;;16;1,50%;1391
292;;;37;1,25%;1393
292;;;60;8,87%;1396
292;;;114;1,77%;1401
292;;;96;0,76%;1403
292;;;130;0,72%;1542
292;;;1022;0,00%;1565
292;;;1163;0,12%;1568
292;;;715;0,17%;1577
292;;;108;0,10%;1585
292;;;8;5,00%;1666
292;;;19;2,27%;1667
292;;;106;1,33%;2073
292;;;121;4,72%;2076
292;;;1041;0,03%;2237
292;;;123;0,40%;2704
292;;;70;0,00%;2728
292;;;75;0,01%;2730
292;;;25;0,00%;2831
292;;;658;0,16%;2834
292;;;457;0,32%;2847
292;;;1025;0,00%;2875
292;;;601;0,00%;2877
292;;;21;0,00%;3268
292;;;1148;0,11%;3306
292;;;77;0,06%;3319
292;;;661;0,24%;3322
292;;;737;0,04%;3325
292;;;567;0,69%;3333
292;;;132;0,13%;3334
292;;;141;0,29%;3509
292;;;120;0,86%;3545
292;;;53;0,00%;3676
292;;;69;0,45%;4166
292;;;29;0,00%;4213
292;;;6;0,56%;4504
292;;;12;0,51%;4505
292;;;34;0,15%;4506
292;;;42;0,06%;4507
292;;;610;0,00%;4508
292;;;52;0,70%;4509
292;;;54;0,62%;4510
292;;;24;0,09%;4511
292;;;1244;1,17%;4512
292;;;59;0,50%;4513
292;;;501;4,04%;4514
292;;;116;0,00%;4515
292;;;107;0,29%;4516
292;;;1009;0,00%;4517
292;;;541;0,69%;4518
292;;;884;0,00%;4519
292;;;118;0,44%;4520
292;;;127;1,37%;4521
292;;;129;0,22%;4522
290;;;579;0,03%;6
290;;;83;0,16%;45
290;;;215;0,01%;311
290;;;7;0,02%;312
290;;;12;0,55%;320
290;;;16;1,62%;321
290;;;256;0,42%;323
290;;;1163;0,11%;327
290;;;649;0,02%;332
290;;;37;1,14%;337
290;;;749;0,02%;357
290;;;69;0,44%;361
290;;;81;0,01%;368
290;;;426;0,01%;374
290;;;612;0,47%;381
290;;;454;0,18%;382
290;;;102;0,69%;384
290;;;475;0,10%;388
290;;;1072;0,08%;402
290;;;129;0,20%;417
290;;;592;0,11%;422
290;;;111;0,63%;465
290;;;567;0,67%;477
290;;;708;0,00%;485
290;;;769;0,30%;532
290;;;1108;0,21%;539
290;;;143;0,14%;556
290;;;807;0,01%;788
290;;;72;0,08%;834
290;;;582;1,18%;1073
290;;;57;0,02%;1093
290;;;142;0,55%;1192
290;;;108;0,15%;1199
290;;;130;0,73%;1542
290;;;52;0,71%;1737
290;;;110;0,08%;2020
290;;;47;0,44%;2052
290;;;62;6,76%;2053
290;;;1041;0,03%;2237
290;;;128;0,07%;2356
290;;;33;0,14%;2629
290;;;65;2,11%;2639
290;;;139;0,06%;2656
290;;;70;0,00%;2728
290;;;25;0,00%;2831
290;;;1223;0,02%;2837
290;;;1025;0,00%;2875
290;;;601;0,00%;2877
290;;;28;2,23%;2894
290;;;851;0,01%;3163
290;;;737;0,04%;3325
290;;;94;0,07%;3372
290;;;112;0,48%;3420
290;;;92;0,00%;3479
290;;;41;0,09%;3636
290;;;54;0,61%;3637
290;;;501;4,61%;3968
290;;;966;0,25%;3974
290;;;48;0,44%;3980
290;;;93;0,04%;4211
290;;;27;0,05%;4492
290;;;34;0,13%;4493
290;;;610;0,00%;4494
290;;;49;2,23%;4495
290;;;822;0,00%;4496
290;;;60;8,61%;4497
290;;;88;0,46%;4498
290;;;1244;1,23%;4499
290;;;59;0,48%;4500
290;;;119;0,30%;4501
290;;;909;0,96%;4502
290;;;141;0,27%;4503
289;;;579;0,04%;6
289;;;87;0,29%;377
289;;;13;0,22%;644
289;;;457;0,32%;672
289;;;102;0,67%;673
289;;;121;4,72%;683
289;;;708;0,00%;779
289;;;89;0,46%;1053
289;;;24;0,09%;1172
289;;;689;0,50%;1319
289;;;120;0,86%;1354
289;;;141;0,29%;1362
289;;;25;0,00%;1548
289;;;93;0,04%;1768
289;;;52;0,70%;1887
289;;;33;0,14%;2044
289;;;12;0,51%;2265
289;;;26;0,33%;2313
289;;;27;0,07%;2314
289;;;75;0,01%;2323
289;;;567;0,69%;2333
289;;;60;8,87%;2378
289;;;454;0,18%;2388
289;;;610;0,00%;2584
289;;;661;0,24%;2616
289;;;123;0,40%;2618
289;;;658;0,16%;2834
289;;;1223;0,03%;2837
289;;;736;0,00%;2859
289;;;909;0,93%;3656
289;;;53;0,00%;3715
289;;;76;1,55%;3719
289;;;59;0,50%;3720
289;;;127;1,37%;3729
289;;;234;0,27%;3732
289;;;17;0,18%;3990
289;;;475;0,12%;4267
289;;;96;0,76%;4464
289;;;6;0,56%;4473
289;;;8;5,00%;4474
289;;;142;0,51%;4475
289;;;16;1,50%;4476
289;;;28;2,20%;4477
289;;;37;1,25%;4478
289;;;40;2,42%;4479
289;;;42;0,06%;4480
289;;;769;0,31%;4481
289;;;793;0,11%;4482
289;;;62;6,56%;4483
289;;;80;0,00%;4484
289;;;1244;1,17%;4485
289;;;111;0,55%;4486
289;;;737;0,04%;4487
289;;;114;1,77%;4488
289;;;118;0,44%;4489
289;;;582;1,20%;4490
289;;;130;0,72%;4491
288;;;1043;0,00%;48
288;;;953;0,01%;426
288;;;1108;0,20%;539
288;;;501;4,04%;615
288;;;26;0,33%;715
288;;;81;0,02%;755
288;;;807;0,02%;788
288;;;909;0,93%;795
288;;;141;0,29%;1362
288;;;1163;0,12%;1568
288;;;1014;0,00%;1804
288;;;121;4,72%;2152
288;;;25;0,00%;2831
288;;;1223;0,03%;2837
288;;;286;0,00%;3097
288;;;102;0,67%;3587
288;;;42;0,06%;3612
288;;;610;0,00%;3683
288;;;37;1,25%;4215
288;;;40;2,42%;4315
288;;;1228;0,00%;4333
288;;;658;0,16%;4379
288;;;8;5,00%;4443
288;;;142;0,51%;4444
288;;;231;0,19%;4445
288;;;12;0,51%;4446
288;;;16;1,50%;4447
288;;;23;1,22%;4448
288;;;28;2,20%;4449
288;;;34;0,15%;4450
288;;;52;0,70%;4451
288;;;60;8,87%;4452
288;;;65;2,21%;4453
288;;;94;0,08%;4454
288;;;390;0,00%;4455
288;;;66;0,03%;4456
288;;;426;0,01%;4457
288;;;89;0,46%;4458
288;;;1194;0,00%;4459
288;;;106;1,33%;4460
288;;;1151;0,00%;4461
288;;;114;1,77%;4462
288;;;107;0,29%;4463
288;;;96;0,76%;4464
288;;;541;0,69%;4465
288;;;118;0,44%;4466
288;;;120;0,86%;4467
288;;;582;1,20%;4468
288;;;128;0,07%;4469
288;;;129;0,22%;4470
288;;;966;0,24%;4471
288;;;601;0,00%;4472
287;;;215;0,01%;2
287;;;12;0,55%;10
287;;;26;0,37%;16
287;;;29;0,00%;17
287;;;715;0,19%;33
287;;;882;0,03%;35
287;;;80;0,00%;43
287;;;1043;0,00%;48
287;;;457;0,30%;51
287;;;737;0,04%;56
287;;;592;0,11%;69
287;;;689;0,47%;71
287;;;13;0,23%;79
287;;;16;1,62%;80
287;;;48;0,44%;84
287;;;68;0,00%;89
287;;;100;2,29%;95
287;;;128;0,07%;106
287;;;129;0,20%;107
287;;;23;0,82%;118
287;;;28;2,23%;120
287;;;65;2,11%;132
287;;;66;0,03%;133
287;;;102;0,69%;138
287;;;582;1,18%;151
287;;;69;0,44%;168
287;;;112;0,48%;175
287;;;584;0,30%;182
287;;;106;1,34%;203
287;;;790;0,32%;205
287;;;475;0,10%;525
287;;;25;0,00%;559
287;;;96;0,77%;575
287;;;142;0,55%;631
287;;;658;0,19%;967
287;;;5;1,08%;1499
287;;;60;8,61%;1746
287;;;111;0,63%;1752
287;;;139;0,06%;1754
287;;;426;0,01%;2373
287;;;52;0,71%;2417
287;;;19;2,30%;2432
287;;;47;0,44%;2447
287;;;909;0,96%;2467
287;;;649;0,02%;2500
287;;;120;0,87%;2510
287;;;130;0,73%;2523
287;;;37;1,14%;2527
287;;;50;0,00%;2533
287;;;93;0,04%;2752
287;;;54;0,61%;2762
287;;;132;0,13%;3527
287;;;234;0,27%;3732
287;;;851;0,01%;3797
287;;;8;5,05%;3828
287;;;1195;1,73%;3830
287;;;538;0,39%;3831
287;;;79;0,13%;3902
287;;;123;0,43%;3907
287;;;77;0,07%;3921
287;;;1190;0,01%;3930
287;;;108;0,15%;3937
287;;;141;0,27%;3941
287;;;85;7,63%;4198
287;;;59;0,48%;4297
287;;;22;0,00%;4438
287;;;27;0,05%;4439
287;;;1290;0,00%;4440
287;;;62;6,76%;4441
287;;;107;0,28%;4442
284;;;215;0,01%;2
284;;;12;0,51%;10
284;;;29;0,00%;17
284;;;658;0,16%;19
284;;;715;0,17%;33
284;;;457;0,32%;51
284;;;737;0,04%;56
284;;;592;0,11%;69
284;;;13;0,22%;79
284;;;256;0,37%;81
284;;;129;0,22%;107
284;;;16;1,50%;113
284;;;28;2,20%;120
284;;;52;0,70%;126
284;;;60;8,87%;130
284;;;66;0,03%;133
284;;;102;0,67%;138
284;;;851;0,01%;142
284;;;584;0,29%;182
284;;;79;0,14%;200
284;;;106;1,33%;203
284;;;790;0,27%;205
284;;;121;4,72%;208
284;;;141;0,29%;210
284;;;123;0,40%;229
284;;;69;0,45%;501
284;;;143;0,14%;508
284;;;25;0,00%;559
284;;;689;0,50%;1253
284;;;48;0,43%;1503
284;;;5;1,14%;1688
284;;;26;0,33%;1696
284;;;57;0,02%;1745
284;;;612;0,55%;1748
284;;;139;0,06%;1754
284;;;34;0,15%;2301
284;;;426;0,01%;2373
284;;;8;5,00%;2429
284;;;19;2,27%;2432
284;;;47;0,53%;2447
284;;;661;0,24%;2505
284;;;27;0,07%;2526
284;;;94;0,08%;2529
284;;;54;0,62%;2762
284;;;23;1,22%;2907
284;;;100;2,28%;2937
284;;;128;0,07%;3535
284;;;95;0,02%;3677
284;;;96;0,76%;3678
284;;;234;0,27%;3732
284;;;17;0,18%;3823
284;;;1224;0,00%;3827
284;;;53;0,00%;3829
284;;;1195;1,73%;3830
284;;;538;0,43%;3831
284;;;120;0,86%;3848
284;;;822;0,00%;4199
284;;;62;6,56%;4280
284;;;112;0,52%;4283
284;;;37;1,25%;4284
284;;;92;0,00%;4435
284;;;65;2,21%;4436
284;;;85;7,81%;4437
284;;;132;0,13%;
283;;;12;0,51%;10
283;;;29;0,00%;17
283;;;658;0,16%;19
283;;;882;0,03%;35
283;;;77;0,06%;41
283;;;80;0,00%;43
283;;;1043;0,00%;48
283;;;737;0,04%;56
283;;;129;0,22%;107
283;;;592;0,11%;108
283;;;28;2,20%;120
283;;;66;0,03%;133
283;;;102;0,67%;138
283;;;851;0,01%;142
283;;;909;0,93%;150
283;;;112;0,52%;175
283;;;582;1,20%;184
283;;;79;0,14%;200
283;;;790;0,27%;205
283;;;123;0,40%;229
283;;;120;0,86%;505
283;;;475;0,12%;525
283;;;689;0,50%;1253
283;;;139;0,06%;1376
283;;;286;0,00%;1481
283;;;34;0,15%;2301
283;;;426;0,01%;2373
283;;;19;2,27%;2432
283;;;47;0,53%;2447
283;;;108;0,10%;2458
283;;;107;0,29%;2462
283;;;5;1,14%;2495
283;;;59;0,50%;2521
283;;;130;0,72%;2523
283;;;27;0,07%;2526
283;;;94;0,08%;2529
283;;;612;0,55%;2531
283;;;54;0,62%;2762
283;;;132;0,13%;3527
283;;;128;0,07%;3535
283;;;234;0,27%;3732
283;;;49;2,32%;3791
283;;;62;6,56%;4195
282;;;12;0,51%;10
282;;;29;0,00%;17
282;;;658;0,16%;19
282;;;715;0,17%;33
282;;;882;0,03%;35
282;;;65;2,21%;36
282;;;77;0,06%;41
282;;;1043;0,00%;48
282;;;457;0,32%;51
282;;;737;0,04%;56
282;;;592;0,11%;69
282;;;689;0,50%;71
282;;;13;0,22%;79
282;;;16;1,50%;80
282;;;48;0,43%;84
282;;;100;2,28%;95
282;;;129;0,22%;107
282;;;28;2,20%;120
282;;;52;0,70%;126
282;;;851;0,01%;142
282;;;582;1,20%;151
282;;;112;0,52%;175
282;;;584;0,29%;182
282;;;57;0,02%;197
282;;;79;0,14%;200
282;;;106;1,33%;203
282;;;790;0,27%;205
282;;;121;4,72%;208
282;;;123;0,40%;229
282;;;141;0,29%;295
282;;;612;0,55%;304
282;;;69;0,45%;501
282;;;143;0,14%;508
282;;;142;0,51%;631
282;;;85;7,81%;638
282;;;66;0,03%;1249
282;;;286;0,00%;1481
282;;;5;1,14%;1688
282;;;60;8,87%;1746
282;;;111;0,55%;1752
282;;;139;0,06%;1754
282;;;34;0,15%;2301
282;;;426;0,01%;2373
282;;;8;5,00%;2429
282;;;19;2,27%;2432
282;;;47;0,53%;2447
282;;;633;0,33%;2456
282;;;108;0,10%;2458
282;;;107;0,29%;2462
282;;;649;0,01%;2500
282;;;661;0,24%;2505
282;;;120;0,86%;2510
282;;;59;0,50%;2521
282;;;130;0,72%;2523
282;;;27;0,07%;2526
282;;;94;0,08%;2529
282;;;54;0,62%;2762
282;;;23;1,22%;3166
282;;;1165;0,00%;3532
282;;;128;0,07%;3535
282;;;234;0,27%;3732
282;;;49;2,32%;3791
282;;;1224;0,00%;3827
282;;;53;0,00%;3829
282;;;1195;1,73%;3830
282;;;538;0,43%;3831
282;;;132;0,13%;3897
282;;;26;0,33%;3944
282;;;62;6,56%;4280
282;;;37;1,25%;4284
282;;;95;0,02%;4434
280;;;215;0,01%;2
280;;;12;0,51%;10
280;;;29;0,00%;17
280;;;715;0,17%;33
280;;;882;0,03%;35
280;;;79;0,14%;42
280;;;457;0,32%;51
280;;;592;0,11%;69
280;;;62;6,56%;87
280;;;112;0,52%;100
280;;;129;0,22%;107
280;;;851;0,01%;142
280;;;582;1,20%;151
280;;;584;0,29%;182
280;;;790;0,27%;205
280;;;141;0,29%;210
280;;;130;0,72%;1719
280;;;139;0,06%;1754
280;;;426;0,01%;2373
280;;;52;0,70%;2417
280;;;47;0,53%;2447
280;;;5;1,14%;2495
280;;;142;0,51%;2496
280;;;649;0,01%;2500
280;;;59;0,50%;2521
280;;;23;1,22%;2907
280;;;909;0,93%;3233
280;;;132;0,13%;3527
280;;;53;0,00%;3829
280;;;1195;1,73%;3830
280;;;538;0,43%;3831
280;;;658;0,16%;3931
280;;;807;0,02%;4153
280;;;13;0,22%;4425
280;;;26;0,33%;4426
280;;;54;0,62%;4427
280;;;65;2,21%;4428
280;;;108;0,10%;4429
280;;;120;0,86%;4430
280;;;906;0,00%;4431
280;;;689;0,50%;4432
280;;;966;0,24%;4433
279;;;215;0,01%;311
279;;;7;0,04%;312
279;;;12;0,51%;320
279;;;16;1,50%;321
279;;;256;0,37%;323
279;;;649;0,01%;332
279;;;37;1,25%;337
279;;;669;0,33%;342
279;;;48;0,43%;344
279;;;49;2,32%;345
279;;;60;8,87%;354
279;;;62;6,56%;355
279;;;749;0,03%;357
279;;;66;0,03%;360
279;;;69;0,45%;361
279;;;80;0,00%;367
279;;;81;0,02%;368
279;;;426;0,01%;374
279;;;612;0,55%;381
279;;;102;0,67%;384
279;;;123;0,40%;390
279;;;114;1,77%;396
279;;;1072;0,08%;402
279;;;121;4,72%;410
279;;;584;0,29%;412
279;;;909;0,93%;413
279;;;132;0,13%;420
279;;;592;0,11%;422
279;;;567;0,69%;477
279;;;769;0,31%;532
279;;;670;0,84%;538
279;;;5;1,14%;1061
279;;;96;0,76%;1070
279;;;582;1,20%;1073
279;;;26;0,33%;1087
279;;;142;0,51%;1192
279;;;661;0,24%;1198
279;;;108;0,10%;1199
279;;;130;0,72%;1542
279;;;286;0,00%;1570
279;;;52;0,70%;1737
279;;;658;0,16%;1946
279;;;8;5,00%;2051
279;;;47;0,53%;2052
279;;;13;0,22%;2223
279;;;19;2,27%;2225
279;;;107;0,29%;2245
279;;;119;0,29%;2344
279;;;128;0,07%;2356
279;;;23;1,22%;2630
279;;;1089;0,03%;2650
279;;;139;0,06%;2656
279;;;34;0,15%;2725
279;;;9;0,00%;2892
279;;;28;2,20%;2894
279;;;851;0,01%;3163
279;;;790;0,27%;3190
279;;;737;0,04%;3331
279;;;57;0,02%;3370
279;;;94;0,08%;3372
279;;;715;0,17%;3444
279;;;141;0,29%;3509
279;;;41;0,09%;3636
279;;;54;0,62%;3637
279;;;59;0,50%;3962
279;;;457;0,32%;3963
279;;;501;4,04%;3968
279;;;40;2,42%;3978
279;;;127;1,37%;3987
279;;;18;0,22%;4420
279;;;610;0,00%;4421
279;;;1244;1,17%;4422
279;;;111;0,55%;4423
279;;;129;0,22%;4424
278;;;708;0,00%;70
278;;;759;0,02%;370
278;;;953;0,01%;426
278;;;1108;0,20%;539
278;;;25;0,00%;714
278;;;41;0,09%;721
278;;;669;0,33%;726
278;;;49;2,32%;731
278;;;737;0,04%;776
278;;;95;0,02%;783
278;;;1072;0,08%;786
278;;;120;0,86%;1001
278;;;69;0,45%;1026
278;;;60;8,87%;1997
278;;;76;1,55%;2006
278;;;68;0,00%;2191
278;;;16;1,50%;2760
278;;;12;0,51%;2767
278;;;33;0,14%;2769
278;;;28;2,20%;2784
278;;;715;0,17%;3400
278;;;601;0,00%;3438
278;;;1151;0,00%;3697
278;;;64;0,01%;3822
278;;;131;0,03%;3832
278;;;37;1,25%;4215
278;;;122;0,00%;4245
278;;;286;0,00%;4311
278;;;56;0,00%;4319
278;;;661;0,24%;4327
278;;;129;0,22%;4338
278;;;888;0,01%;4339
278;;;66;0,03%;4352
278;;;1033;0,01%;4354
278;;;1089;0,03%;4357
278;;;1114;0,00%;4361
278;;;5;1,14%;4369
278;;;8;5,00%;4370
278;;;231;0,19%;4371
278;;;17;0,18%;4372
278;;;19;2,27%;4373
278;;;1163;0,12%;4374
278;;;23;1,22%;4375
278;;;90;0,15%;4376
278;;;26;0,33%;4377
278;;;649;0,01%;4378
278;;;658;0,16%;4379
278;;;38;0,08%;4380
278;;;40;2,42%;4381
278;;;610;0,00%;4382
278;;;44;0,00%;4383
278;;;47;0,53%;4384
278;;;48;0,43%;4385
278;;;769;0,31%;4386
278;;;1210;0,00%;4387
278;;;54;0,62%;4388
278;;;1145;0,00%;4389
278;;;1223;0,03%;4390
278;;;62;6,56%;4391
278;;;749;0,03%;4392
278;;;65;2,21%;4393
278;;;390;0,00%;4394
278;;;67;0,00%;4395
278;;;612;0,55%;4396
278;;;83;0,15%;4397
278;;;426;0,01%;4398
278;;;1244;1,17%;4399
278;;;100;2,28%;4400
278;;;633;0,33%;4401
278;;;799;0,04%;4402
278;;;112;0,52%;4403
278;;;501;4,04%;4404
278;;;851;0,01%;4405
278;;;117;0,01%;4406
278;;;107;0,29%;4407
278;;;96;0,76%;4408
278;;;790;0,27%;4409
278;;;1257;0,00%;4410
278;;;541;0,69%;4411
278;;;1085;0,01%;4412
278;;;121;4,72%;4413
278;;;50;0,00%;4414
278;;;909;0,93%;4415
278;;;127;1,37%;4416
278;;;582;1,20%;4417
278;;;139;0,06%;4418
278;;;141;0,29%;4419
277;;;106;1,33%;140
277;;;30;0,03%;272
277;;;76;1,55%;277
277;;;759;0,02%;370
277;;;26;0,33%;715
277;;;48;0,43%;729
277;;;68;0,00%;993
277;;;69;0,45%;1026
277;;;286;0,00%;1212
277;;;12;0,51%;2767
277;;;1223;0,03%;2773
277;;;28;2,20%;2784
277;;;1244;1,17%;2791
277;;;92;0,00%;3381
277;;;1220;0,14%;3386
277;;;19;2,27%;3451
277;;;47;0,53%;3458
277;;;1025;0,00%;3908
277;;;633;0,33%;4291
277;;;127;1,37%;4293
277;;;5;1,14%;4340
277;;;8;5,00%;4341
277;;;16;1,50%;4342
277;;;17;0,18%;4343
277;;;1163;0,12%;4344
277;;;44;0,00%;4345
277;;;769;0,31%;4346
277;;;52;0,70%;4347
277;;;54;0,62%;4348
277;;;793;0,11%;4349
277;;;62;6,56%;4350
277;;;65;2,21%;4351
277;;;66;0,03%;4352
277;;;670;0,84%;4353
277;;;1033;0,01%;4354
277;;;454;0,18%;4355
277;;;100;2,28%;4356
277;;;1089;0,03%;4357
277;;;96;0,76%;4358
277;;;790;0,27%;4359
277;;;1072;0,08%;4360
277;;;1114;0,00%;4361
277;;;118;0,44%;4362
277;;;121;4,72%;4363
277;;;909;0,93%;4364
277;;;582;1,20%;4365
277;;;128;0,07%;4366
277;;;139;0,06%;4367
277;;;601;0,00%;4368
276;;;882;0,03%;35
276;;;12;0,51%;157
276;;;16;1,50%;158
276;;;799;0,04%;204
276;;;670;0,84%;363
276;;;689;0,50%;424
276;;;953;0,01%;426
276;;;1108;0,20%;539
276;;;53;0,00%;733
276;;;737;0,04%;776
276;;;112;0,52%;778
276;;;1072;0,08%;786
276;;;807;0,02%;788
276;;;909;0,93%;795
276;;;72;0,08%;834
276;;;1014;0,00%;1804
276;;;256;0,37%;1977
276;;;658;0,16%;1986
276;;;487;0,27%;2019
276;;;49;2,32%;2186
276;;;68;0,00%;2191
276;;;139;0,06%;2360
276;;;426;0,01%;2520
276;;;117;0,01%;2949
276;;;649;0,01%;3094
276;;;29;0,00%;3096
276;;;1025;0,00%;3126
276;;;89;0,46%;3210
276;;;234;0,27%;3377
276;;;21;0,00%;3380
276;;;1220;0,14%;3386
276;;;47;0,53%;3391
276;;;715;0,17%;3400
276;;;114;1,77%;3421
276;;;601;0,00%;3438
276;;;24;0,09%;3494
276;;;1244;1,17%;3495
276;;;851;0,01%;3498
276;;;132;0,13%;3527
276;;;669;0,33%;4217
276;;;77;0,06%;4227
276;;;8;5,00%;4306
276;;;142;0,51%;4307
276;;;13;0,22%;4308
276;;;92;0,00%;4309
276;;;30;0,03%;4310
276;;;286;0,00%;4311
276;;;34;0,15%;4312
276;;;37;1,25%;4313
276;;;38;0,08%;4314
276;;;40;2,42%;4315
276;;;41;0,09%;4316
276;;;610;0,00%;4317
276;;;54;0,62%;4318
276;;;56;0,00%;4319
276;;;57;0,02%;4320
276;;;1145;0,00%;4321
276;;;1236;0,06%;4322
276;;;1223;0,03%;4323
276;;;62;6,56%;4324
276;;;69;0,45%;4325
276;;;759;0,02%;4326
276;;;661;0,24%;4327
276;;;612;0,55%;4328
276;;;100;2,28%;4329
276;;;1194;0,00%;4330
276;;;105;0,23%;4331
276;;;1151;0,00%;4332
276;;;1228;0,00%;4333
276;;;111;0,55%;4334
276;;;121;4,72%;4335
276;;;127;1,37%;4336
276;;;582;1,20%;4337
276;;;129;0,22%;4338
276;;;888;0,01%;4339
275;;;12;0,51%;10
275;;;26;0,33%;16
275;;;29;0,00%;17
275;;;658;0,16%;19
275;;;715;0,17%;33
275;;;882;0,03%;35
275;;;77;0,06%;41
275;;;457;0,32%;51
275;;;737;0,04%;56
275;;;592;0,11%;69
275;;;13;0,22%;79
275;;;48;0,43%;84
275;;;129;0,22%;107
275;;;28;2,20%;120
275;;;52;0,70%;126
275;;;66;0,03%;133
275;;;102;0,67%;138
275;;;851;0,01%;142
275;;;112;0,52%;175
275;;;584;0,29%;182
275;;;79;0,14%;200
275;;;106;1,33%;203
275;;;790;0,27%;205
275;;;123;0,40%;229
275;;;215;0,01%;238
275;;;141;0,29%;295
275;;;142;0,51%;498
275;;;69;0,45%;501
275;;;143;0,14%;508
275;;;33;0,14%;522
275;;;96;0,76%;575
275;;;689;0,50%;1253
275;;;1033;0,01%;1388
275;;;286;0,00%;1481
275;;;8;5,00%;1743
275;;;139;0,06%;1754
275;;;34;0,15%;2301
275;;;426;0,01%;2373
275;;;100;2,28%;2424
275;;;19;2,27%;2432
275;;;47;0,53%;2447
275;;;108;0,10%;2458
275;;;5;1,14%;2495
275;;;120;0,86%;2510
275;;;59;0,50%;2521
275;;;612;0,55%;2531
275;;;54;0,62%;2762
275;;;132;0,13%;3527
275;;;128;0,07%;3535
275;;;234;0,27%;3732
275;;;708;0,00%;3736
275;;;49;2,32%;3791
275;;;17;0,18%;3823
275;;;60;8,87%;4301
275;;;62;6,56%;4302
275;;;65;2,21%;4303
275;;;85;7,81%;4304
275;;;582;1,20%;4305
274;;;26;0,33%;16
274;;;29;0,00%;17
274;;;658;0,16%;19
274;;;882;0,03%;35
274;;;77;0,06%;41
274;;;737;0,04%;56
274;;;143;0,14%;75
274;;;13;0,22%;79
274;;;129;0,22%;107
274;;;592;0,11%;108
274;;;16;1,50%;113
274;;;65;2,21%;132
274;;;66;0,03%;133
274;;;582;1,20%;151
274;;;584;0,29%;182
274;;;79;0,14%;200
274;;;142;0,51%;498
274;;;120;0,86%;505
274;;;106;1,33%;565
274;;;112;0,52%;956
274;;;33;0,14%;1244
274;;;139;0,06%;1376
274;;;909;0,93%;1467
274;;;286;0,00%;1481
274;;;60;8,87%;1489
274;;;34;0,15%;2301
274;;;426;0,01%;2373
274;;;54;0,62%;2450
274;;;633;0,33%;2456
274;;;108;0,10%;2458
274;;;107;0,29%;2462
274;;;5;1,14%;2495
274;;;59;0,50%;2521
274;;;94;0,08%;2529
274;;;28;2,20%;2540
274;;;62;6,56%;2542
274;;;708;0,00%;2546
274;;;93;0,04%;2752
274;;;52;0,70%;2817
274;;;23;1,22%;2907
274;;;132;0,13%;3527
274;;;128;0,07%;3535
274;;;95;0,02%;3677
274;;;851;0,01%;3797
274;;;390;0,00%;3811
274;;;17;0,18%;3823
274;;;822;0,00%;3855
274;;;8;5,00%;3942
274;;;49;2,32%;4298
274;;;85;7,81%;4299
274;;;100;2,28%;4300
273;;;215;0,01%;2
273;;;12;0,51%;10
273;;;26;0,33%;16
273;;;29;0,00%;17
273;;;658;0,16%;19
273;;;715;0,17%;33
273;;;882;0,03%;35
273;;;77;0,06%;41
273;;;457;0,32%;51
273;;;110;0,09%;55
273;;;737;0,04%;56
273;;;132;0,13%;68
273;;;592;0,11%;69
273;;;13;0,22%;79
273;;;129;0,22%;107
273;;;16;1,50%;113
273;;;28;2,20%;120
273;;;52;0,70%;126
273;;;66;0,03%;133
273;;;102;0,67%;138
273;;;851;0,01%;142
273;;;107;0,29%;143
273;;;909;0,93%;150
273;;;582;1,20%;151
273;;;112;0,52%;175
273;;;79;0,14%;200
273;;;106;1,33%;203
273;;;790;0,27%;205
273;;;8;5,00%;211
273;;;62;6,56%;217
273;;;100;2,28%;225
273;;;123;0,40%;229
273;;;567;0,69%;235
273;;;141;0,29%;295
273;;;142;0,51%;498
273;;;143;0,14%;508
273;;;33;0,14%;522
273;;;85;7,81%;638
273;;;689;0,50%;1253
273;;;286;0,00%;1481
273;;;48;0,43%;1503
273;;;5;1,14%;1688
273;;;57;0,02%;1745
273;;;96;0,76%;1753
273;;;139;0,06%;1754
273;;;34;0,15%;2301
273;;;426;0,01%;2373
273;;;65;2,21%;2418
273;;;19;2,27%;2432
273;;;47;0,53%;2447
273;;;108;0,10%;2458
273;;;661;0,24%;2505
273;;;120;0,86%;2510
273;;;130;0,72%;2523
273;;;94;0,08%;2529
273;;;128;0,07%;3535
273;;;234;0,27%;3732
273;;;17;0,18%;3823
273;;;53;0,00%;3829
273;;;54;0,62%;3854
273;;;37;1,25%;4284
273;;;612;0,55%;4296
273;;;59;0,50%;4297
271;;;26;0,33%;16
271;;;29;0,00%;17
271;;;658;0,16%;19
271;;;85;7,81%;46
271;;;457;0,32%;51
271;;;737;0,04%;56
271;;;592;0,11%;69
271;;;13;0,22%;79
271;;;16;1,50%;80
271;;;128;0,07%;106
271;;;129;0,22%;107
271;;;52;0,70%;126
271;;;65;2,21%;132
271;;;102;0,67%;138
271;;;851;0,01%;142
271;;;107;0,29%;143
271;;;12;0,51%;157
271;;;94;0,08%;198
271;;;790;0,27%;205
271;;;141;0,29%;210
271;;;100;2,28%;225
271;;;106;1,33%;228
271;;;123;0,40%;229
271;;;475;0,12%;525
271;;;689;0,50%;1253
271;;;286;0,00%;1481
271;;;8;5,00%;1743
271;;;62;6,56%;1747
271;;;111;0,55%;1752
271;;;139;0,06%;1754
271;;;34;0,15%;2301
271;;;426;0,01%;2373
271;;;19;2,27%;2432
271;;;47;0,53%;2447
271;;;5;1,14%;2495
271;;;649;0,01%;2500
271;;;661;0,24%;2505
271;;;120;0,86%;2510
271;;;59;0,50%;2521
271;;;54;0,62%;2762
271;;;23;1,22%;2907
271;;;17;0,18%;3823
271;;;1224;0,00%;3827
271;;;53;0,00%;3829
271;;;37;1,25%;4284
271;;;48;0,43%;4295
270;;;29;0,00%;17
270;;;658;0,16%;19
270;;;715;0,17%;33
270;;;882;0,03%;35
270;;;77;0,06%;41
270;;;85;7,81%;46
270;;;457;0,32%;51
270;;;96;0,76%;60
270;;;118;0,44%;62
270;;;708;0,00%;70
270;;;48;0,43%;84
270;;;661;0,24%;91
270;;;592;0,11%;108
270;;;52;0,70%;126
270;;;106;1,33%;140
270;;;582;1,20%;151
270;;;790;0,27%;205
270;;;142;0,51%;498
270;;;120;0,86%;505
270;;;33;0,14%;522
270;;;8;5,00%;1743
270;;;139;0,06%;1754
270;;;426;0,01%;2373
270;;;16;1,50%;2421
270;;;100;2,28%;2424
270;;;19;2,27%;2432
270;;;633;0,33%;2456
270;;;108;0,10%;2458
270;;;130;0,72%;2523
270;;;909;0,93%;3475
270;;;234;0,27%;3732
270;;;17;0,18%;3823
270;;;28;2,20%;4288
270;;;62;6,56%;4289
270;;;67;0,00%;4290
270;;;633;0,33%;4291
270;;;1151;0,00%;4292
270;;;127;1,37%;4293
270;;;129;0,22%;4294
269;;;12;0,51%;10
269;;;658;0,16%;19
269;;;48;0,43%;24
269;;;715;0,17%;33
269;;;882;0,03%;35
269;;;1043;0,00%;48
269;;;457;0,32%;51
269;;;737;0,04%;56
269;;;130;0,72%;67
269;;;592;0,11%;69
269;;;13;0,22%;79
269;;;16;1,50%;80
269;;;633;0,33%;98
269;;;129;0,22%;107
269;;;65;2,21%;132
269;;;102;0,67%;138
269;;;107;0,29%;143
269;;;582;1,20%;151
269;;;112;0,52%;175
269;;;584;0,29%;182
269;;;57;0,02%;197
269;;;79;0,14%;200
269;;;106;1,33%;203
269;;;141;0,29%;210
269;;;567;0,69%;235
269;;;142;0,51%;498
269;;;143;0,14%;508
269;;;66;0,03%;1249
269;;;689;0,50%;1253
269;;;909;0,93%;1467
269;;;286;0,00%;1481
269;;;5;1,14%;1688
269;;;8;5,00%;1690
269;;;26;0,33%;1696
269;;;62;6,56%;1703
269;;;69;0,45%;1705
269;;;60;8,87%;1746
269;;;139;0,06%;1754
269;;;34;0,15%;2301
269;;;426;0,01%;2373
269;;;19;2,27%;2432
269;;;92;0,00%;2443
269;;;47;0,53%;2447
269;;;108;0,10%;2458
269;;;28;2,20%;2501
269;;;661;0,24%;2505
269;;;120;0,86%;2510
269;;;59;0,50%;2521
269;;;94;0,08%;2529
269;;;612;0,55%;2689
269;;;23;1,22%;3166
269;;;54;0,62%;3521
269;;;128;0,07%;3535
269;;;95;0,02%;3677
269;;;234;0,27%;3732
269;;;811;0,02%;3733
269;;;708;0,00%;3736
269;;;123;0,40%;3803
269;;;790;0,27%;3847
269;;;37;1,25%;4284
269;;;52;0,70%;4285
269;;;53;0,00%;4286
269;;;110;0,09%;4287
268;;;12;0,51%;10
268;;;29;0,00%;17
268;;;658;0,16%;19
268;;;715;0,17%;33
268;;;77;0,06%;41
268;;;80;0,00%;43
268;;;1043;0,00%;48
268;;;457;0,32%;51
268;;;737;0,04%;56
268;;;592;0,11%;69
268;;;13;0,22%;79
268;;;16;1,50%;80
268;;;48;0,43%;84
268;;;129;0,22%;107
268;;;23;1,22%;118
268;;;28;2,20%;120
268;;;52;0,70%;126
268;;;102;0,67%;138
268;;;851;0,01%;142
268;;;107;0,29%;143
268;;;909;0,93%;150
268;;;582;1,20%;151
268;;;8;5,00%;156
268;;;584;0,29%;182
268;;;79;0,14%;200
268;;;106;1,33%;203
268;;;790;0,27%;205
268;;;123;0,40%;229
268;;;141;0,29%;295
268;;;612;0,55%;304
268;;;69;0,45%;501
268;;;120;0,86%;505
268;;;139;0,06%;507
268;;;143;0,14%;508
268;;;33;0,14%;522
268;;;142;0,51%;631
268;;;85;7,81%;638
268;;;689;0,50%;1253
268;;;286;0,00%;1481
268;;;26;0,33%;1696
268;;;57;0,02%;1745
268;;;34;0,15%;2301
268;;;426;0,01%;2373
268;;;19;2,27%;2432
268;;;47;0,53%;2447
268;;;108;0,10%;2458
268;;;5;1,14%;2495
268;;;59;0,50%;2521
268;;;130;0,72%;2523
268;;;94;0,08%;2529
268;;;54;0,62%;2762
268;;;132;0,13%;3527
268;;;128;0,07%;3535
268;;;95;0,02%;3677
268;;;234;0,27%;3732
268;;;49;2,32%;3791
268;;;66;0,03%;3842
268;;;822;0,00%;4199
268;;;62;6,56%;4280
268;;;65;2,21%;4281
268;;;100;2,28%;4282
268;;;112;0,52%;4283
267;;;30;0,03%;18
267;;;73;0,34%;40
267;;;541;0,69%;61
267;;;52;0,70%;163
267;;;28;2,20%;258
267;;;42;0,06%;261
267;;;57;0,02%;264
267;;;85;7,81%;691
267;;;92;0,00%;951
267;;;48;0,43%;1721
267;;;65;2,21%;1723
267;;;661;0,24%;1724
267;;;106;1,33%;1730
267;;;16;1,50%;2368
267;;;107;0,29%;2374
267;;;22;0,00%;2668
267;;;100;2,28%;2678
267;;;34;0,15%;2686
267;;;426;0,01%;2690
267;;;111;0,55%;2696
267;;;120;0,86%;3008
267;;;13;0,22%;3174
267;;;54;0,62%;3177
267;;;47;0,53%;3201
267;;;584;0,29%;3226
267;;;592;0,11%;3229
267;;;567;0,69%;3520
267;;;96;0,76%;4190
267;;;18;0,22%;4275
267;;;112;0,52%;4276
267;;;114;1,77%;4277
267;;;582;1,20%;4278
267;;;132;0,13%;4279
266;;;48;0,43%;344
266;;;749;0,03%;357
266;;;111;0,55%;392
266;;;118;0,44%;409
266;;;130;0,72%;482
266;;;139;0,06%;555
266;;;584;0,29%;852
266;;;142;0,51%;1192
266;;;40;2,42%;1957
266;;;8;5,00%;2222
266;;;13;0,22%;2223
266;;;19;2,27%;2225
266;;;79;0,14%;2238
266;;;110;0,09%;2243
266;;;107;0,29%;2245
266;;;127;1,37%;2247
266;;;592;0,11%;2336
266;;;715;0,17%;2340
266;;;1148;0,11%;2534
266;;;141;0,29%;3509
266;;;16;1,50%;3632
266;;;69;0,45%;3642
266;;;77;0,06%;3644
266;;;1043;0,00%;3646
266;;;1244;1,17%;3647
266;;;114;1,77%;3652
266;;;909;0,93%;3656
266;;;53;0,00%;3715
266;;;457;0,32%;3963
266;;;23;1,22%;4252
266;;;26;0,33%;4253
266;;;28;2,20%;4254
266;;;37;1,25%;4255
266;;;54;0,62%;4256
266;;;1145;0,00%;4257
266;;;60;8,87%;4258
266;;;62;6,56%;4259
266;;;94;0,08%;4260
266;;;85;7,81%;4261
266;;;89;0,46%;4262
266;;;88;0,00%;4263
266;;;100;2,28%;4264
266;;;59;0,50%;4265
266;;;106;1,33%;4266
266;;;475;0,12%;4267
266;;;108;0,10%;4268
266;;;492;2,34%;4269
266;;;96;0,76%;4270
266;;;884;0,00%;4271
266;;;121;4,72%;4272
266;;;567;0,69%;4273
266;;;132;0,13%;4274
265;;;215;0,01%;2
265;;;12;0,51%;10
265;;;658;0,16%;19
265;;;715;0,17%;33
265;;;882;0,03%;35
265;;;85;7,81%;46
265;;;13;0,22%;79
265;;;16;1,50%;80
265;;;48;0,43%;84
265;;;661;0,24%;91
265;;;129;0,22%;107
265;;;592;0,11%;108
265;;;28;2,20%;120
265;;;52;0,70%;126
265;;;66;0,03%;133
265;;;102;0,67%;138
265;;;633;0,33%;139
265;;;107;0,29%;143
265;;;909;0,93%;150
265;;;582;1,20%;151
265;;;584;0,29%;182
265;;;54;0,62%;196
265;;;57;0,02%;197
265;;;79;0,14%;200
265;;;106;1,33%;203
265;;;790;0,27%;205
265;;;100;2,28%;225
265;;;141;0,29%;295
265;;;142;0,51%;498
265;;;69;0,45%;501
265;;;139;0,06%;507
265;;;8;5,00%;557
265;;;689;0,50%;1189
265;;;286;0,00%;1481
265;;;5;1,14%;1688
265;;;26;0,33%;1696
265;;;105;0,23%;1751
265;;;34;0,15%;2301
265;;;426;0,01%;2373
265;;;19;2,27%;2432
265;;;47;0,53%;2447
265;;;108;0,10%;2458
265;;;130;0,72%;2523
265;;;93;0,04%;2752
265;;;128;0,07%;3535
265;;;234;0,27%;3732
265;;;17;0,18%;3823
265;;;53;0,00%;3829
265;;;62;6,56%;4195
265;;;23;1,22%;4251
264;;;416;0,24%;369
264;;;87;0,29%;377
264;;;1043;0,00%;379
264;;;782;0,00%;406
264;;;17;0,18%;437
264;;;67;0,00%;452
264;;;126;0,00%;478
264;;;66;0,03%;744
264;;;1072;0,08%;786
264;;;807;0,02%;788
264;;;18;0,22%;818
264;;;69;0,45%;833
264;;;72;0,08%;834
264;;;584;0,29%;852
264;;;64;0,01%;858
264;;;43;0,00%;881
264;;;48;0,43%;884
264;;;715;0,17%;895
264;;;102;0,67%;914
264;;;737;0,04%;922
264;;;790;0,27%;928
264;;;130;0,72%;940
264;;;888;0,01%;945
264;;;953;0,01%;946
264;;;139;0,06%;948
264;;;121;4,72%;1058
264;;;106;1,33%;1524
264;;;16;1,50%;1566
264;;;1163;0,12%;1568
264;;;286;0,00%;1570
264;;;108;0,10%;1585
264;;;120;0,86%;1591
264;;;567;0,69%;1592
264;;;256;0,37%;1620
264;;;62;6,56%;1633
264;;;100;2,28%;1646
264;;;141;0,29%;1656
264;;;612;0,55%;1800
264;;;95;0,02%;1822
264;;;19;2,27%;2122
264;;;1179;0,00%;2135
264;;;79;0,14%;2139
264;;;454;0,18%;2142
264;;;111;0,55%;2146
264;;;129;0,22%;2155
264;;;592;0,11%;2157
264;;;1025;0,00%;2175
264;;;5;1,14%;2248
264;;;92;0,00%;2251
264;;;548;0,58%;2259
264;;;58;0,00%;2636
264;;;1089;0,03%;2650
264;;;811;0,02%;2727
264;;;12;0,51%;2829
264;;;658;0,16%;2834
264;;;1223;0,03%;2837
264;;;749;0,03%;2838
264;;;85;7,81%;2844
264;;;89;0,46%;2845
264;;;123;0,40%;2849
264;;;1085;0,01%;2855
264;;;127;1,37%;2857
264;;;689;0,50%;2858
264;;;736;0,00%;2859
264;;;83;0,15%;2987
264;;;799;0,04%;3119
264;;;52;0,70%;3277
264;;;68;0,00%;3286
264;;;1148;0,11%;3306
264;;;26;0,33%;3314
264;;;49;2,32%;3317
264;;;661;0,24%;3322
264;;;475;0,12%;3348
264;;;1190;0,01%;3385
264;;;1208;0,00%;3393
264;;;1032;0,00%;3408
264;;;601;0,00%;3438
264;;;70;0,00%;3616
264;;;231;0,19%;3681
264;;;1151;0,00%;3697
264;;;96;0,76%;3700
264;;;1257;0,00%;3786
264;;;28;2,20%;4159
264;;;215;0,01%;4206
264;;;7;0,04%;4207
264;;;8;5,00%;4208
264;;;142;0,51%;4209
264;;;13;0,22%;4210
264;;;93;0,04%;4211
264;;;25;0,00%;4212
264;;;29;0,00%;4213
264;;;34;0,15%;4214
264;;;37;1,25%;4215
264;;;41;0,09%;4216
264;;;669;0,33%;4217
264;;;769;0,31%;4218
264;;;54;0,62%;4219
264;;;56;0,00%;4220
264;;;57;0,02%;4221
264;;;60;8,87%;4222
264;;;882;0,03%;4223
264;;;65;2,21%;4224
264;;;390;0,00%;4225
264;;;670;0,84%;4226
264;;;77;0,06%;4227
264;;;1108;0,20%;4228
264;;;1041;0,03%;4229
264;;;80;0,00%;4230
264;;;1207;1,20%;4231
264;;;81;0,02%;4232
264;;;426;0,01%;4233
264;;;1244;1,17%;4234
264;;;777;0,05%;4235
264;;;59;0,50%;4236
264;;;967;0,00%;4237
264;;;1194;0,00%;4238
264;;;112;0,52%;4239
264;;;114;1,77%;4240
264;;;1195;1,73%;4241
264;;;940;0,94%;4242
264;;;541;0,69%;4243
264;;;118;0,44%;4244
264;;;122;0,00%;4245
264;;;50;0,00%;4246
264;;;582;1,20%;4247
264;;;128;0,07%;4248
264;;;132;0,13%;4249
264;;;143;0,14%;4250
263;;;215;0,01%;2
263;;;12;0,51%;10
263;;;658;0,16%;19
263;;;715;0,17%;33
263;;;882;0,03%;35
263;;;80;0,00%;43
263;;;1043;0,00%;48
263;;;909;0,93%;64
263;;;130;0,72%;67
263;;;592;0,11%;69
263;;;112;0,52%;100
263;;;129;0,22%;107
263;;;66;0,03%;133
263;;;582;1,20%;151
263;;;584;0,29%;182
263;;;567;0,69%;235
263;;;139;0,06%;507
263;;;102;0,67%;516
263;;;96;0,76%;575
263;;;141;0,29%;974
263;;;142;0,51%;1364
263;;;16;1,50%;1365
263;;;1033;0,01%;1388
263;;;48;0,43%;1503
263;;;5;1,14%;1688
263;;;57;0,02%;1745
263;;;105;0,23%;1751
263;;;52;0,70%;2295
263;;;34;0,15%;2301
263;;;19;2,27%;2432
263;;;26;0,33%;2434
263;;;92;0,00%;2443
263;;;54;0,62%;2450
263;;;633;0,33%;2456
263;;;108;0,10%;2458
263;;;661;0,24%;2505
263;;;8;5,00%;2538
263;;;93;0,04%;2752
263;;;689;0,50%;2962
263;;;612;0,55%;3512
263;;;128;0,07%;3535
263;;;95;0,02%;3677
263;;;234;0,27%;3732
263;;;49;2,32%;3791
263;;;17;0,18%;3823
263;;;426;0,01%;3825
263;;;822;0,00%;4199
263;;;60;8,87%;4200
263;;;62;6,56%;4201
263;;;65;2,21%;4202
263;;;100;2,28%;4203
263;;;122;0,00%;4204
263;;;50;0,00%;4205
262;;;12;0,51%;10
262;;;26;0,33%;16
262;;;29;0,00%;17
262;;;882;0,03%;35
262;;;77;0,06%;41
262;;;457;0,32%;51
262;;;737;0,04%;56
262;;;130;0,72%;67
262;;;143;0,14%;75
262;;;48;0,43%;84
262;;;129;0,22%;107
262;;;592;0,11%;108
262;;;28;2,20%;120
262;;;52;0,70%;126
262;;;66;0,03%;133
262;;;851;0,01%;142
262;;;582;1,20%;151
262;;;8;5,00%;156
262;;;62;6,56%;166
262;;;112;0,52%;175
262;;;584;0,29%;182
262;;;94;0,08%;198
262;;;79;0,14%;200
262;;;790;0,27%;205
262;;;141;0,29%;210
262;;;567;0,69%;235
262;;;142;0,51%;498
262;;;69;0,45%;501
262;;;13;0,22%;510
262;;;96;0,76%;575
262;;;658;0,16%;967
262;;;689;0,50%;1253
262;;;909;0,93%;1467
262;;;286;0,00%;1481
262;;;139;0,06%;1754
262;;;65;2,21%;1880
262;;;34;0,15%;2301
262;;;426;0,01%;2373
262;;;19;2,27%;2432
262;;;92;0,00%;2443
262;;;108;0,10%;2458
262;;;612;0,55%;2481
262;;;120;0,86%;2510
262;;;59;0,50%;2521
262;;;54;0,62%;2762
262;;;23;1,22%;2907
262;;;47;0,53%;2914
262;;;132;0,13%;3527
262;;;128;0,07%;3535
262;;;234;0,27%;3732
262;;;49;2,32%;3791
262;;;715;0,17%;3840
262;;;57;0,02%;4196
262;;;661;0,24%;4197
262;;;85;7,81%;4198
261;;;12;0,51%;10
261;;;26;0,33%;16
261;;;658;0,16%;19
261;;;715;0,17%;33
261;;;882;0,03%;35
261;;;1043;0,00%;48
261;;;737;0,04%;56
261;;;592;0,11%;69
261;;;13;0,22%;79
261;;;16;1,50%;80
261;;;129;0,22%;107
261;;;23;1,22%;118
261;;;52;0,70%;126
261;;;60;8,87%;130
261;;;66;0,03%;133
261;;;102;0,67%;138
261;;;582;1,20%;151
261;;;584;0,29%;182
261;;;79;0,14%;200
261;;;106;1,33%;203
261;;;100;2,28%;225
261;;;567;0,69%;235
261;;;141;0,29%;295
261;;;612;0,55%;304
261;;;143;0,14%;508
261;;;33;0,14%;522
261;;;108;0,10%;972
261;;;139;0,06%;1376
261;;;909;0,93%;1467
261;;;34;0,15%;2301
261;;;426;0,01%;2373
261;;;47;0,53%;2447
261;;;59;0,50%;2521
261;;;94;0,08%;2529
261;;;128;0,07%;3535
261;;;95;0,02%;3677
261;;;234;0,27%;3732
261;;;48;0,43%;3790
261;;;1224;0,00%;3827
261;;;62;6,56%;4195
260;;;215;0,01%;311
260;;;7;0,04%;312
260;;;12;0,51%;320
260;;;16;1,50%;321
260;;;256;0,37%;323
260;;;19;2,27%;325
260;;;649;0,01%;332
260;;;37;1,25%;337
260;;;48;0,43%;344
260;;;49;2,32%;345
260;;;60;8,87%;354
260;;;749;0,03%;357
260;;;66;0,03%;360
260;;;69;0,45%;361
260;;;426;0,01%;374
260;;;612;0,55%;381
260;;;102;0,67%;384
260;;;114;1,77%;396
260;;;884;0,00%;405
260;;;121;4,72%;410
260;;;132;0,13%;420
260;;;769;0,31%;532
260;;;670;0,84%;538
260;;;737;0,04%;1067
260;;;582;1,20%;1073
260;;;142;0,51%;1081
260;;;1163;0,12%;1085
260;;;130;0,72%;1110
260;;;23;1,22%;1195
260;;;52;0,70%;1737
260;;;8;5,00%;2051
260;;;47;0,53%;2052
260;;;1041;0,03%;2237
260;;;107;0,29%;2245
260;;;119;0,29%;2344
260;;;128;0,07%;2356
260;;;610;0,00%;2634
260;;;34;0,15%;2725
260;;;83;0,15%;2987
260;;;28;2,20%;3156
260;;;100;2,28%;3160
260;;;601;0,00%;3191
260;;;57;0,02%;3370
260;;;715;0,17%;3444
260;;;1223;0,03%;3488
260;;;141;0,29%;3509
260;;;41;0,09%;3636
260;;;54;0,62%;3637
260;;;966;0,24%;3974
260;;;40;2,42%;3978
260;;;33;0,14%;4191
260;;;62;6,56%;4192
260;;;633;0,33%;4193
260;;;96;0,76%;4194
259;;;579;0,04%;6
259;;;118;0,44%;62
259;;;114;1,77%;101
259;;;52;0,70%;163
259;;;127;1,37%;1002
259;;;65;2,21%;1723
259;;;661;0,24%;1724
259;;;108;0,10%;1850
259;;;141;0,29%;2377
259;;;16;1,50%;2996
259;;;286;0,00%;3001
259;;;120;0,86%;3008
259;;;567;0,69%;3009
259;;;12;0,51%;3194
259;;;47;0,53%;3201
259;;;584;0,29%;3226
259;;;106;1,33%;3752
259;;;22;0,00%;4178
259;;;37;1,25%;4179
259;;;42;0,06%;4180
259;;;49;2,32%;4181
259;;;54;0,62%;4182
259;;;57;0,02%;4183
259;;;60;8,87%;4184
259;;;62;6,56%;4185
259;;;882;0,03%;4186
259;;;79;0,14%;4187
259;;;85;7,81%;4188
259;;;105;0,23%;4189
259;;;96;0,76%;4190
258;;;12;0,51%;10
258;;;77;0,06%;41
258;;;457;0,32%;51
258;;;592;0,11%;69
258;;;143;0,14%;75
258;;;16;1,50%;80
258;;;129;0,22%;107
258;;;28;2,20%;120
258;;;52;0,70%;126
258;;;851;0,01%;142
258;;;107;0,29%;143
258;;;112;0,52%;175
258;;;54;0,62%;196
258;;;79;0,14%;200
258;;;141;0,29%;210
258;;;612;0,55%;304
258;;;142;0,51%;498
258;;;120;0,86%;505
258;;;139;0,06%;507
258;;;475;0,12%;525
258;;;501;4,04%;957
258;;;567;0,69%;1382
258;;;909;0,93%;1467
258;;;57;0,02%;1745
258;;;65;2,21%;1880
258;;;34;0,15%;2301
258;;;426;0,01%;2373
258;;;19;2,27%;2432
258;;;47;0,53%;2447
258;;;108;0,10%;2458
258;;;59;0,50%;2521
258;;;62;6,56%;3170
258;;;128;0,07%;3535
258;;;95;0,02%;3677
258;;;234;0,27%;3732
258;;;1016;0,00%;3735
258;;;49;2,32%;3791
257;;;13;0,24%;644
257;;;141;0,27%;688
257;;;120;0,84%;1354
257;;;80;0,00%;2239
257;;;12;0,58%;2265
257;;;142;0,55%;2281
257;;;16;1,64%;2282
257;;;26;0,40%;2284
257;;;27;0,06%;2314
257;;;454;0,17%;2388
257;;;48;0,43%;2611
257;;;24;0,06%;2617
257;;;567;1,00%;2622
257;;;689;0,45%;2624
257;;;610;0,00%;2634
257;;;111;0,68%;2705
257;;;25;0,00%;2831
257;;;54;0,60%;3637
257;;;77;0,07%;3644
257;;;909;0,95%;3656
257;;;30;0,02%;3662
257;;;121;2,52%;3728
257;;;127;1,13%;3729
257;;;132;0,12%;3731
257;;;17;0,20%;3990
257;;;114;1,42%;4136
257;;;8;5,07%;4158
257;;;28;2,20%;4159
257;;;658;0,26%;4160
257;;;34;0,11%;4161
257;;;40;2,42%;4162
257;;;60;8,46%;4163
257;;;62;6,84%;4164
257;;;94;0,07%;4165
257;;;69;0,41%;4166
257;;;72;0,08%;4167
257;;;670;0,85%;4168
257;;;661;0,11%;4169
257;;;85;7,49%;4170
257;;;89;0,45%;4171
257;;;102;0,67%;4172
257;;;475;0,09%;4173
257;;;123;0,36%;4174
257;;;96;0,81%;4175
257;;;118;0,37%;4176
257;;;139;0,06%;4177
256;;;29;0,00%;17
256;;;68;0,00%;38
256;;;77;0,07%;41
256;;;457;0,30%;51
256;;;112;0,48%;175
256;;;790;0,32%;205
256;;;100;2,29%;225
256;;;143;0,14%;508
256;;;426;0,01%;667
256;;;454;0,18%;669
256;;;142;0,55%;1254
256;;;13;0,23%;1255
256;;;141;0,27%;1278
256;;;28;2,23%;1299
256;;;37;1,14%;1300
256;;;715;0,19%;1304
256;;;94;0,07%;1305
256;;;59;0,48%;1313
256;;;48;0,44%;1503
256;;;12;0,55%;2265
256;;;24;0,07%;2270
256;;;19;2,30%;2432
256;;;5;1,08%;2495
256;;;649;0,02%;2500
256;;;658;0,19%;2583
256;;;610;0,00%;2584
256;;;107;0,28%;2600
256;;;42;0,05%;3714
256;;;538;0,39%;3831
256;;;62;6,76%;3935
256;;;108;0,15%;3937
256;;;737;0,04%;3939
256;;;17;0,19%;3990
256;;;57;0,02%;4010
256;;;26;0,37%;4039
256;;;1190;0,01%;4141
256;;;34;0,13%;4142
256;;;47;0,44%;4143
256;;;52;0,71%;4144
256;;;53;0,00%;4145
256;;;793;0,09%;4146
256;;;60;8,61%;4147
256;;;102;0,69%;4148
256;;;106;1,34%;4149
256;;;123;0,43%;4150
256;;;114;1,46%;4151
256;;;96;0,77%;4152
256;;;807;0,01%;4153
256;;;120;0,87%;4154
256;;;584;0,30%;4155
256;;;130;0,73%;4156
256;;;139;0,06%;4157
255;;;13;0,23%;644
255;;;454;0,18%;669
255;;;141;0,27%;688
255;;;106;1,34%;1270
255;;;129;0,20%;1358
255;;;52;0,71%;1887
255;;;72;0,08%;2045
255;;;12;0,55%;2265
255;;;142;0,55%;2281
255;;;26;0,37%;2284
255;;;27;0,05%;2314
255;;;75;0,01%;2323
255;;;94;0,07%;2615
255;;;24;0,07%;2617
255;;;567;0,67%;2622
255;;;76;1,48%;3719
255;;;127;1,27%;3729
255;;;132;0,13%;3731
255;;;17;0,19%;3990
255;;;120;0,87%;3999
255;;;8;5,05%;4123
255;;;33;0,14%;4124
255;;;28;2,23%;4125
255;;;658;0,19%;4126
255;;;610;0,00%;4127
255;;;54;0,61%;4128
255;;;60;8,61%;4129
255;;;390;0,00%;4130
255;;;79;0,13%;4131
255;;;80;0,00%;4132
255;;;612;0,47%;4133
255;;;102;0,69%;4134
255;;;108;0,15%;4135
255;;;114;1,46%;4136
255;;;541;0,65%;4137
255;;;118;0,39%;4138
255;;;592;0,11%;4139
255;;;143;0,14%;4140
254;;;5;1,08%;
254;;;8;5,05%;
254;;;142;0,55%;
254;;;12;0,55%;
254;;;13;0,23%;
254;;;16;1,62%;
254;;;18;0,21%;
254;;;19;2,30%;
254;;;93;0,04%;
254;;;23;0,82%;
254;;;26;0,37%;
254;;;27;0,05%;
254;;;28;2,23%;
254;;;658;0,19%;
254;;;37;1,14%;
254;;;42;0,05%;
254;;;610;0,00%;
254;;;47;0,44%;
254;;;48;0,44%;
254;;;52;0,71%;
254;;;54;0,61%;
254;;;731;1,10%;
254;;;57;0,02%;
254;;;60;8,61%;
254;;;62;6,76%;
254;;;67;0,00%;
254;;;69;0,44%;
254;;;81;0,01%;
254;;;85;7,63%;
254;;;59;0,48%;
254;;;102;0,69%;
254;;;967;0,00%;
254;;;106;1,34%;
254;;;123;0,43%;
254;;;111;0,63%;
254;;;737;0,04%;
254;;;1195;1,73%;
254;;;96;0,77%;
254;;;807;0,01%;
254;;;541;0,65%;
254;;;118;0,39%;
254;;;120;0,87%;
254;;;121;4,50%;
254;;;909;0,96%;
254;;;127;1,27%;
254;;;128;0,07%;
254;;;130;0,73%;
254;;;592;0,11%;
253;;;658;0,19%;19
253;;;34;0,13%;20
253;;;1043;0,00%;48
253;;;129;0,20%;107
253;;;5;1,08%;110
253;;;106;1,34%;140
253;;;112;0,48%;175
253;;;790;0,32%;205
253;;;567;0,67%;235
253;;;749;0,02%;357
253;;;77;0,07%;364
253;;;967;0,00%;385
253;;;953;0,01%;426
253;;;906;0,00%;484
253;;;12;0,55%;558
253;;;16;1,62%;579
253;;;454;0,18%;609
253;;;120;0,87%;682
253;;;111;0,63%;693
253;;;48;0,44%;729
253;;;426;0,01%;909
253;;;132;0,13%;942
253;;;13;0,23%;1046
253;;;76;1,48%;1052
253;;;114;1,46%;1055
253;;;1195;1,73%;1652
253;;;813;0,00%;1736
253;;;1121;0,18%;1799
253;;;457;0,30%;1809
253;;;748;0,00%;1839
253;;;649;0,02%;1860
253;;;909;0,96%;1937
253;;;68;0,00%;2191
253;;;62;6,76%;2210
253;;;37;1,14%;2229
253;;;1041;0,03%;2237
253;;;79;0,13%;2238
253;;;92;0,00%;2251
253;;;130;0,73%;2334
253;;;139;0,06%;2338
253;;;715;0,19%;2340
253;;;96;0,77%;2427
253;;;610;0,00%;2556
253;;;807;0,01%;2652
253;;;54;0,61%;2762
253;;;286;0,00%;2785
253;;;633;0,69%;2806
253;;;1198;0,00%;2901
253;;;1204;0,00%;2943
253;;;117;0,01%;2949
253;;;708;0,00%;3083
253;;;799;0,04%;3119
253;;;851;0,01%;3163
253;;;584;0,30%;3226
253;;;661;0,24%;3322
253;;;63;0,00%;3329
253;;;94;0,07%;3372
253;;;601;0,00%;3438
253;;;70;0,00%;3616
253;;;1145;0,00%;3665
253;;;93;0,04%;3710
253;;;83;0,16%;3765
253;;;128;0,07%;3777
253;;;737;0,04%;3846
253;;;966;0,25%;3974
253;;;57;0,02%;4010
253;;;1070;0,00%;4049
253;;;219;0,00%;4050
253;;;7;0,02%;4051
253;;;8;5,05%;4052
253;;;142;0,55%;4053
253;;;850;0,00%;4054
253;;;234;0,27%;4055
253;;;17;0,19%;4056
253;;;256;0,42%;4057
253;;;33;0,14%;4058
253;;;22;0,00%;4059
253;;;23;0,82%;4060
253;;;1190;0,01%;4061
253;;;26;0,37%;4062
253;;;1245;0,00%;4063
253;;;27;0,05%;4064
253;;;28;2,23%;4065
253;;;911;0,00%;4066
253;;;39;0,00%;4067
253;;;40;2,42%;4068
253;;;41;0,09%;4069
253;;;669;0,34%;4070
253;;;1290;0,00%;4071
253;;;47;0,44%;4072
253;;;769;0,30%;4073
253;;;49;2,23%;4074
253;;;338;0,00%;4075
253;;;52;0,71%;4076
253;;;60;8,61%;4077
253;;;1179;0,00%;4078
253;;;882;0,03%;4079
253;;;1122;0,00%;4080
253;;;65;2,11%;4081
253;;;390;0,00%;4082
253;;;66;0,03%;4083
253;;;678;0,00%;4084
253;;;72;0,08%;4085
253;;;670;0,83%;4086
253;;;1242;0,00%;4087
253;;;80;0,00%;4088
253;;;81;0,01%;4089
253;;;1216;0,00%;4090
253;;;612;0,47%;4091
253;;;85;7,63%;4092
253;;;733;0,00%;4093
253;;;24;0,07%;4094
253;;;88;0,46%;4095
253;;;1244;1,23%;4096
253;;;777;0,05%;4097
253;;;1286;0,00%;4098
253;;;100;2,29%;4099
253;;;830;0,00%;4100
253;;;296;0,00%;4101
253;;;102;0,69%;4102
253;;;105;0,21%;4103
253;;;123;0,43%;4104
253;;;1165;0,00%;4105
253;;;716;0,00%;4106
253;;;116;0,00%;4107
253;;;107;0,28%;4108
253;;;940;0,96%;4109
253;;;1257;0,00%;4110
253;;;541;0,65%;4111
253;;;118;0,39%;4112
253;;;795;0,00%;4113
253;;;121;4,50%;4114
253;;;571;0,00%;4115
253;;;127;1,27%;4116
253;;;582;1,18%;4117
253;;;592;0,11%;4118
253;;;888;0,01%;4119
253;;;1224;0,00%;4120
253;;;141;0,27%;4121
253;;;143;0,14%;4122
252;;;8;5,05%;642
252;;;13;0,23%;644
252;;;28;2,23%;649
252;;;52;0,71%;653
252;;;85;7,63%;666
252;;;426;0,01%;667
252;;;457;0,30%;672
252;;;141;0,27%;688
252;;;33;0,14%;1158
252;;;759;0,01%;1170
252;;;5;1,08%;1289
252;;;48;0,44%;1301
252;;;72;0,08%;2045
252;;;12;0,55%;2265
252;;;689;0,47%;2575
252;;;658;0,19%;2583
252;;;610;0,00%;2584
252;;;143;0,14%;2591
252;;;96;0,77%;2823
252;;;17;0,19%;3990
252;;;57;0,02%;4010
252;;;26;0,37%;4039
252;;;793;0,09%;4040
252;;;60;8,61%;4041
252;;;65;2,11%;4042
252;;;1108;0,21%;4043
252;;;79;0,13%;4044
252;;;102;0,69%;4045
252;;;118;0,39%;4046
252;;;120;0,87%;4047
252;;;582;1,18%;4048
251;;;29;0,00%;17
251;;;79;0,13%;42
251;;;457;0,30%;51
251;;;584;0,30%;182
251;;;790;0,32%;205
251;;;13;0,23%;510
251;;;141;0,27%;688
251;;;33;0,14%;1158
251;;;129;0,20%;1358
251;;;52;0,71%;1603
251;;;24;0,07%;1612
251;;;909;0,96%;1617
251;;;130;0,73%;1618
251;;;42;0,05%;2086
251;;;12;0,55%;2265
251;;;16;1,62%;2539
251;;;633;0,69%;2545
251;;;610;0,00%;2584
251;;;107;0,28%;3151
251;;;132;0,13%;3527
251;;;8;5,05%;4023
251;;;142;0,55%;4024
251;;;17;0,19%;4025
251;;;93;0,04%;4026
251;;;26;0,37%;4027
251;;;28;2,23%;4028
251;;;47;0,44%;4029
251;;;54;0,61%;4030
251;;;793;0,09%;4031
251;;;60;8,61%;4032
251;;;65;2,11%;4033
251;;;102;0,69%;4034
251;;;108;0,15%;4035
251;;;114;1,46%;4036
251;;;127;1,27%;4037
251;;;689;0,47%;4038
250;;;29;0,00%;17
250;;;1043;0,00%;48
250;;;584;0,30%;182
250;;;94;0,07%;602
250;;;72;0,08%;603
250;;;100;2,29%;610
250;;;501;4,61%;615
250;;;13;0,23%;644
250;;;60;8,61%;656
250;;;120;0,87%;682
250;;;141;0,27%;688
250;;;457;0,30%;1030
250;;;112;0,48%;1033
250;;;567;0,67%;1148
250;;;114;1,46%;1175
250;;;139;0,06%;1179
250;;;129;0,20%;1358
250;;;390;0,00%;1793
250;;;26;0,37%;2082
250;;;906;0,00%;2218
250;;;12;0,55%;2265
250;;;102;0,69%;2352
250;;;426;0,01%;2373
250;;;5;1,08%;2495
250;;;658;0,19%;2553
250;;;47;0,44%;2557
250;;;52;0,71%;2559
250;;;62;6,76%;2562
250;;;884;0,00%;2571
250;;;689;0,47%;2575
250;;;610;0,00%;2584
250;;;108;0,15%;2587
250;;;142;0,55%;2793
250;;;89;0,46%;2979
250;;;592;0,11%;2985
250;;;790;0,32%;3256
250;;;121;4,50%;3259
250;;;128;0,07%;3261
250;;;132;0,13%;3527
250;;;118;0,39%;3595
250;;;138;0,00%;3630
250;;;1145;0,00%;3665
250;;;793;0,09%;3839
250;;;17;0,19%;3990
250;;;16;1,62%;4001
250;;;1163;0,11%;4002
250;;;23;0,82%;4003
250;;;1190;0,01%;4004
250;;;1245;0,00%;4005
250;;;28;2,23%;4006
250;;;286;0,00%;4007
250;;;48;0,44%;4008
250;;;54;0,61%;4009
250;;;57;0,02%;4010
250;;;65;2,11%;4011
250;;;75;0,01%;4012
250;;;77;0,07%;4013
250;;;79;0,13%;4014
250;;;661;0,24%;4015
250;;;1244;1,23%;4016
250;;;454;0,18%;4017
250;;;106;1,34%;4018
250;;;107;0,28%;4019
250;;;96;0,77%;4020
250;;;909;0,96%;4021
250;;;127;1,27%;4022
249;;;29;0,00%;17
249;;;79;0,13%;42
249;;;13;0,23%;644
249;;;454;0,18%;669
249;;;538;0,39%;681
249;;;130;0,73%;685
249;;;33;0,14%;1158
249;;;24;0,07%;1172
249;;;114;1,46%;1175
249;;;108;0,15%;1271
249;;;141;0,27%;1278
249;;;5;1,08%;1289
249;;;715;0,19%;1304
249;;;909;0,96%;1467
249;;;139;0,06%;1754
249;;;72;0,08%;2045
249;;;1043;0,00%;2097
249;;;99;1,14%;2098
249;;;143;0,14%;2116
249;;;12;0,55%;2265
249;;;16;1,62%;2539
249;;;658;0,19%;2583
249;;;610;0,00%;2584
249;;;790;0,32%;2588
249;;;127;1,27%;2590
249;;;106;1,34%;2944
249;;;426;0,01%;3146
249;;;30;0,03%;3662
249;;;142;0,55%;3989
249;;;17;0,19%;3990
249;;;26;0,37%;3991
249;;;27;0,05%;3992
249;;;28;2,23%;3993
249;;;52;0,71%;3994
249;;;53;0,00%;3995
249;;;60;8,61%;3996
249;;;67;0,00%;3997
249;;;492;2,34%;3998
249;;;120;0,87%;3999
249;;;121;4,50%;4000
248;;;215;0,01%;311
248;;;7;0,02%;312
248;;;12;0,55%;320
248;;;16;1,62%;321
248;;;256;0,42%;323
248;;;19;2,30%;325
248;;;37;1,14%;337
248;;;49;2,23%;345
248;;;60;8,61%;354
248;;;62;6,76%;355
248;;;69;0,44%;361
248;;;426;0,01%;374
248;;;612;0,47%;381
248;;;100;2,29%;383
248;;;102;0,69%;384
248;;;108;0,15%;389
248;;;123;0,43%;390
248;;;114;1,46%;396
248;;;1072;0,08%;402
248;;;121;4,50%;410
248;;;909;0,96%;413
248;;;132;0,13%;420
248;;;592;0,11%;422
248;;;567;0,67%;477
248;;;769;0,30%;532
248;;;670;0,83%;538
248;;;5;1,08%;1061
248;;;737;0,04%;1067
248;;;96;0,77%;1070
248;;;953;0,01%;1075
248;;;1163;0,11%;1085
248;;;26;0,37%;1087
248;;;142;0,55%;1192
248;;;130;0,73%;1542
248;;;52;0,71%;1737
248;;;658;0,19%;1946
248;;;8;5,05%;2051
248;;;47;0,44%;2052
248;;;13;0,23%;2223
248;;;1041;0,03%;2237
248;;;107;0,28%;2245
248;;;119;0,30%;2344
248;;;128;0,07%;2356
248;;;33;0,14%;2629
248;;;65;2,11%;2639
248;;;139;0,06%;2656
248;;;601;0,00%;2877
248;;;9;0,00%;2892
248;;;851;0,01%;3163
248;;;790;0,32%;3190
248;;;94;0,07%;3372
248;;;141;0,27%;3509
248;;;41;0,09%;3636
248;;;28;2,23%;3958
248;;;649;0,02%;3976
248;;;34;0,13%;3977
248;;;40;2,42%;3978
248;;;610;0,00%;3979
248;;;48;0,44%;3980
248;;;54;0,61%;3981
248;;;390;0,00%;3982
248;;;76;1,48%;3983
248;;;89;0,46%;3984
248;;;1244;1,23%;3985
248;;;584;0,30%;3986
248;;;127;1,27%;3987
248;;;582;1,18%;3988
246;;;579;0,04%;6
246;;;83;0,15%;45
246;;;215;0,01%;311
246;;;25;0,00%;311
246;;;7;0,04%;312
246;;;64;0,01%;318
246;;;12;0,51%;320
246;;;16;1,50%;321
246;;;256;0,37%;323
246;;;19;2,27%;325
246;;;649;0,01%;332
246;;;30;0,03%;334
246;;;658;0,16%;335
246;;;37;1,25%;337
246;;;669;0,33%;342
246;;;48;0,43%;344
246;;;49;2,32%;345
246;;;53;0,00%;347
246;;;56;0,00%;351
246;;;60;8,87%;354
246;;;62;6,56%;355
246;;;749;0,03%;357
246;;;66;0,03%;360
246;;;69;0,45%;361
246;;;77;0,06%;364
246;;;79;0,14%;366
246;;;80;0,00%;367
246;;;81;0,02%;368
246;;;426;0,01%;374
246;;;87;0,29%;377
246;;;612;0,55%;381
246;;;454;0,18%;382
246;;;102;0,67%;384
246;;;475;0,12%;388
246;;;123;0,40%;390
246;;;114;1,77%;396
246;;;1072;0,08%;402
246;;;1085;0,01%;407
246;;;121;4,72%;410
246;;;584;0,29%;412
246;;;909;0,93%;413
246;;;132;0,13%;420
246;;;592;0,11%;422
246;;;888;0,01%;425
246;;;567;0,69%;477
246;;;769;0,31%;532
246;;;670;0,84%;538
246;;;1108;0,20%;539
246;;;143;0,14%;556
246;;;807;0,02%;788
246;;;72;0,08%;834
246;;;5;1,14%;1061
246;;;811;0,02%;1065
246;;;96;0,76%;1070
246;;;582;1,20%;1073
246;;;953;0,01%;1075
246;;;1163;0,12%;1085
246;;;57;0,02%;1093
246;;;661;0,24%;1198
246;;;120;0,86%;1203
246;;;111;0,55%;1526
246;;;130;0,72%;1542
246;;;1244;1,17%;1556
246;;;286;0,00%;1570
246;;;52;0,70%;1737
246;;;8;5,00%;2051
246;;;47;0,53%;2052
246;;;1207;1,20%;2193
246;;;13;0,22%;2223
246;;;1041;0,03%;2237
246;;;76;1,55%;2289
246;;;26;0,33%;2313
246;;;119;0,29%;2344
246;;;1190;0,01%;2396
246;;;23;1,22%;2630
246;;;610;0,00%;2634
246;;;58;0,00%;2636
246;;;65;2,21%;2639
246;;;139;0,06%;2656
246;;;548;0,58%;2734
246;;;112;0,52%;2873
246;;;1025;0,00%;2875
246;;;9;0,00%;2892
246;;;1194;0,00%;2942
246;;;799;0,04%;3119
246;;;100;2,28%;3160
246;;;790;0,27%;3190
246;;;63;0,00%;3329
246;;;737;0,04%;3331
246;;;94;0,08%;3372
246;;;715;0,17%;3444
246;;;17;0,18%;3478
246;;;1223;0,03%;3488
246;;;117;0,01%;3500
246;;;141;0,29%;3509
246;;;41;0,09%;3636
246;;;54;0,62%;3637
246;;;6;0,56%;3953
246;;;142;0,51%;3954
246;;;231;0,19%;3955
246;;;234;0,27%;3956
246;;;33;0,14%;3957
246;;;28;2,20%;3958
246;;;40;2,42%;3959
246;;;68;0,00%;3960
246;;;70;0,00%;3961
246;;;59;0,50%;3962
246;;;457;0,32%;3963
246;;;967;0,00%;3964
246;;;105;0,23%;3965
246;;;106;1,33%;3966
246;;;108;0,10%;3967
246;;;501;4,04%;3968
246;;;782;0,00%;3969
246;;;127;1,37%;3970
246;;;128;0,07%;3971
246;;;129;0,22%;3972
246;;;591;0,02%;3973
246;;;966;0,24%;3974
246;;;601;0,00%;3975
245;;;12;0,58%;10
245;;;29;0,00%;17
245;;;882;0,03%;35
245;;;1043;0,00%;48
245;;;584;0,32%;182
245;;;582;1,17%;308
245;;;475;0,09%;998
245;;;953;0,01%;1477
245;;;286;0,00%;1481
245;;;68;0,00%;1494
245;;;102;0,67%;1506
245;;;139;0,06%;1754
245;;;107;0,27%;1882
245;;;612;0,47%;2481
245;;;5;0,98%;2495
245;;;59;1,67%;2521
245;;;16;1,64%;2539
245;;;28;2,20%;2540
245;;;633;0,67%;2545
245;;;390;0,00%;3824
245;;;822;0,00%;3855
245;;;658;0,26%;3931
245;;;8;5,07%;3942
245;;;142;0,55%;3943
245;;;26;0,40%;3944
245;;;27;0,06%;3945
245;;;54;0,60%;3946
245;;;60;8,46%;3947
245;;;62;6,84%;3948
245;;;661;0,11%;3949
245;;;661;0,11%;3950
245;;;567;1,00%;3951
245;;;909;0,95%;3952
244;;;12;0,58%;10
244;;;26;0,40%;16
244;;;29;0,00%;17
244;;;715;0,20%;33
244;;;882;0,03%;35
244;;;68;0,00%;38
244;;;79;0,13%;42
244;;;80;0,00%;43
244;;;1043;0,00%;48
244;;;457;0,29%;51
244;;;13;0,24%;79
244;;;16;1,64%;80
244;;;256;0,43%;81
244;;;48;0,43%;84
244;;;661;0,11%;91
244;;;100;2,26%;95
244;;;59;1,67%;96
244;;;129;0,20%;107
244;;;592;0,10%;108
244;;;23;0,83%;118
244;;;28;2,20%;120
244;;;44;0,00%;124
244;;;60;8,46%;130
244;;;66;0,03%;133
244;;;102;0,67%;138
244;;;909;0,95%;150
244;;;582;1,17%;151
244;;;584;0,32%;182
244;;;57;0,02%;197
244;;;94;0,07%;198
244;;;106;1,34%;203
244;;;790;1,00%;205
244;;;612;0,47%;304
244;;;120;0,84%;505
244;;;143;0,14%;508
244;;;33;0,13%;522
244;;;475;0,09%;525
244;;;8;5,07%;557
244;;;25;0,00%;559
244;;;96;0,81%;575
244;;;142;0,55%;631
244;;;689;0,45%;1189
244;;;139;0,06%;1376
244;;;416;0,03%;1386
244;;;18;0,20%;1479
244;;;286;0,00%;1481
244;;;426;0,01%;2373
244;;;19;2,43%;2432
244;;;47;0,39%;2447
244;;;107;0,27%;2462
244;;;5;0,98%;2495
244;;;649;0,02%;2500
244;;;50;0,00%;2533
244;;;132;0,12%;3527
244;;;34;0,11%;3529
244;;;128;0,07%;3535
244;;;234;0,26%;3732
244;;;851;0,00%;3797
244;;;53;0,00%;3829
244;;;1195;1,73%;3830
244;;;538;0,36%;3831
244;;;54;0,60%;3854
244;;;24;0,06%;3905
244;;;27;0,06%;3914
244;;;77;0,07%;3921
244;;;1190;0,02%;3930
244;;;658;0,26%;3931
244;;;37;1,04%;3932
244;;;1290;0,00%;3933
244;;;52;0,70%;3934
244;;;62;6,84%;3935
244;;;65;2,04%;3936
244;;;108;0,18%;3937
244;;;111;0,68%;3938
244;;;737;0,05%;3939
244;;;130;0,73%;3940
244;;;141;0,27%;3941
243;;;29;0,00%;17
243;;;658;0,19%;19
243;;;882;0,03%;35
243;;;68;0,00%;38
243;;;79;0,13%;42
243;;;1043;0,00%;48
243;;;457;0,30%;51
243;;;737;0,04%;56
243;;;909;0,96%;64
243;;;143;0,14%;75
243;;;128;0,07%;106
243;;;129;0,20%;107
243;;;592;0,11%;108
243;;;16;1,62%;113
243;;;66;0,03%;133
243;;;69;0,44%;168
243;;;112;0,48%;175
243;;;582;1,18%;184
243;;;57;0,02%;197
243;;;790;0,32%;205
243;;;13;0,23%;510
243;;;12;0,55%;558
243;;;96;0,77%;575
243;;;689;0,47%;1253
243;;;139;0,06%;1376
243;;;102;0,69%;1451
243;;;286;0,00%;1481
243;;;48;0,44%;1482
243;;;5;1,08%;1688
243;;;65;2,11%;1791
243;;;34;0,13%;2301
243;;;19;2,30%;2432
243;;;26;0,37%;2434
243;;;60;8,61%;2436
243;;;30;0,03%;2446
243;;;633;0,69%;2456
243;;;107;0,28%;2462
243;;;649;0,02%;2500
243;;;94;0,07%;2529
243;;;612;0,47%;3512
243;;;130;0,73%;3515
243;;;132;0,13%;3527
243;;;234;0,27%;3732
243;;;59;0,48%;3813
243;;;390;0,00%;3824
243;;;715;0,19%;3840
243;;;8;5,05%;3911
243;;;142;0,55%;3912
243;;;92;0,00%;3913
243;;;27;0,05%;3914
243;;;28;2,23%;3915
243;;;1290;0,00%;3916
243;;;52;0,71%;3917
243;;;53;0,00%;3918
243;;;54;0,61%;3919
243;;;62;6,76%;3920
243;;;77;0,07%;3921
243;;;426;0,01%;3922
243;;;108;0,15%;3923
243;;;111;0,63%;3924
243;;;492;2,34%;3925
243;;;1195;1,73%;3926
243;;;1257;0,00%;3927
243;;;120;0,87%;3928
243;;;584;0,30%;3929
242;;;12;0,55%;10
242;;;29;0,00%;17
242;;;658;0,19%;19
242;;;1043;0,00%;48
242;;;59;0,48%;50
242;;;737;0,04%;56
242;;;689;0,47%;71
242;;;13;0,23%;79
242;;;48;0,44%;84
242;;;100;2,29%;95
242;;;112;0,48%;100
242;;;129;0,20%;107
242;;;592;0,11%;108
242;;;66;0,03%;133
242;;;102;0,69%;138
242;;;584;0,30%;182
242;;;57;0,02%;197
242;;;790;0,32%;205
242;;;106;1,34%;228
242;;;567;0,67%;235
242;;;65;2,11%;245
242;;;42;0,05%;290
242;;;69;0,44%;501
242;;;143;0,14%;508
242;;;33;0,14%;522
242;;;96;0,77%;575
242;;;142;0,55%;631
242;;;416;0,24%;1386
242;;;286;0,00%;1481
242;;;5;1,08%;1688
242;;;26;0,37%;1696
242;;;8;5,05%;1743
242;;;612;0,47%;1748
242;;;139;0,06%;1754
242;;;34;0,13%;2301
242;;;52;0,71%;2417
242;;;16;1,62%;2421
242;;;19;2,30%;2432
242;;;47;0,44%;2447
242;;;633;0,69%;2456
242;;;108;0,15%;2458
242;;;107;0,28%;2462
242;;;661;0,24%;2505
242;;;27;0,05%;2526
242;;;62;6,76%;2755
242;;;54;0,61%;2762
242;;;23;0,82%;2907
242;;;60;8,61%;3523
242;;;132;0,13%;3527
242;;;128;0,07%;3535
242;;;234;0,27%;3732
242;;;708;0,00%;3736
242;;;851;0,01%;3797
242;;;53;0,00%;3829
242;;;538;0,39%;3831
242;;;120;0,87%;3848
242;;;111;0,63%;3859
242;;;28;2,23%;3900
242;;;77;0,07%;3901
242;;;79;0,13%;3902
242;;;85;7,63%;3903
242;;;426;0,01%;3904
242;;;24;0,07%;3905
242;;;457;0,30%;3906
242;;;123;0,43%;3907
242;;;1025;0,00%;3908
242;;;909;0,96%;3909
242;;;582;1,18%;3910
240;;;12;0,55%;10
240;;;29;0,00%;17
240;;;30;0,03%;18
240;;;658;0,19%;19
240;;;715;0,19%;33
240;;;77;0,07%;41
240;;;83;0,16%;45
240;;;1043;0,00%;48
240;;;457;0,30%;51
240;;;737;0,04%;56
240;;;130;0,73%;67
240;;;592;0,11%;69
240;;;143;0,14%;75
240;;;128;0,07%;106
240;;;65;2,11%;132
240;;;102;0,69%;138
240;;;909;0,96%;150
240;;;112;0,48%;175
240;;;584;0,30%;182
240;;;57;0,02%;197
240;;;582;1,18%;308
240;;;33;0,14%;522
240;;;475;0,10%;525
240;;;94;0,07%;602
240;;;454;0,18%;763
240;;;1072;0,08%;786
240;;;13;0,23%;1009
240;;;1014;0,00%;1027
240;;;759;0,01%;1170
240;;;139;0,06%;1376
240;;;85;7,63%;1381
240;;;829;0,00%;1409
240;;;861;0,00%;1423
240;;;769;0,30%;1426
240;;;986;0,00%;1449
240;;;121;4,50%;1464
240;;;841;0,00%;1473
240;;;1160;0,00%;1476
240;;;286;0,00%;1481
240;;;48;0,44%;1482
240;;;26;0,37%;1696
240;;;105;0,21%;1729
240;;;831;0,00%;1830
240;;;1041;0,03%;2237
240;;;34;0,13%;2301
240;;;426;0,01%;2373
240;;;19;2,30%;2432
240;;;98;0,01%;2443
240;;;54;0,61%;2450
240;;;108;0,15%;2458
240;;;123;0,43%;2459
240;;;107;0,28%;2462
240;;;966;0,25%;2471
240;;;5;1,08%;2495
240;;;59;0,48%;2521
240;;;27;0,05%;2526
240;;;16;1,62%;2539
240;;;28;2,23%;2540
240;;;52;0,71%;2541
240;;;612;0,47%;2689
240;;;93;0,04%;2752
240;;;261;0,00%;2905
240;;;792;0,00%;2906
240;;;23;0,82%;2907
240;;;944;0,00%;2910
240;;;47;0,44%;2914
240;;;1193;0,00%;2918
240;;;822;0,00%;2919
240;;;1226;0,00%;2921
240;;;75;0,01%;2926
240;;;1214;0,00%;2927
240;;;1194;0,00%;2942
240;;;807;0,01%;2951
240;;;1036;0,00%;2954
240;;;906;0,00%;2959
240;;;1047;0,00%;3082
240;;;505;0,00%;3254
240;;;79;0,13%;3674
240;;;95;0,02%;3677
240;;;96;0,77%;3678
240;;;49;2,23%;3791
240;;;106;1,34%;3793
240;;;53;0,00%;3829
240;;;60;8,61%;3856
240;;;8;5,05%;3864
240;;;142;0,55%;3865
240;;;234;0,27%;3866
240;;;37;1,14%;3867
240;;;42;0,05%;3868
240;;;45;0,06%;3869
240;;;813;0,00%;3870
240;;;671;0,00%;3871
240;;;1208;0,00%;3872
240;;;1027;0,02%;3873
240;;;62;6,76%;3874
240;;;69;0,44%;3875
240;;;72;0,08%;3876
240;;;76;1,48%;3877
240;;;661;0,24%;3878
240;;;996;0,00%;3879
240;;;1032;0,00%;3880
240;;;1201;0,00%;3881
240;;;894;0,00%;3882
240;;;908;0,00%;3883
240;;;24;0,07%;3884
240;;;967;0,00%;3885
240;;;110;0,08%;3886
240;;;1218;0,00%;3887
240;;;114;1,46%;3888
240;;;501;4,61%;3889
240;;;724;0,00%;3890
240;;;790;0,32%;3891
240;;;972;0,00%;3892
240;;;118;0,39%;3893
240;;;567;0,67%;3894
240;;;650;0,00%;3895
240;;;127;1,27%;3896
240;;;132;0,13%;3897
240;;;883;0,00%;3898
240;;;138;0,00%;3899
239;;;215;0,01%;2
239;;;12;0,55%;10
239;;;26;0,37%;16
239;;;29;0,00%;17
239;;;658;0,19%;19
239;;;715;0,19%;33
239;;;77;0,07%;41
239;;;79;0,13%;42
239;;;80;0,00%;43
239;;;1043;0,00%;48
239;;;457;0,30%;51
239;;;737;0,04%;56
239;;;130;0,73%;67
239;;;592;0,11%;69
239;;;13;0,23%;79
239;;;129;0,20%;107
239;;;16;1,62%;113
239;;;23;0,82%;118
239;;;28;2,23%;120
239;;;66;0,03%;133
239;;;102;0,69%;138
239;;;851;0,01%;142
239;;;909;0,96%;150
239;;;582;1,18%;151
239;;;8;5,05%;156
239;;;112;0,48%;175
239;;;584;0,30%;182
239;;;57;0,02%;197
239;;;106;1,34%;203
239;;;790;0,32%;205
239;;;121;4,50%;208
239;;;141;0,27%;210
239;;;143;0,14%;508
239;;;33;0,14%;522
239;;;286;0,00%;561
239;;;100;2,29%;574
239;;;96;0,77%;575
239;;;142;0,55%;631
239;;;108;0,15%;972
239;;;49;2,23%;987
239;;;689;0,47%;1253
239;;;85;7,63%;1381
239;;;139;0,06%;1754
239;;;34;0,13%;2301
239;;;426;0,01%;2373
239;;;19;2,30%;2432
239;;;47;0,44%;2447
239;;;633;0,69%;2456
239;;;107;0,28%;2462
239;;;62;6,76%;2494
239;;;5;1,08%;2495
239;;;59;0,48%;2521
239;;;94;0,07%;2529
239;;;50;0,00%;2533
239;;;52;0,71%;2541
239;;;81;0,01%;2543
239;;;612;0,47%;2689
239;;;117;0,01%;2949
239;;;132;0,13%;3527
239;;;1165;0,00%;3532
239;;;128;0,07%;3535
239;;;234;0,27%;3732
239;;;83;0,16%;3765
239;;;64;0,01%;3822
239;;;17;0,19%;3823
239;;;53;0,00%;3829
239;;;1195;1,73%;3830
239;;;44;0,00%;3852
239;;;48;0,44%;3853
239;;;54;0,61%;3854
239;;;822;0,00%;3855
239;;;60;8,61%;3856
239;;;65;2,11%;3857
239;;;69;0,44%;3858
239;;;111;0,63%;3859
239;;;114;1,46%;3860
239;;;541;0,65%;3861
239;;;120;0,87%;3862
239;;;906;0,00%;3863
238;;;29;0,00%;17
238;;;658;0,19%;19
238;;;882;0,03%;35
238;;;65;2,11%;36
238;;;80;0,00%;43
238;;;1043;0,00%;48
238;;;457;0,30%;51
238;;;143;0,14%;75
238;;;13;0,23%;79
238;;;129;0,20%;107
238;;;44;0,00%;124
238;;;102;0,69%;138
238;;;851;0,01%;142
238;;;582;1,18%;151
238;;;79;0,13%;200
238;;;30;0,03%;213
238;;;123;0,43%;229
238;;;567;0,67%;235
238;;;141;0,27%;295
238;;;139;0,06%;966
238;;;128;0,07%;1004
238;;;689;0,47%;1253
238;;;18;0,21%;1693
238;;;62;6,76%;1703
238;;;85;7,63%;1707
238;;;130;0,73%;1719
238;;;426;0,01%;2373
238;;;8;5,05%;2413
238;;;19;2,30%;2432
238;;;47;0,44%;2447
238;;;633;0,69%;2456
238;;;107;0,28%;2462
238;;;5;1,08%;2495
238;;;142;0,55%;2496
238;;;28;2,23%;2501
238;;;661;0,24%;2505
238;;;592;0,11%;2514
238;;;59;0,48%;2521
238;;;23;0,82%;2907
238;;;54;0,61%;3521
238;;;132;0,13%;3527
238;;;234;0,27%;3732
238;;;1224;0,00%;3827
238;;;53;0,00%;3829
238;;;1195;1,73%;3830
238;;;538;0,39%;3831
238;;;12;0,55%;3833
238;;;16;1,62%;3834
238;;;26;0,37%;3835
238;;;27;0,05%;3836
238;;;48;0,44%;3837
238;;;52;0,71%;3838
238;;;793;0,09%;3839
238;;;715;0,19%;3840
238;;;94;0,07%;3841
238;;;66;0,03%;3842
238;;;106;1,34%;3843
238;;;475;0,10%;3844
238;;;108;0,15%;3845
238;;;737;0,04%;3846
238;;;790;0,32%;3847
238;;;120;0,87%;3848
238;;;584;0,30%;3849
238;;;126;0,00%;3850
238;;;909;0,96%;3851
237;;;29;0,00%;17
237;;;715;0,17%;33
237;;;882;0,03%;35
237;;;65;2,21%;36
237;;;77;0,06%;41
237;;;1043;0,00%;48
237;;;457;0,32%;51
237;;;110;0,09%;55
237;;;737;0,04%;56
237;;;592;0,11%;69
237;;;13;0,22%;79
237;;;16;1,50%;80
237;;;48;0,43%;84
237;;;661;0,24%;91
237;;;129;0,22%;107
237;;;19;2,27%;115
237;;;28;2,20%;120
237;;;44;0,00%;124
237;;;52;0,70%;126
237;;;60;8,87%;130
237;;;66;0,03%;133
237;;;102;0,67%;138
237;;;851;0,01%;142
237;;;107;0,29%;143
237;;;909;0,93%;150
237;;;582;1,20%;151
237;;;584;0,29%;182
237;;;57;0,02%;197
237;;;79;0,14%;200
237;;;106;1,33%;203
237;;;790;0,27%;205
237;;;141;0,29%;210
237;;;37;1,25%;260
237;;;612;0,55%;304
237;;;633;0,33%;305
237;;;69;0,45%;501
237;;;120;0,86%;505
237;;;143;0,14%;508
237;;;12;0,51%;558
237;;;25;0,00%;559
237;;;142;0,51%;631
237;;;62;6,56%;953
237;;;112;0,52%;956
237;;;658;0,16%;967
237;;;689;0,50%;1253
237;;;286;0,00%;1481
237;;;5;1,14%;1688
237;;;139;0,06%;1754
237;;;34;0,15%;2301
237;;;426;0,01%;2373
237;;;47;0,53%;2447
237;;;108;0,10%;2458
237;;;649;0,01%;2500
237;;;59;0,50%;2521
237;;;130;0,72%;2523
237;;;94;0,08%;2529
237;;;50;0,00%;2533
237;;;54;0,62%;2716
237;;;132;0,13%;3527
237;;;1165;0,00%;3532
237;;;128;0,07%;3535
237;;;234;0,27%;3732
237;;;49;2,32%;3791
237;;;23;1,22%;3796
237;;;1224;0,00%;3827
237;;;8;5,00%;3828
237;;;53;0,00%;3829
237;;;1195;1,73%;3830
237;;;538;0,43%;3831
237;;;131;0,03%;3832
236;;;215;0,01%;2
236;;;12;0,51%;10
236;;;26;0,33%;16
236;;;29;0,00%;17
236;;;658;0,16%;19
236;;;715;0,17%;33
236;;;882;0,03%;35
236;;;77;0,06%;41
236;;;79;0,14%;42
236;;;80;0,00%;43
236;;;1043;0,00%;48
236;;;457;0,32%;51
236;;;737;0,04%;56
236;;;592;0,11%;69
236;;;13;0,22%;79
236;;;16;1,50%;80
236;;;129;0,22%;107
236;;;23;1,22%;118
236;;;28;2,20%;120
236;;;44;0,00%;124
236;;;60;8,87%;130
236;;;65;2,21%;132
236;;;66;0,03%;133
236;;;102;0,67%;138
236;;;851;0,01%;142
236;;;582;1,20%;151
236;;;112;0,52%;175
236;;;584;0,29%;182
236;;;57;0,02%;197
236;;;141;0,29%;210
236;;;100;2,28%;225
236;;;123;0,40%;229
236;;;69;0,45%;501
236;;;143;0,14%;508
236;;;106;1,33%;565
236;;;37;1,25%;570
236;;;96;0,76%;575
236;;;142;0,51%;631
236;;;689;0,50%;1253
236;;;62;6,56%;1380
236;;;416;0,24%;1386
236;;;909;0,93%;1467
236;;;286;0,00%;1481
236;;;48;0,43%;1503
236;;;5;1,14%;1688
236;;;139;0,06%;1754
236;;;34;0,15%;2301
236;;;19;2,27%;2432
236;;;47;0,53%;2447
236;;;108;0,10%;2458
236;;;661;0,24%;2505
236;;;85;7,81%;2519
236;;;59;0,50%;2521
236;;;130;0,72%;2523
236;;;94;0,08%;2529
236;;;8;5,00%;2538
236;;;52;0,70%;2541
236;;;612;0,55%;2689
236;;;54;0,62%;2762
236;;;132;0,13%;3527
236;;;1165;0,00%;3532
236;;;120;0,86%;3533
236;;;128;0,07%;3535
236;;;53;0,00%;3676
236;;;234;0,27%;3732
236;;;49;2,32%;3791
236;;;708;0,00%;3804
236;;;64;0,01%;3822
236;;;17;0,18%;3823
236;;;390;0,00%;3824
236;;;426;0,01%;3825
236;;;111;0,55%;3826
236;;;1224;0,00%;3827
235;;;12;0,51%;10
235;;;26;0,33%;16
235;;;29;0,00%;17
235;;;658;0,16%;19
235;;;715;0,17%;33
235;;;882;0,03%;35
235;;;1043;0,00%;48
235;;;457;0,32%;51
235;;;130;0,72%;67
235;;;132;0,13%;68
235;;;592;0,11%;69
235;;;13;0,22%;79
235;;;129;0,22%;107
235;;;28;2,20%;120
235;;;60;8,87%;130
235;;;66;0,03%;133
235;;;107;0,29%;143
235;;;582;1,20%;151
235;;;111;0,55%;174
235;;;112;0,52%;175
235;;;584;0,29%;182
235;;;54;0,62%;196
235;;;79;0,14%;200
235;;;106;1,33%;203
235;;;790;0,27%;205
235;;;121;4,72%;208
235;;;141;0,29%;210
235;;;567;0,69%;235
235;;;16;1,50%;255
235;;;612;0,55%;304
235;;;142;0,51%;498
235;;;120;0,86%;505
235;;;143;0,14%;508
235;;;37;1,25%;570
235;;;96;0,76%;575
235;;;689;0,50%;1253
235;;;52;0,70%;1378
235;;;909;0,93%;1467
235;;;128;0,07%;1472
235;;;18;0,22%;1479
235;;;286;0,00%;1481
235;;;5;1,14%;1499
235;;;57;0,02%;1745
235;;;139;0,06%;1754
235;;;34;0,15%;2301
235;;;426;0,01%;2373
235;;;8;5,00%;2429
235;;;19;2,27%;2432
235;;;633;0,33%;2456
235;;;108;0,10%;2458
235;;;85;7,81%;2519
235;;;59;0,50%;2521
235;;;94;0,08%;2529
235;;;100;2,28%;2937
235;;;1165;0,00%;3532
235;;;53;0,00%;3676
235;;;234;0,27%;3732
235;;;1016;0,00%;3735
235;;;48;0,43%;3790
235;;;49;2,32%;3791
235;;;47;0,53%;3819
235;;;62;6,56%;3820
235;;;69;0,45%;3821
234;;;29;0,00%;17
234;;;658;0,16%;19
234;;;715;0,17%;33
234;;;882;0,03%;35
234;;;77;0,06%;41
234;;;1043;0,00%;48
234;;;737;0,04%;56
234;;;909;0,93%;64
234;;;132;0,13%;68
234;;;143;0,14%;75
234;;;128;0,07%;106
234;;;129;0,22%;107
234;;;851;0,01%;142
234;;;12;0,51%;157
234;;;112;0,52%;175
234;;;584;0,29%;182
234;;;79;0,14%;200
234;;;13;0,22%;510
234;;;33;0,14%;522
234;;;141;0,29%;974
234;;;139;0,06%;1376
234;;;37;1,25%;1601
234;;;24;0,09%;1612
234;;;130;0,72%;1618
234;;;5;1,14%;1688
234;;;57;0,02%;1745
234;;;42;0,06%;2086
234;;;28;2,20%;2294
234;;;52;0,70%;2295
234;;;102;0,67%;2298
234;;;426;0,01%;2373
234;;;26;0,33%;2434
234;;;142;0,51%;2440
234;;;633;0,33%;2456
234;;;108;0,10%;2458
234;;;107;0,29%;2462
234;;;48;0,43%;2476
234;;;612;0,55%;2481
234;;;649;0,01%;2500
234;;;94;0,08%;2529
234;;;8;5,00%;3335
234;;;66;0,03%;3510
234;;;661;0,24%;3511
234;;;120;0,86%;3533
234;;;234;0,27%;3732
234;;;708;0,00%;3798
234;;;16;1,50%;3806
234;;;19;2,27%;3807
234;;;23;1,22%;3808
234;;;822;0,00%;3809
234;;;1145;0,00%;3810
234;;;390;0,00%;3811
234;;;85;7,81%;3812
234;;;59;0,50%;3813
234;;;457;0,32%;3814
234;;;106;1,33%;3815
234;;;123;0,40%;3816
234;;;582;1,20%;3817
234;;;592;0,11%;3818
233;;;12;0,51%;10
233;;;29;0,00%;17
233;;;658;0,16%;19
233;;;715;0,17%;33
233;;;77;0,06%;41
233;;;80;0,00%;43
233;;;110;0,09%;55
233;;;737;0,04%;56
233;;;909;0,93%;64
233;;;592;0,11%;69
233;;;129;0,22%;107
233;;;8;5,00%;156
233;;;112;0,52%;175
233;;;582;1,20%;184
233;;;54;0,62%;196
233;;;57;0,02%;197
233;;;79;0,14%;200
233;;;142;0,51%;498
233;;;69;0,45%;501
233;;;139;0,06%;507
233;;;33;0,14%;522
233;;;62;6,56%;953
233;;;5;1,14%;1180
233;;;48;0,43%;1503
233;;;102;0,67%;1506
233;;;65;2,21%;1880
233;;;28;2,20%;2294
233;;;34;0,15%;2301
233;;;426;0,01%;2373
233;;;19;2,27%;2432
233;;;26;0,33%;2434
233;;;47;0,53%;2447
233;;;633;0,33%;2456
233;;;108;0,10%;2458
233;;;661;0,24%;2505
233;;;16;1,50%;2539
233;;;52;0,70%;2541
233;;;689;0,50%;2962
233;;;23;1,22%;3166
233;;;132;0,13%;3527
233;;;120;0,86%;3533
233;;;128;0,07%;3535
233;;;234;0,27%;3732
233;;;60;8,87%;3800
233;;;94;0,08%;3801
233;;;100;2,28%;3802
233;;;123;0,40%;3803
233;;;708;0,00%;3804
233;;;143;0,14%;3805
232;;;215;0,01%;2
232;;;12;0,51%;10
232;;;33;0,14%;14
232;;;29;0,00%;17
232;;;882;0,03%;35
232;;;73;0,34%;40
232;;;77;0,06%;41
232;;;1043;0,00%;48
232;;;457;0,32%;51
232;;;737;0,04%;56
232;;;592;0,11%;69
232;;;143;0,14%;75
232;;;13;0,22%;79
232;;;16;1,50%;80
232;;;100;2,28%;95
232;;;129;0,22%;107
232;;;28;2,20%;120
232;;;60;8,87%;130
232;;;66;0,03%;133
232;;;102;0,67%;138
232;;;633;0,33%;139
232;;;582;1,20%;151
232;;;112;0,52%;175
232;;;584;0,29%;182
232;;;54;0,62%;196
232;;;79;0,14%;200
232;;;106;1,33%;203
232;;;790;0,27%;205
232;;;141;0,29%;210
232;;;567;0,69%;235
232;;;612;0,55%;304
232;;;142;0,51%;498
232;;;69;0,45%;501
232;;;120;0,86%;505
232;;;139;0,06%;507
232;;;475;0,12%;525
232;;;37;1,25%;570
232;;;96;0,76%;575
232;;;62;6,56%;953
232;;;658;0,16%;967
232;;;689;0,50%;1253
232;;;909;0,93%;1467
232;;;26;0,33%;1696
232;;;57;0,02%;1745
232;;;105;0,23%;1751
232;;;65;2,21%;1880
232;;;34;0,15%;2301
232;;;85;7,81%;2372
232;;;426;0,01%;2373
232;;;52;0,70%;2417
232;;;8;5,00%;2429
232;;;19;2,27%;2432
232;;;47;0,53%;2447
232;;;107;0,29%;2462
232;;;130;0,72%;2523
232;;;94;0,08%;2529
232;;;50;0,00%;2533
232;;;108;0,10%;3363
232;;;132;0,13%;3527
232;;;111;0,55%;3530
232;;;128;0,07%;3535
232;;;53;0,00%;3676
232;;;234;0,27%;3732
232;;;811;0,02%;3733
232;;;1016;0,00%;3735
232;;;501;4,04%;3794
232;;;23;1,22%;3796
232;;;851;0,01%;3797
232;;;708;0,00%;3798
232;;;601;0,00%;3799
231;;;29;0,00%;17
231;;;77;0,06%;41
231;;;457;0,32%;51
231;;;130;0,72%;67
231;;;143;0,14%;75
231;;;592;0,11%;108
231;;;66;0,03%;133
231;;;633;0,33%;139
231;;;107;0,29%;143
231;;;584;0,29%;182
231;;;582;1,20%;184
231;;;54;0,62%;196
231;;;57;0,02%;197
231;;;79;0,14%;200
231;;;141;0,29%;210
231;;;567;0,69%;235
231;;;142;0,51%;498
231;;;120;0,86%;505
231;;;96;0,76%;575
231;;;62;6,56%;953
231;;;100;2,28%;955
231;;;658;0,16%;1488
231;;;102;0,67%;1506
231;;;123;0,40%;1507
231;;;108;0,10%;1756
231;;;65;2,21%;1880
231;;;1122;0,00%;2302
231;;;426;0,01%;2373
231;;;52;0,70%;2410
231;;;19;2,27%;2432
231;;;47;0,53%;2447
231;;;112;0,52%;2484
231;;;649;0,01%;2500
231;;;85;7,81%;2519
231;;;59;0,50%;2521
231;;;50;0,00%;2533
231;;;8;5,00%;2538
231;;;16;1,50%;2539
231;;;28;2,20%;2540
231;;;612;0,55%;2689
231;;;132;0,13%;3527
231;;;1165;0,00%;3532
231;;;128;0,07%;3535
231;;;95;0,02%;3677
231;;;234;0,27%;3732
231;;;811;0,02%;3733
231;;;23;1,22%;3787
231;;;34;0,15%;3788
231;;;37;1,25%;3789
231;;;48;0,43%;3790
231;;;49;2,32%;3791
231;;;661;0,24%;3792
231;;;106;1,33%;3793
231;;;501;4,04%;3794
231;;;129;0,22%;3795
230;;;7;0,04%;312
230;;;66;0,03%;360
230;;;77;0,06%;364
230;;;612;0,55%;381
230;;;102;0,67%;384
230;;;475;0,12%;388
230;;;108;0,10%;389
230;;;584;0,29%;412
230;;;16;1,50%;436
230;;;40;2,42%;444
230;;;882;0,03%;451
230;;;107;0,29%;469
230;;;940;0,94%;470
230;;;65;2,21%;535
230;;;69;0,45%;536
230;;;1108;0,20%;539
230;;;142;0,51%;1081
230;;;121;4,72%;1107
230;;;49;2,32%;1551
230;;;548;0,58%;1557
230;;;52;0,70%;1737
230;;;118;0,44%;1954
230;;;17;0,18%;2394
230;;;128;0,07%;2401
230;;;19;2,27%;2722
230;;;34;0,15%;2725
230;;;59;0,50%;2733
230;;;60;8,87%;2868
230;;;63;0,00%;3329
230;;;57;0,02%;3370
230;;;715;0,17%;3444
230;;;126;0,00%;3448
230;;;62;6,56%;3538
230;;;41;0,09%;3636
230;;;54;0,62%;3637
230;;;8;5,00%;3781
230;;;92;0,00%;3782
230;;;1244;1,17%;3783
230;;;100;2,28%;3784
230;;;114;1,77%;3785
230;;;1257;;3786
229;;;65;2,21%;88
229;;;669;0,33%;262
229;;;454;0,18%;609
229;;;120;0,86%;619
229;;;909;0,93%;623
229;;;142;0,51%;2793
229;;;48;0,43%;2796
229;;;501;4,04%;2810
229;;;12;0,51%;2964
229;;;16;1,50%;2965
229;;;28;2,20%;2969
229;;;94;0,08%;2975
229;;;567;0,69%;2983
229;;;19;2,27%;3548
229;;;286;0,00%;3550
229;;;52;0,70%;3551
229;;;106;1,33%;3557
229;;;5;1,14%;3755
229;;;8;5,00%;3756
229;;;42;0,06%;3757
229;;;49;2,32%;3758
229;;;60;8,87%;3759
229;;;1223;0,03%;3760
229;;;66;0,03%;3761
229;;;79;0,14%;3762
229;;;81;0,02%;3763
229;;;661;0,24%;3764
229;;;83;0,15%;3765
229;;;426;0,01%;3766
229;;;89;0,46%;3767
229;;;1244;1,17%;3768
229;;;100;2,28%;3769
229;;;59;0,50%;3770
229;;;105;0,23%;3771
229;;;111;0,55%;3772
229;;;112;0,52%;3773
229;;;114;1,77%;3774
229;;;541;0,69%;3775
229;;;50;0,00%;3776
229;;;128;0,07%;3777
229;;;130;0,72%;3778
229;;;592;0,11%;3779
229;;;143;0,14%;3780
228;;;29;0,00%;17
228;;;77;0,06%;41
228;;;85;7,81%;46
228;;;1043;0,00%;48
228;;;457;0,32%;51
228;;;96;0,76%;60
228;;;851;0,01%;142
228;;;79;0,14%;200
228;;;142;0,51%;498
228;;;94;0,08%;602
228;;;76;1,55%;606
228;;;454;0,18%;763
228;;;118;0,44%;965
228;;;1163;0,12%;1013
228;;;1014;0,00%;1027
228;;;18;0,22%;1115
228;;;27;0,07%;1298
228;;;62;6,56%;2562
228;;;121;4,72%;2572
228;;;610;0,00%;2584
228;;;807;0,02%;2951
228;;;114;1,77%;3150
228;;;47;0,53%;3201
228;;;23;1,22%;3237
228;;;790;0,27%;3256
228;;;128;0,07%;3261
228;;;89;0,46%;3495
228;;;48;0,43%;3613
228;;;66;0,03%;3615
228;;;138;0,00%;3630
228;;;13;0,22%;3737
228;;;16;1,50%;3738
228;;;92;0,00%;3739
228;;;26;0,33%;3740
228;;;286;0,00%;3741
228;;;34;0,15%;3742
228;;;37;1,25%;3743
228;;;53;0,00%;3744
228;;;822;0,00%;3745
228;;;60;8,87%;3746
228;;;67;0,00%;3747
228;;;69;0,45%;3748
228;;;24;0,09%;3749
228;;;59;0,50%;3750
228;;;967;0,00%;3751
228;;;106;1,33%;3752
228;;;501;4,04%;3753
228;;;127;1,37%;3754
226;;;12;0,51%;10
226;;;29;0,00%;17
226;;;658;0,16%;19
226;;;715;0,17%;33
226;;;1043;0,00%;48
226;;;457;0,32%;51
226;;;737;0,04%;56
226;;;592;0,11%;69
226;;;143;0,14%;75
226;;;13;0,22%;79
226;;;16;1,50%;80
226;;;129;0,22%;107
226;;;28;2,20%;120
226;;;851;0,01%;142
226;;;107;0,29%;143
226;;;112;0,52%;175
226;;;57;0,02%;197
226;;;79;0,14%;200
226;;;141;0,29%;210
226;;;62;6,56%;217
226;;;123;0,40%;229
226;;;582;1,20%;308
226;;;142;0,51%;498
226;;;69;0,45%;501
226;;;120;0,86%;505
226;;;139;0,06%;507
226;;;909;0,93%;1467
226;;;286;0,00%;1481
226;;;5;1,14%;1499
226;;;26;0,33%;1696
226;;;85;7,81%;1749
226;;;105;0,23%;1751
226;;;111;0,55%;1752
226;;;65;2,21%;1880
226;;;34;0,15%;2301
226;;;426;0,01%;2373
226;;;52;0,70%;2417
226;;;8;5,00%;2429
226;;;19;2,27%;2432
226;;;47;0,53%;2447
226;;;108;0,10%;2458
226;;;501;4,04%;2461
226;;;1033;0,01%;2483
226;;;661;0,24%;2505
226;;;127;1,37%;2512
226;;;59;0,50%;2521
226;;;37;1,25%;2527
226;;;612;0,55%;2689
226;;;54;0,62%;2762
226;;;23;1,22%;2907
226;;;128;0,07%;3535
226;;;60;8,87%;3673
226;;;53;0,00%;3676
226;;;234;0,27%;3732
226;;;811;0,02%;3733
226;;;670;0,84%;3734
226;;;1016;0,00%;3735
226;;;708;0,00%;3736
223;;;106;1,33%;52
223;;;13;0,22%;644
223;;;661;0,24%;664
223;;;940;0,94%;680
223;;;141;0,29%;688
223;;;24;0,09%;1172
223;;;62;6,56%;1338
223;;;120;0,86%;1354
223;;;737;0,04%;1893
223;;;33;0,14%;2044
223;;;16;1,50%;2309
223;;;26;0,33%;2313
223;;;60;8,87%;2319
223;;;75;0,01%;2323
223;;;567;0,69%;2333
223;;;130;0,72%;2334
223;;;454;0,18%;2388
223;;;658;0,16%;2583
223;;;610;0,00%;2584
223;;;108;0,10%;2587
223;;;48;0,43%;2611
223;;;54;0,62%;2612
223;;;689;0,50%;2624
223;;;23;1,22%;3633
223;;;77;0,06%;3644
223;;;909;0,93%;3656
223;;;5;1,14%;3708
223;;;142;0,51%;3709
223;;;93;0,04%;3710
223;;;28;2,20%;3711
223;;;29;0,00%;3712
223;;;37;1,25%;3713
223;;;42;0,06%;3714
223;;;53;0,00%;3715
223;;;57;0,02%;3716
223;;;65;2,21%;3717
223;;;94;0,08%;3718
223;;;76;1,55%;3719
223;;;59;0,50%;3720
223;;;457;0,32%;3721
223;;;102;0,67%;3722
223;;;123;0,40%;3723
223;;;492;2,34%;3724
223;;;114;1,77%;3725
223;;;96;0,76%;3726
223;;;118;0,44%;3727
223;;;121;4,72%;3728
223;;;127;1,37%;3729
223;;;128;0,07%;3730
223;;;132;0,13%;3731
221;;;579;0,04%;6
221;;;759;0,02%;370
221;;;66;0,03%;744
221;;;737;0,04%;776
221;;;34;0,15%;873
221;;;769;0,31%;885
221;;;953;0,01%;946
221;;;37;1,25%;1048
221;;;114;1,77%;1401
221;;;1163;0,12%;1568
221;;;286;0,00%;1570
221;;;715;0,17%;1577
221;;;108;0,10%;1585
221;;;102;0,67%;2100
221;;;139;0,06%;2219
221;;;40;0,00%;2253
221;;;26;0,33%;2313
221;;;105;0,23%;2649
221;;;457;0,32%;2847
221;;;1025;0,00%;3597
221;;;16;1,50%;3659
221;;;5;1,14%;3679
221;;;8;5,00%;3680
221;;;231;0,19%;3681
221;;;28;2,20%;3682
221;;;610;0,00%;3683
221;;;45;0,06%;3684
221;;;48;0,43%;3685
221;;;1208;0,00%;3686
221;;;52;0,70%;3687
221;;;56;0,00%;3688
221;;;62;6,56%;3689
221;;;65;2,21%;3690
221;;;390;0,00%;3691
221;;;75;0,01%;3692
221;;;426;0,01%;3693
221;;;100;2,28%;3694
221;;;1194;0,00%;3695
221;;;106;1,33%;3696
221;;;1151;0,00%;3697
221;;;501;4,04%;3698
221;;;851;0,01%;3699
221;;;96;0,76%;3700
221;;;541;0,69%;3701
221;;;1114;0,00%;3702
221;;;118;0,44%;3703
221;;;567;0,69%;3704
221;;;582;1,20%;3705
221;;;129;0,22%;3706
221;;;966;0,24%;3707
220;;;12;0,51%;10
220;;;457;0,32%;51
220;;;592;0,11%;69
220;;;48;0,43%;84
220;;;501;4,04%;102
220;;;129;0,22%;107
220;;;28;2,20%;120
220;;;52;0,70%;126
220;;;65;2,21%;132
220;;;102;0,67%;138
220;;;107;0,29%;143
220;;;582;1,20%;151
220;;;112;0,52%;175
220;;;584;0,29%;182
220;;;54;0,62%;196
220;;;57;0,02%;197
220;;;79;0,14%;200
220;;;121;4,72%;208
220;;;100;2,28%;225
220;;;142;0,51%;631
220;;;658;0,16%;967
220;;;689;0,50%;1253
220;;;26;0,33%;1696
220;;;139;0,06%;1754
220;;;34;0,15%;2301
220;;;47;0,53%;2447
220;;;108;0,10%;2458
220;;;62;6,56%;2494
220;;;649;0,01%;2500
220;;;661;0,24%;2505
220;;;633;0,33%;2545
220;;;53;0,00%;3676
220;;;95;0,02%;3677
220;;;96;0,76%;3678
219;;;215;0,01%;311
219;;;12;0,51%;320
219;;;649;0,01%;332
219;;;48;0,43%;344
219;;;749;0,03%;357
219;;;77;0,06%;364
219;;;79;0,14%;366
219;;;661;0,24%;371
219;;;426;0,01%;374
219;;;612;0,55%;381
219;;;102;0,67%;384
219;;;108;0,10%;389
219;;;1072;0,08%;402
219;;;584;0,29%;412
219;;;592;0,11%;422
219;;;18;0,22%;438
219;;;23;1,22%;440
219;;;40;0,00%;444
219;;;882;0,03%;451
219;;;76;1,55%;457
219;;;81;0,02%;459
219;;;123;0,40%;464
219;;;111;0,55%;465
219;;;940;0,94%;470
219;;;884;0,00%;474
219;;;582;1,20%;480
219;;;15;0,02%;528
219;;;769;0,31%;532
219;;;62;6,56%;534
219;;;670;0,84%;538
219;;;114;1,77%;546
219;;;139;0,06%;555
219;;;143;0,14%;556
219;;;737;0,04%;1067
219;;;13;0,22%;1082
219;;;37;1,25%;1089
219;;;106;1,33%;1101
219;;;118;0,44%;1105
219;;;121;4,72%;1107
219;;;80;0,00%;1535
219;;;1195;0,00%;1540
219;;;142;0,51%;1544
219;;;49;2,32%;1551
219;;;60;8,87%;1552
219;;;89;0,46%;1739
219;;;100;2,28%;1953
219;;;47;0,53%;2052
219;;;1041;0,03%;2237
219;;;501;4,04%;2343
219;;;8;5,00%;2346
219;;;256;0,37%;2395
219;;;128;0,07%;2401
219;;;65;2,21%;2639
219;;;34;0,15%;2725
219;;;70;0,00%;2728
219;;;75;0,01%;2730
219;;;59;0,50%;2733
219;;;54;0,62%;2867
219;;;1025;0,00%;2875
219;;;19;2,27%;2989
219;;;610;0,00%;2990
219;;;799;0,04%;3119
219;;;851;0,01%;3163
219;;;790;0,27%;3190
219;;;567;0,69%;3333
219;;;132;0,13%;3334
219;;;96;0,76%;3447
219;;;126;0,00%;3448
219;;;52;0,70%;3505
219;;;141;0,29%;3509
219;;;548;0,58%;3543
219;;;120;0,86%;3545
219;;;69;0,45%;3675
218;;;29;0,00%;17
218;;;457;0,32%;51
218;;;737;0,04%;56
218;;;661;0,24%;91
218;;;592;0,11%;108
218;;;65;2,21%;132
218;;;66;0,03%;133
218;;;102;0,67%;138
218;;;851;0,01%;142
218;;;582;1,20%;151
218;;;584;0,29%;182
218;;;106;1,33%;203
218;;;790;0,27%;205
218;;;142;0,51%;498
218;;;69;0,45%;501
218;;;120;0,86%;505
218;;;26;0,33%;1696
218;;;57;0,02%;1745
218;;;139;0,06%;1754
218;;;110;0,09%;2243
218;;;426;0,01%;2373
218;;;19;2,27%;2432
218;;;649;0,01%;2500
218;;;60;8,87%;3673
218;;;79;0,14%;3674
217;;;1043;0,00%;48
217;;;102;0,67%;673
217;;;68;0,00%;832
217;;;749;0,03%;1219
217;;;123;0,40%;1233
217;;;129;0,22%;1358
217;;;24;0,09%;1612
217;;;1089;0,03%;1816
217;;;60;8,87%;2098
217;;;79;0,14%;2479
217;;;1027;0,02%;2561
217;;;215;0,01%;3657
217;;;8;5,00%;3658
217;;;16;1,50%;3659
217;;;23;1,22%;3660
217;;;28;2,20%;3661
217;;;30;0,03%;3662
217;;;52;0,70%;3663
217;;;57;0,02%;3664
217;;;1145;0,00%;3665
217;;;62;6,56%;3666
217;;;65;2,21%;3667
217;;;85;7,81%;3668
217;;;111;0,55%;3669
217;;;501;4,04%;3670
217;;;96;0,76%;3671
217;;;119;0,29%;3672
216;;;7;0,04%;
216;;;8;5,00%;
216;;;142;0,50%;
216;;;234;0,27%;
216;;;12;0,50%;
216;;;19;2,27%;
216;;;1163;0,12%;
216;;;33;0,14%;
216;;;23;1,23%;
216;;;1190;0,01%;
216;;;25;0,00%;
216;;;90;0,15%;
216;;;28;2,20%;
216;;;30;0,03%;
216;;;34;0,15%;
216;;;37;1,26%;
216;;;769;0,31%;
216;;;49;2,30%;
216;;;52;0,70%;
216;;;53;0,00%;
216;;;862;0,00%;
216;;;60;8,90%;
216;;;62;6,54%;
216;;;715;0,17%;
216;;;749;0,02%;
216;;;1122;0,00%;
216;;;94;0,08%;
216;;;69;0,45%;
216;;;72;0,08%;
216;;;670;0,83%;
216;;;1041;0,02%;
216;;;79;0,14%;
216;;;759;0,02%;
216;;;661;0,24%;
216;;;612;0,57%;
216;;;83;0,15%;
216;;;85;7,83%;
216;;;89;0,46%;
216;;;100;2,28%;
216;;;457;0,32%;
216;;;102;0,67%;
216;;;106;1,34%;
216;;;799;0,04%;
216;;;108;0,10%;
216;;;114;1,77%;
216;;;851;0,01%;
216;;;96;0,77%;
216;;;1072;0,08%;
216;;;548;0,58%;
216;;;118;0,44%;
216;;;120;0,85%;
216;;;121;4,74%;
216;;;584;0,29%;
216;;;909;0,93%;
216;;;1148;0,11%;
216;;;131;0,03%;
216;;;132;0,13%;
216;;;953;0,01%;
216;;;601;0,00%;
216;;;143;0,14%;
215;;;12;0,51%;10
215;;;29;0,00%;17
215;;;658;0,16%;19
215;;;882;0,03%;35
215;;;13;0,22%;79
215;;;16;1,50%;80
215;;;48;0,43%;84
215;;;661;0,24%;91
215;;;85;7,81%;92
215;;;100;2,28%;95
215;;;501;4,04%;102
215;;;592;0,11%;108
215;;;28;2,20%;120
215;;;52;0,70%;126
215;;;66;0,03%;133
215;;;102;0,67%;138
215;;;851;0,01%;142
215;;;107;0,29%;143
215;;;909;0,93%;150
215;;;582;1,20%;151
215;;;584;0,29%;182
215;;;54;0,62%;196
215;;;79;0,14%;200
215;;;790;0,27%;205
215;;;141;0,29%;210
215;;;69;0,45%;219
215;;;139;0,06%;507
215;;;106;1,33%;565
215;;;80;0,00%;572
215;;;62;6,56%;953
215;;;286;0,00%;1481
215;;;26;0,33%;1696
215;;;57;0,02%;1745
215;;;426;0,01%;2373
215;;;19;2,27%;2432
215;;;47;0,53%;2447
215;;;108;0,10%;2458
215;;;59;0,50%;2521
215;;;93;0,04%;2752
215;;;34;0,15%;3529
215;;;1165;0,00%;3532
214;;;215;0,01%;311
214;;;7;0,04%;312
214;;;12;0,51%;320
214;;;92;0,00%;326
214;;;649;0,01%;332
214;;;48;0,43%;344
214;;;749;0,03%;357
214;;;426;0,01%;374
214;;;612;0,55%;381
214;;;111;0,55%;392
214;;;96;0,76%;400
214;;;884;0,00%;405
214;;;584;0,29%;412
214;;;592;0,11%;422
214;;;81;0,02%;459
214;;;769;0,31%;532
214;;;139;0,06%;555
214;;;143;0,14%;556
214;;;1163;0,12%;1085
214;;;567;0,69%;1108
214;;;130;0,72%;1542
214;;;49;2,32%;1551
214;;;52;0,70%;1737
214;;;47;0,53%;2052
214;;;106;1,33%;2073
214;;;108;0,10%;2074
214;;;13;0,22%;2223
214;;;19;2,27%;2225
214;;;28;2,20%;2228
214;;;37;1,25%;2229
214;;;62;6,56%;2235
214;;;1041;0,03%;2237
214;;;79;0,14%;2238
214;;;80;0,00%;2239
214;;;89;0,46%;2240
214;;;501;4,04%;2244
214;;;107;0,29%;2245
214;;;127;1,37%;2247
214;;;26;0,33%;2313
214;;;119;0,29%;2344
214;;;256;0,37%;2395
214;;;1148;0,11%;2534
214;;;142;0,51%;2626
214;;;34;0,15%;2725
214;;;610;0,00%;2990
214;;;790;0,27%;3190
214;;;601;0,00%;3191
214;;;94;0,08%;3372
214;;;141;0,29%;3509
214;;;548;0,58%;3543
214;;;5;1,14%;3631
214;;;16;1,50%;3632
214;;;23;1,22%;3633
214;;;1190;0,01%;3634
214;;;40;0,00%;3635
214;;;41;0,09%;3636
214;;;54;0,62%;3637
214;;;1145;0,00%;3638
214;;;60;8,87%;3639
214;;;65;2,21%;3640
214;;;390;0,00%;3641
214;;;69;0,45%;3642
214;;;70;0,00%;3643
214;;;77;0,06%;3644
214;;;85;7,81%;3645
214;;;1043;0,00%;3646
214;;;1244;1,17%;3647
214;;;100;2,28%;3648
214;;;59;0,50%;3649
214;;;457;0,32%;3650
214;;;123;0,40%;3651
214;;;114;1,77%;3652
214;;;1195;0,00%;3653
214;;;120;0,86%;3654
214;;;121;4,72%;3655
214;;;909;0,93%;3656
213;;;83;0,15%;45
213;;;1043;0,00%;48
213;;;782;0,00%;406
213;;;16;1,50%;579
213;;;37;1,25%;590
213;;;100;2,28%;610
213;;;793;0,11%;828
213;;;76;1,55%;836
213;;;72;0,08%;901
213;;;426;0,01%;909
213;;;114;1,77%;923
213;;;1163;0,12%;1013
213;;;457;0,32%;1030
213;;;92;0,00%;1117
213;;;29;0,00%;1121
213;;;615;0,00%;1136
213;;;27;0,07%;1298
213;;;909;0,93%;1467
213;;;106;1,33%;1814
213;;;906;0,00%;2218
213;;;1041;0,03%;2237
213;;;5;1,14%;2248
213;;;79;0,14%;2566
213;;;610;0,00%;2584
213;;;1220;0,14%;2832
213;;;633;0,33%;2848
213;;;715;0,17%;2924
213;;;807;0,02%;2951
213;;;120;0,86%;3008
213;;;23;1,22%;3237
213;;;59;0,50%;3248
213;;;128;0,07%;3261
213;;;54;0,62%;3278
213;;;234;0,27%;3565
213;;;108;0,10%;3590
213;;;689;0,50%;3600
213;;;6;0,56%;3603
213;;;8;5,00%;3604
213;;;142;0,51%;3605
213;;;13;0,22%;3606
213;;;19;2,27%;3607
213;;;33;0,14%;3608
213;;;26;0,33%;3609
213;;;30;0,03%;3610
213;;;658;0,16%;3611
213;;;42;0,06%;3612
213;;;48;0,43%;3613
213;;;62;6,56%;3614
213;;;66;0,03%;3615
213;;;70;0,00%;3616
213;;;75;0,01%;3617
213;;;89;0,46%;3618
213;;;1244;1,17%;3619
213;;;454;0,18%;3620
213;;;501;4,04%;3621
213;;;107;0,29%;3622
213;;;96;0,76%;3623
213;;;118;0,44%;3624
213;;;121;4,72%;3625
213;;;1130;0,00%;3626
213;;;1239;0,00%;3627
213;;;127;1,37%;3628
213;;;592;0,11%;3629
213;;;138;0,00%;3630
212;;;215;0,01%;311
212;;;12;0,50%;320
212;;;33;0,14%;329
212;;;30;0,03%;334
212;;;48;0,42%;344
212;;;49;2,30%;345
212;;;53;0,00%;347
212;;;66;0,02%;360
212;;;77;0,05%;364
212;;;79;0,14%;366
212;;;426;0,01%;374
212;;;1043;0,00%;379
212;;;475;0,11%;388
212;;;108;0,10%;389
212;;;782;0,00%;406
212;;;584;0,29%;412
212;;;592;0,11%;422
212;;;16;1,49%;436
212;;;18;0,22%;438
212;;;23;1,23%;440
212;;;28;2,20%;441
212;;;37;1,26%;443
212;;;40;0,00%;444
212;;;882;0,03%;451
212;;;81;0,00%;459
212;;;114;1,77%;467
212;;;107;0,29%;469
212;;;940;0,93%;470
212;;;127;1,39%;479
212;;;769;0,31%;532
212;;;24;0,09%;542
212;;;139;0,06%;555
212;;;143;0,14%;556
212;;;807;0,02%;788
212;;;72;0,08%;834
212;;;737;0,03%;1067
212;;;13;0,22%;1082
212;;;1163;0,12%;1085
212;;;26;0,33%;1087
212;;;27;0,06%;1088
212;;;57;0,02%;1093
212;;;106;1,34%;1101
212;;;120;0,85%;1106
212;;;567;0,69%;1108
212;;;130;0,72%;1110
212;;;42;0,07%;1280
212;;;62;6,54%;1533
212;;;65;2,23%;1534
212;;;661;0,24%;1536
212;;;142;0,50%;1544
212;;;60;8,90%;1552
212;;;89;0,46%;1556
212;;;5;1,15%;1734
212;;;52;0,70%;1737
212;;;69;0,45%;1738
212;;;658;0,16%;1946
212;;;1041;0,02%;2237
212;;;8;5,00%;2346
212;;;256;0,37%;2395
212;;;1190;0,01%;2396
212;;;670;0,83%;2398
212;;;128;0,06%;2401
212;;;34;0,15%;2725
212;;;70;0,00%;2728
212;;;59;0,50%;2733
212;;;54;0,62%;2867
212;;;121;4,74%;2874
212;;;1025;0,00%;2875
212;;;19;2,27%;2989
212;;;610;0,00%;2990
212;;;799;0,04%;3119
212;;;102;0,67%;3161
212;;;76;1,57%;3188
212;;;132;0,13%;3334
212;;;94;0,08%;3372
212;;;715;0,17%;3444
212;;;96;0,77%;3447
212;;;141;0,29%;3509
212;;;749;0,02%;3601
212;;;100;2,28%;3602
211;;;83;0,15%;45
211;;;862;0,00%;216
211;;;16;1,49%;579
211;;;94;0,08%;602
211;;;100;2,28%;610
211;;;76;1,57%;836
211;;;769;0,31%;885
211;;;53;0,00%;1018
211;;;69;0,45%;1026
211;;;112;0,52%;1033
211;;;541;0,70%;1037
211;;;139;0,06%;1179
211;;;28;2,20%;1419
211;;;75;0,01%;1436
211;;;475;0,11%;1453
211;;;1163;0,12%;1568
211;;;37;1,26%;1572
211;;;454;0,18%;1582
211;;;790;0,27%;1650
211;;;1195;0,00%;1652
211;;;27;0,06%;2349
211;;;610;0,00%;2584
211;;;72;0,08%;2800
211;;;457;0,32%;2805
211;;;633;0,33%;2806
211;;;127;1,39%;2813
211;;;658;0,16%;2834
211;;;96;0,77%;3123
211;;;23;1,23%;3237
211;;;121;4,74%;3259
211;;;128;0,06%;3261
211;;;57;0,02%;3279
211;;;966;0,25%;3437
211;;;8;5,00%;3563
211;;;142;0,50%;3564
211;;;234;0,27%;3565
211;;;11;0,57%;3566
211;;;92;0,00%;3567
211;;;286;0,00%;3568
211;;;34;0,15%;3569
211;;;40;0,00%;3570
211;;;42;0,07%;3571
211;;;52;0,70%;3572
211;;;60;8,90%;3573
211;;;1223;0,01%;3574
211;;;62;6,54%;3575
211;;;1088;0,00%;3576
211;;;1122;0,00%;3577
211;;;65;2,23%;3578
211;;;390;0,00%;3579
211;;;670;0,83%;3580
211;;;1108;0,21%;3581
211;;;79;0,14%;3582
211;;;81;0,00%;3583
211;;;1104;0,00%;3584
211;;;88;0,46%;3585
211;;;59;0,50%;3586
211;;;102;0,67%;3587
211;;;967;0,00%;3588
211;;;106;1,34%;3589
211;;;108;0,10%;3590
211;;;111;0,54%;3591
211;;;501;3,94%;3592
211;;;116;0,00%;3593
211;;;884;0,00%;3594
211;;;118;0,44%;3595
211;;;120;0,85%;3596
211;;;1025;0,00%;3597
211;;;50;0,00%;3598
211;;;132;0,13%;3599
211;;;689;0,50%;3600
210;;;30;0,03%;82
210;;;65;2,23%;88
210;;;114;1,77%;101
210;;;42;0,07%;261
210;;;22;0,00%;585
210;;;62;6,54%;599
210;;;454;0,18%;609
210;;;909;0,93%;623
210;;;48;0,42%;1721
210;;;94;0,08%;1792
210;;;34;0,15%;2370
210;;;100;2,28%;2804
210;;;28;2,20%;2969
210;;;89;0,46%;2979
210;;;120;0,85%;3008
210;;;8;5,00%;3172
210;;;13;0,22%;3174
210;;;12;0,50%;3194
210;;;584;0,29%;3226
210;;;567;0,69%;3520
210;;;5;1,15%;3546
210;;;215;0,01%;3547
210;;;19;2,27%;3548
210;;;23;1,23%;3549
210;;;286;0,00%;3550
210;;;52;0,70%;3551
210;;;67;0,00%;3552
210;;;69;0,45%;3553
210;;;73;0,34%;3554
210;;;77;0,05%;3555
210;;;612;0,57%;3556
210;;;106;1,34%;3557
210;;;108;0,10%;3558
210;;;96;0,77%;3559
210;;;118;0,44%;3560
210;;;128;0,06%;3561
210;;;143;0,14%;3562
209;;;215;0,01%;311
209;;;7;0,04%;312
209;;;12;0,50%;320
209;;;92;0,00%;326
209;;;33;0,14%;329
209;;;649;0,00%;332
209;;;30;0,03%;334
209;;;48;0,42%;344
209;;;49;2,30%;345
209;;;53;0,00%;347
209;;;749;0,02%;357
209;;;66;0,02%;360
209;;;77;0,05%;364
209;;;79;0,14%;366
209;;;426;0,01%;374
209;;;612;0,57%;381
209;;;454;0,18%;382
209;;;102;0,67%;384
209;;;108;0,10%;389
209;;;1072;0,08%;402
209;;;782;0,00%;406
209;;;584;0,29%;412
209;;;592;0,11%;422
209;;;16;1,49%;436
209;;;37;1,26%;443
209;;;40;0,00%;444
209;;;81;0,00%;459
209;;;884;0,00%;474
209;;;127;1,39%;479
209;;;906;0,00%;484
209;;;689;0,50%;487
209;;;1108;0,21%;539
209;;;24;0,09%;542
209;;;107;0,29%;547
209;;;96;0,77%;548
209;;;582;1,20%;553
209;;;139;0,06%;555
209;;;143;0,14%;556
209;;;807;0,02%;788
209;;;72;0,08%;834
209;;;811;0,02%;1065
209;;;737;0,03%;1067
209;;;8;5,00%;1080
209;;;142;0,50%;1081
209;;;13;0,22%;1082
209;;;18;0,22%;1083
209;;;1163;0,12%;1085
209;;;26;0,33%;1087
209;;;106;1,34%;1101
209;;;123;0,41%;1103
209;;;567;0,69%;1108
209;;;130;0,72%;1110
209;;;23;1,23%;1279
209;;;42;0,07%;1280
209;;;65;2,23%;1282
209;;;114;1,77%;1284
209;;;138;0,00%;1288
209;;;28;2,20%;1531
209;;;80;0,00%;1535
209;;;1195;0,00%;1540
209;;;60;8,90%;1552
209;;;88;0,00%;1556
209;;;5;1,15%;1734
209;;;52;0,70%;1737
209;;;69;0,45%;1738
209;;;47;0,53%;2052
209;;;1041;0,02%;2237
209;;;256;0,37%;2395
209;;;1190;0,01%;2396
209;;;670;0,83%;2398
209;;;128;0,06%;2401
209;;;19;2,27%;2722
209;;;34;0,15%;2725
209;;;70;0,00%;2728
209;;;75;0,01%;2730
209;;;59;0,50%;2733
209;;;112;0,52%;2873
209;;;121;4,74%;2874
209;;;1025;0,00%;2875
209;;;54;0,62%;2884
209;;;610;0,00%;2990
209;;;799;0,04%;3119
209;;;6;0,57%;3183
209;;;790;0,27%;3190
209;;;601;0,00%;3191
209;;;63;0,00%;3329
209;;;132;0,13%;3334
209;;;57;0,02%;3370
209;;;715;0,17%;3444
209;;;501;3,94%;3446
209;;;126;0,00%;3448
209;;;1207;1,21%;3507
209;;;141;0,29%;3509
209;;;769;0,31%;3537
209;;;62;6,54%;3538
209;;;76;1,57%;3539
209;;;89;0,46%;3540
209;;;1244;1,19%;3541
209;;;633;0,33%;3542
209;;;548;0,58%;3543
209;;;118;0,44%;3544
209;;;120;0,85%;3545
208;;;33;0,14%;14
208;;;29;0,00%;17
208;;;658;0,16%;19
208;;;65;2,23%;36
208;;;77;0,05%;41
208;;;457;0,32%;51
208;;;737;0,03%;56
208;;;592;0,11%;69
208;;;13;0,22%;79
208;;;48;0,42%;84
208;;;661;0,24%;91
208;;;85;7,83%;92
208;;;59;0,50%;96
208;;;129;0,22%;107
208;;;11;0,57%;112
208;;;19;2,27%;115
208;;;28;2,20%;120
208;;;30;0,03%;121
208;;;52;0,70%;126
208;;;66;0,02%;133
208;;;102;0,67%;138
208;;;909;0,93%;150
208;;;582;1,20%;151
208;;;54;0,62%;196
208;;;79;0,14%;200
208;;;106;1,34%;203
208;;;790;0,27%;205
208;;;69;0,45%;219
208;;;567;0,69%;235
208;;;612;0,57%;304
208;;;142;0,50%;498
208;;;139;0,06%;507
208;;;12;0,50%;558
208;;;62;6,54%;953
208;;;5;1,15%;1180
208;;;286;0,00%;1481
208;;;26;0,33%;1696
208;;;57;0,02%;1745
208;;;105;0,24%;1751
208;;;426;0,01%;2373
208;;;47;0,53%;2447
208;;;633;0,33%;2456
208;;;108;0,10%;2458
208;;;94;0,08%;2529
208;;;93;0,04%;2752
208;;;141;0,29%;3192
208;;;34;0,15%;3529
208;;;111;0,54%;3530
208;;;112;0,52%;3531
208;;;1165;0,00%;3532
208;;;120;0,85%;3533
208;;;121;4,74%;3534
208;;;128;0,06%;3535
208;;;130;0,72%;3536
207;;;215;0,01%;2
207;;;12;0,47%;10
207;;;29;0,00%;17
207;;;882;0,03%;35
207;;;80;0,00%;43
207;;;457;0,32%;51
207;;;110;0,09%;55
207;;;737;0,03%;56
207;;;592;0,00%;69
207;;;13;0,22%;79
207;;;16;1,45%;80
207;;;48;0,42%;84
207;;;129;0,21%;107
207;;;23;1,24%;118
207;;;44;0,00%;124
207;;;102;0,64%;138
207;;;8;5,04%;156
207;;;112;0,53%;175
207;;;584;0,28%;182
207;;;94;0,08%;198
207;;;79;0,14%;200
207;;;106;1,36%;203
207;;;141;0,30%;210
207;;;142;0,45%;498
207;;;69;0,42%;501
207;;;6;0,58%;567
207;;;658;0,16%;967
207;;;49;2,31%;987
207;;;65;1,93%;1186
207;;;33;0,14%;1244
207;;;66;0,02%;1249
207;;;139;0,06%;1376
207;;;28;2,20%;1377
207;;;416;0,23%;1386
207;;;286;0,00%;1481
207;;;26;0,31%;1696
207;;;57;0,02%;1745
207;;;85;7,86%;1749
207;;;111;0,53%;1752
207;;;41;0,09%;2371
207;;;52;0,68%;2417
207;;;19;2,23%;2432
207;;;47;0,53%;2447
207;;;108;0,11%;2458
207;;;501;3,84%;2461
207;;;128;0,06%;2468
207;;;120;0,87%;2510
207;;;426;0,01%;2520
207;;;59;0,52%;2521
207;;;130;0,73%;2523
207;;;93;0,04%;2752
207;;;54;0,63%;3521
207;;;1145;0,00%;3522
207;;;60;8,95%;3523
207;;;62;6,45%;3524
207;;;50;0,00%;3525
207;;;582;1,17%;3526
207;;;132;0,13%;3527
207;;;708;0,00%;3528
206;;;6;0,57%;
206;;;215;0,01%;
206;;;8;5,00%;
206;;;142;0,50%;
206;;;12;0,50%;
206;;;13;0,22%;
206;;;16;1,49%;
206;;;19;2,27%;
206;;;93;0,04%;
206;;;23;1,23%;
206;;;26;0,33%;
206;;;27;0,06%;
206;;;29;0,00%;
206;;;286;0,00%;
206;;;658;0,16%;
206;;;37;1,26%;
206;;;47;0,53%;
206;;;48;0,42%;
206;;;52;0,70%;
206;;;54;0,62%;
206;;;60;8,90%;
206;;;62;6,54%;
206;;;882;0,03%;
206;;;65;2,23%;
206;;;69;0,45%;
206;;;670;0,83%;
206;;;77;0,05%;
206;;;79;0,14%;
206;;;612;0,57%;
206;;;85;7,83%;
206;;;426;0,01%;
206;;;1043;0,00%;
206;;;100;2,28%;
206;;;59;0,50%;
206;;;457;0,32%;
206;;;102;0,67%;
206;;;106;1,34%;
206;;;123;0,41%;
206;;;111;0,54%;
206;;;737;0,03%;
206;;;112;0,52%;
206;;;501;3,94%;
206;;;107;0,29%;
206;;;96;0,77%;
206;;;790;0,27%;
206;;;120;0,85%;
206;;;567;0,69%;
206;;;584;0,29%;
206;;;909;0,93%;
206;;;129;0,22%;
206;;;592;0,00%;
206;;;689;0,50%;
206;;;139;0,06%;
206;;;141;0,29%;
206;;;143;0,14%;
205;;;579;0,04%;6
205;;;73;0,34%;40
205;;;114;1,77%;101
205;;;52;0,70%;163
205;;;5;1,14%;251
205;;;57;0,02%;264
205;;;62;6,56%;265
205;;;60;8,87%;690
205;;;120;0,86%;695
205;;;661;0,24%;1724
205;;;100;2,28%;1727
205;;;105;0,23%;1729
205;;;106;1,33%;1730
205;;;96;0,76%;1731
205;;;28;2,20%;1846
205;;;16;1,50%;2368
205;;;141;0,29%;2377
205;;;89;0,46%;2691
205;;;12;0,51%;3194
205;;;8;5,00%;3516
205;;;23;1,22%;3517
205;;;67;0,00%;3518
205;;;118;0,44%;3519
205;;;567;0,69%;3520
204;;;29;0,00%;17
204;;;658;0,16%;19
204;;;882;0,03%;35
204;;;77;0,05%;41
204;;;79;0,14%;42
204;;;80;0,00%;43
204;;;1043;0,00%;48
204;;;457;0,32%;51
204;;;737;0,03%;56
204;;;592;0,11%;69
204;;;143;0,14%;75
204;;;128;0,06%;106
204;;;129;0,22%;107
204;;;582;1,20%;151
204;;;62;6,54%;166
204;;;584;0,29%;182
204;;;790;0,27%;205
204;;;567;0,69%;235
204;;;123;0,41%;504
204;;;13;0,22%;510
204;;;65;2,23%;1186
204;;;142;0,50%;1364
204;;;16;1,49%;1365
204;;;139;0,06%;1376
204;;;102;0,67%;1451
204;;;57;0,02%;1745
204;;;105;0,24%;1751
204;;;28;2,20%;2294
204;;;52;0,70%;2295
204;;;85;7,83%;2297
204;;;26;0,33%;2434
204;;;8;5,00%;2439
204;;;47;0,53%;2447
204;;;633;0,33%;2456
204;;;108;0,10%;2458
204;;;501;3,94%;2461
204;;;59;0,50%;2521
204;;;426;0,01%;2544
204;;;93;0,04%;2752
204;;;66;0,02%;3510
204;;;661;0,24%;3511
204;;;612;0,57%;3512
204;;;96;0,77%;3513
204;;;120;0,85%;3514
204;;;130;0,72%;3515
203;;;7;0,05%;312
203;;;12;0,47%;320
203;;;33;0,14%;329
203;;;649;0,00%;332
203;;;30;0,03%;334
203;;;34;0,15%;336
203;;;48;0,42%;344
203;;;749;0,02%;357
203;;;77;0,05%;364
203;;;79;0,14%;366
203;;;426;0,01%;374
203;;;1043;0,00%;379
203;;;612;0,59%;381
203;;;454;0,17%;382
203;;;102;0,64%;384
203;;;108;0,11%;389
203;;;1072;0,08%;402
203;;;592;0,00%;422
203;;;28;2,20%;441
203;;;37;1,29%;443
203;;;40;0,00%;444
203;;;882;0,03%;451
203;;;81;0,00%;459
203;;;940;0,94%;470
203;;;909;0,94%;478
203;;;769;0,30%;532
203;;;670;0,82%;538
203;;;96;0,82%;548
203;;;582;1,17%;553
203;;;139;0,06%;555
203;;;143;0,14%;556
203;;;807;0,01%;788
203;;;72;0,08%;834
203;;;737;0,03%;1067
203;;;142;0,45%;1081
203;;;13;0,22%;1082
203;;;1163;0,12%;1085
203;;;106;1,36%;1101
203;;;120;0,87%;1106
203;;;130;0,73%;1110
203;;;42;0,07%;1280
203;;;121;4,78%;1287
203;;;661;0,23%;1536
203;;;49;2,31%;1551
203;;;5;1,15%;1734
203;;;88;1,66%;1739
203;;;100;2,28%;1953
203;;;118;0,47%;1954
203;;;47;0,53%;2052
203;;;1041;0,02%;2237
203;;;501;3,84%;2343
203;;;8;5,04%;2346
203;;;1190;0,00%;2396
203;;;128;0,06%;2401
203;;;19;2,23%;2722
203;;;70;0,00%;2728
203;;;75;0,01%;2730
203;;;59;0,52%;2733
203;;;112;0,53%;2873
203;;;601;0,00%;2877
203;;;69;0,42%;2992
203;;;799;0,04%;3119
203;;;851;0,01%;3163
203;;;76;1,66%;3188
203;;;1244;0,00%;3330
203;;;567;0,69%;3333
203;;;256;0,35%;3503
203;;;610;0,00%;3504
203;;;52;0,68%;3505
203;;;60;8,95%;3506
203;;;1207;1,22%;3507
203;;;114;2,21%;3508
203;;;141;0,30%;3509
202;;;7;0,05%;312
202;;;12;0,47%;320
202;;;649;0,00%;332
202;;;34;0,15%;336
202;;;40;0,00%;339
202;;;56;0,00%;351
202;;;62;6,45%;355
202;;;749;0,02%;357
202;;;426;0,01%;374
202;;;612;0,59%;381
202;;;592;0,00%;422
202;;;1067;0,00%;424
202;;;888;0,01%;425
202;;;670;0,82%;538
202;;;1108;0,22%;539
202;;;53;0,00%;733
202;;;94;0,08%;742
202;;;59;0,52%;765
202;;;1072;0,08%;786
202;;;807;0,01%;788
202;;;72;0,08%;834
202;;;737;0,03%;1067
202;;;953;0,01%;1075
202;;;1163;0,12%;1085
202;;;26;0,31%;1087
202;;;966;0,24%;1205
202;;;410;0,00%;1554
202;;;52;0,68%;1737
202;;;63;0,00%;1999
202;;;79;0,14%;2005
202;;;110;0,09%;2020
202;;;1089;0,03%;2021
202;;;8;5,04%;2051
202;;;47;0,53%;2052
202;;;1207;1,22%;2193
202;;;501;3,84%;2343
202;;;118;0,47%;2653
202;;;601;0,00%;2877
202;;;256;0,35%;2986
202;;;1145;0,00%;3157
202;;;102;0,64%;3161
202;;;790;0,27%;3190
202;;;23;1,24%;3384
202;;;1220;0,14%;3386
202;;;70;0,00%;3404
202;;;454;0,17%;3412
202;;;538;0,44%;3426
202;;;1085;0,01%;3428
202;;;5;1,15%;3476
202;;;16;1,45%;3477
202;;;17;0,18%;3478
202;;;92;0,00%;3479
202;;;93;0,04%;3480
202;;;286;0,00%;3481
202;;;41;0,09%;3482
202;;;610;0,00%;3483
202;;;48;0,42%;3484
202;;;769;0,30%;3485
202;;;49;2,31%;3486
202;;;60;8,95%;3487
202;;;1223;0,01%;3488
202;;;882;0,03%;3489
202;;;390;0,00%;3490
202;;;66;0,02%;3491
202;;;69;0,42%;3492
202;;;80;0,00%;3493
202;;;24;0,09%;3494
202;;;1244;1,66%;3495
202;;;100;2,28%;3496
202;;;114;2,21%;3497
202;;;851;0,01%;3498
202;;;1195;0,00%;3499
202;;;117;0,01%;3500
202;;;96;0,82%;3501
202;;;121;4,78%;3502
201;;;882;0,03%;35
201;;;118;0,47%;62
201;;;708;0,00%;70
201;;;13;0,22%;79
201;;;129;0,21%;107
201;;;96;0,82%;249
201;;;76;1,66%;277
201;;;87;0,28%;377
201;;;953;0,01%;426
201;;;100;2,28%;610
201;;;26;0,31%;715
201;;;410;0,00%;751
201;;;1072;0,08%;786
201;;;17;0,18%;860
201;;;5;1,15%;975
201;;;128;0,06%;1004
201;;;661;0,23%;1438
201;;;57;0,02%;1745
201;;;48;0,42%;1847
201;;;28;2,20%;2058
201;;;49;2,31%;2061
201;;;1041;0,02%;2237
201;;;108;0,11%;2458
201;;;94;0,08%;2529
201;;;139;0,06%;2576
201;;;658;0,16%;2753
201;;;286;0,00%;2785
201;;;799;0,04%;3119
201;;;8;5,04%;3193
201;;;37;1,29%;3200
201;;;52;0,68%;3203
201;;;62;6,45%;3205
201;;;633;0,33%;3211
201;;;501;3,84%;3213
201;;;107;0,30%;3214
201;;;584;0,28%;3218
201;;;582;1,17%;3219
201;;;9;0,00%;3449
201;;;16;1,45%;3450
201;;;19;2,23%;3451
201;;;21;0,01%;3452
201;;;23;1,24%;3453
201;;;34;0,15%;3454
201;;;40;0,00%;3455
201;;;42;0,07%;3456
201;;;610;0,00%;3457
201;;;47;0,53%;3458
201;;;54;0,63%;3459
201;;;60;8,95%;3460
201;;;65;1,93%;3461
201;;;390;0,00%;3462
201;;;612;0,59%;3463
201;;;88;1,66%;3464
201;;;59;0,52%;3465
201;;;102;0,64%;3466
201;;;106;1,36%;3467
201;;;111;0,53%;3468
201;;;112;0,53%;3469
201;;;114;2,21%;3470
201;;;790;0,27%;3471
201;;;541;0,70%;3472
201;;;1085;0,01%;3473
201;;;121;4,78%;3474
201;;;909;0,94%;3475
200;;;215;0,01%;311
200;;;7;0,05%;312
200;;;12;0,47%;320
200;;;33;0,14%;329
200;;;30;0,03%;334
200;;;48;0,42%;344
200;;;53;0,00%;347
200;;;749;0,02%;357
200;;;77;0,05%;364
200;;;79;0,14%;366
200;;;661;0,23%;371
200;;;426;0,01%;374
200;;;24;0,09%;376
200;;;87;0,28%;377
200;;;1043;0,00%;379
200;;;612;0,59%;381
200;;;454;0,17%;382
200;;;102;0,64%;384
200;;;475;0,10%;388
200;;;1072;0,08%;402
200;;;541;0,70%;404
200;;;592;0,00%;422
200;;;141;0,30%;429
200;;;16;1,45%;436
200;;;18;0,23%;438
200;;;23;1,24%;440
200;;;28;2,20%;441
200;;;37;1,29%;443
200;;;40;0,00%;444
200;;;882;0,03%;451
200;;;81;0,00%;459
200;;;107;0,30%;469
200;;;127;1,38%;479
200;;;906;0,00%;484
200;;;769;0,30%;532
200;;;670;0,82%;538
200;;;1108;0,22%;539
200;;;89;1,66%;543
200;;;582;1,17%;553
200;;;139;0,06%;555
200;;;143;0,14%;556
200;;;584;0,28%;852
200;;;811;0,03%;1065
200;;;737;0,03%;1067
200;;;953;0,01%;1075
200;;;8;5,04%;1080
200;;;142;0,45%;1081
200;;;1163;0,12%;1085
200;;;57;0,02%;1093
200;;;106;1,36%;1101
200;;;123;0,43%;1103
200;;;120;0,87%;1106
200;;;121;4,78%;1107
200;;;108;0,11%;1199
200;;;42;0,07%;1280
200;;;65;1,93%;1534
200;;;80;0,00%;1535
200;;;130;0,73%;1542
200;;;13;0,22%;1545
200;;;49;2,31%;1551
200;;;52;0,68%;1737
200;;;69;0,42%;1738
200;;;118;0,47%;1742
200;;;47;0,53%;2052
200;;;1041;0,02%;2237
200;;;110;0,09%;2342
200;;;70;0,00%;2364
200;;;256;0,35%;2395
200;;;1190;0,00%;2396
200;;;128;0,06%;2401
200;;;59;0,52%;2733
200;;;54;0,63%;2867
200;;;60;8,95%;2868
200;;;112;0,53%;2873
200;;;19;2,23%;2989
200;;;610;0,00%;2990
200;;;799;0,04%;3119
200;;;851;0,01%;3163
200;;;76;1,66%;3188
200;;;790;0,27%;3190
200;;;601;0,00%;3191
200;;;1244;1,66%;3330
200;;;567;0,69%;3333
200;;;34;0,15%;3369
200;;;100;2,28%;3373
200;;;64;0,01%;3441
200;;;649;0,00%;3442
200;;;62;6,45%;3443
200;;;715;0,17%;3444
200;;;114;2,21%;3445
200;;;501;3,84%;3446
200;;;96;0,82%;3447
200;;;909;0,94%;3448
199;;;862;0,01%;30
199;;;83;0,16%;45
199;;;799;0,05%;204
199;;;19;2,28%;271
199;;;69;0,46%;276
199;;;56;0,01%;351
199;;;759;0,03%;370
199;;;87;0,30%;377
199;;;475;0,13%;388
199;;;782;0,01%;406
199;;;50;0,01%;411
199;;;1067;0,01%;424
199;;;953;0,02%;426
199;;;1108;0,22%;539
199;;;13;0,23%;704
199;;;1163;0,13%;710
199;;;93;0,05%;711
199;;;41;0,10%;721
199;;;42;0,08%;722
199;;;669;0,34%;726
199;;;49;2,31%;731
199;;;52;0,71%;732
199;;;53;0,01%;733
199;;;882;0,04%;739
199;;;65;2,24%;741
199;;;66;0,03%;744
199;;;77;0,06%;749
199;;;1041;0,04%;750
199;;;80;0,01%;754
199;;;81;0,02%;755
199;;;59;0,52%;765
199;;;487;0,28%;773
199;;;111;0,56%;775
199;;;1072;0,09%;786
199;;;807;0,03%;788
199;;;909;0,94%;795
199;;;127;1,40%;796
199;;;130;0,73%;800
199;;;888;0,02%;804
199;;;139;0,07%;806
199;;;649;0,02%;821
199;;;72;0,09%;834
199;;;132;0,14%;1241
199;;;1145;0,01%;1913
199;;;737;0,05%;1929
199;;;256;0,38%;1977
199;;;18;0,23%;1978
199;;;26;0,34%;1982
199;;;658;0,17%;1986
199;;;63;0,01%;1999
199;;;670;0,84%;2004
199;;;79;0,15%;2005
199;;;1121;0,19%;2008
199;;;661;0,25%;2009
199;;;110;0,10%;2020
199;;;1207;1,22%;2193
199;;;128;0,08%;2392
199;;;25;0,01%;2831
199;;;457;0,33%;2847
199;;;1194;0,01%;2942
199;;;5;1,16%;3087
199;;;29;0,01%;3096
199;;;1025;0,01%;3126
199;;;736;0,01%;3132
199;;;215;0,02%;3374
199;;;8;5,01%;3375
199;;;142;0,51%;3376
199;;;234;0,28%;3377
199;;;12;0,51%;3378
199;;;16;1,50%;3379
199;;;21;0,02%;3380
199;;;92;0,01%;3381
199;;;33;0,15%;3382
199;;;22;0,01%;3383
199;;;23;1,24%;3384
199;;;1190;0,02%;3385
199;;;1220;0,15%;3386
199;;;28;2,21%;3387
199;;;37;1,28%;3388
199;;;610;0,01%;3389
199;;;44;0,01%;3390
199;;;47;0,54%;3391
199;;;48;0,44%;3392
199;;;1208;0,01%;3393
199;;;54;0,64%;3394
199;;;822;0,01%;3395
199;;;793;0,12%;3396
199;;;57;0,04%;3397
199;;;60;8,91%;3398
199;;;62;6,55%;3399
199;;;715;0,18%;3400
199;;;749;0,03%;3401
199;;;94;0,09%;3402
199;;;67;0,01%;3403
199;;;70;0,01%;3404
199;;;76;1,58%;3405
199;;;612;0,58%;3406
199;;;426;0,02%;3407
199;;;1032;0,01%;3408
199;;;89;0,47%;3409
199;;;1244;1,20%;3410
199;;;777;0,06%;3411
199;;;454;0,19%;3412
199;;;100;2,30%;3413
199;;;633;0,34%;3414
199;;;106;1,35%;3415
199;;;108;0,12%;3416
199;;;123;0,42%;3417
199;;;1228;0,01%;3418
199;;;1089;0,04%;3419
199;;;112;0,53%;3420
199;;;114;1,79%;3421
199;;;1195;0,01%;3422
199;;;117;0,02%;3423
199;;;940;0,94%;3424
199;;;96;0,78%;3425
199;;;538;0,44%;3426
199;;;541;0,71%;3427
199;;;1085;0,02%;3428
199;;;118;0,45%;3429
199;;;120;0,86%;3430
199;;;121;4,76%;3431
199;;;584;0,30%;3432
199;;;582;1,21%;3433
199;;;129;0,23%;3434
199;;;592;0,12%;3435
199;;;689;0,51%;3436
199;;;966;0,26%;3437
199;;;601;0,01%;3438
199;;;141;0,30%;3439
199;;;143;0,15%;3440
198;;;7;0,05%;312
198;;;12;0,47%;320
198;;;33;0,14%;329
198;;;649;0,00%;332
198;;;30;0,03%;334
198;;;48;0,42%;344
198;;;53;0,00%;347
198;;;66;0,02%;360
198;;;77;0,05%;364
198;;;79;0,14%;366
198;;;661;0,23%;371
198;;;426;0,01%;374
198;;;1043;0,00%;379
198;;;110;0,09%;391
198;;;790;0,27%;401
198;;;584;0,28%;412
198;;;592;0,00%;422
198;;;141;0,30%;429
198;;;40;0,00%;444
198;;;882;0,03%;451
198;;;81;0,00%;459
198;;;123;0,43%;464
198;;;114;2,21%;467
198;;;107;0,30%;469
198;;;940;0,94%;470
198;;;28;2,20%;530
198;;;69;0,42%;536
198;;;670;0,82%;538
198;;;1108;0,22%;539
198;;;96;0,82%;548
198;;;139;0,06%;555
198;;;143;0,14%;556
198;;;807;0,01%;788
198;;;72;0,08%;834
198;;;8;5,04%;1080
198;;;142;0,45%;1081
198;;;13;0,22%;1082
198;;;26;0,31%;1087
198;;;27;0,07%;1088
198;;;106;1,36%;1101
198;;;501;3,84%;1104
198;;;120;0,87%;1106
198;;;130;0,73%;1110
198;;;108;0,11%;1199
198;;;23;1,24%;1279
198;;;42;0,07%;1280
198;;;121;4,78%;1287
198;;;909;0,94%;1541
198;;;49;2,31%;1551
198;;;1207;1,22%;1555
198;;;5;1,15%;1734
198;;;52;0,68%;1737
198;;;37;1,29%;1947
198;;;47;0,53%;2052
198;;;1041;0,02%;2237
198;;;1190;0,00%;2396
198;;;70;0,00%;2728
198;;;75;0,01%;2730
198;;;59;0,52%;2733
198;;;112;0,53%;2873
198;;;1025;0,00%;2875
198;;;54;0,63%;2884
198;;;102;0,64%;3161
198;;;851;0,01%;3163
198;;;76;1,66%;3188
198;;;63;0,00%;3329
198;;;1244;1,66%;3330
198;;;737;0,03%;3331
198;;;567;0,69%;3333
198;;;132;0,13%;3334
198;;;34;0,15%;3369
198;;;57;0,02%;3370
198;;;62;6,45%;3371
198;;;94;0,08%;3372
198;;;100;2,28%;3373
197;;;26;0,31%;16
197;;;29;0,00%;17
197;;;882;0,03%;35
197;;;79;0,14%;42
197;;;80;0,00%;43
197;;;457;0,32%;51
197;;;130;0,73%;67
197;;;592;0,00%;69
197;;;128;0,06%;106
197;;;129;0,21%;107
197;;;851;0,01%;142
197;;;582;1,17%;151
197;;;16;1,45%;158
197;;;112;0,53%;175
197;;;94;0,08%;198
197;;;567;0,69%;235
197;;;142;0,45%;498
197;;;65;1,93%;1186
197;;;33;0,14%;1244
197;;;57;0,02%;1745
197;;;139;0,06%;1754
197;;;426;0,01%;2373
197;;;19;2,23%;2432
197;;;52;0,68%;2541
197;;;633;0,33%;2545
197;;;47;0,53%;2914
197;;;8;5,04%;3350
197;;;28;2,20%;3351
197;;;54;0,63%;3352
197;;;60;8,95%;3353
197;;;62;6,45%;3354
197;;;66;0,02%;3355
197;;;69;0,42%;3356
197;;;75;0,01%;3357
197;;;661;0,23%;3358
197;;;612;0,59%;3359
197;;;85;7,86%;3360
197;;;59;0,52%;3361
197;;;106;1,36%;3362
197;;;108;0,11%;3363
197;;;501;3,84%;3364
197;;;107;0,30%;3365
197;;;120;0,87%;3366
197;;;909;0,94%;3367
197;;;141;0,30%;3368
196;;;862;0,00%;30
196;;;83;0,15%;45
196;;;749;0,02%;357
196;;;759;0,02%;370
196;;;953;0,01%;426
196;;;909;0,94%;478
196;;;670;0,82%;538
196;;;807;0,01%;788
196;;;69;0,42%;833
196;;;40;0,00%;877
196;;;8;5,04%;1511
196;;;106;1,36%;1524
196;;;107;0,30%;1528
196;;;16;1,45%;1566
196;;;715;0,17%;1577
196;;;108;0,11%;1585
196;;;62;6,45%;1633
196;;;132;0,13%;1654
196;;;141;0,30%;1656
196;;;57;0,02%;1950
196;;;111;0,53%;2146
196;;;65;1,93%;2168
196;;;17;0,18%;2347
196;;;25;0,00%;2831
196;;;1085;0,01%;2855
196;;;1194;0,00%;2942
196;;;63;0,00%;3282
196;;;116;0,00%;3298
196;;;1148;0,10%;3306
196;;;49;2,31%;3317
196;;;77;0,05%;3319
196;;;5;1,15%;3341
196;;;6;0,58%;3342
196;;;234;0,27%;3343
196;;;92;0,00%;3344
196;;;336;0,00%;3345
196;;;52;0,68%;3346
196;;;100;2,28%;3347
196;;;475;0,10%;3348
196;;;114;2,21%;3349
195;;;215;0,01%;2
195;;;579;0,04%;6
195;;;33;0,14%;14
195;;;29;0,00%;17
195;;;658;0,16%;19
195;;;882;0,03%;35
195;;;73;0,35%;40
195;;;77;0%;41
195;;;79;0,14%;42
195;;;80;0,00%;43
195;;;59;0,52%;50
195;;;457;0,32%;51
195;;;110;0,09%;55
195;;;737;0,03%;56
195;;;132;0,13%;68
195;;;16;1,45%;80
195;;;48;0,42%;84
195;;;52;0,68%;86
195;;;661;0,23%;91
195;;;501;3,84%;102
195;;;129;0,21%;107
195;;;592;0,00%;108
195;;;66;0,02%;133
195;;;102;0,64%;138
195;;;851;0,01%;142
195;;;909;0,94%;150
195;;;582;1,17%;151
195;;;37;1,29%;160
195;;;112;0,53%;175
195;;;584;0,28%;182
195;;;54;0,63%;196
195;;;106;1,36%;203
195;;;790;0,27%;205
195;;;567;0,69%;235
195;;;141;0,30%;295
195;;;142;0,45%;498
195;;;120;0,87%;505
195;;;139;0,06%;507
195;;;12;0,47%;558
195;;;62;6,45%;953
195;;;5;1,15%;1180
195;;;1033;0,01%;1388
195;;;286;0,00%;1481
195;;;57;0,02%;1745
195;;;85;7,86%;2372
195;;;426;0,01%;2373
195;;;26;0,31%;2416
195;;;19;2,23%;2432
195;;;47;0,53%;2447
195;;;108;0,11%;2458
195;;;128;0,06%;2468
195;;;649;0,00%;2500
195;;;42;0,07%;3003
195;;;8;5,04%;3335
195;;;23;1,24%;3336
195;;;28;2,20%;3337
195;;;60;8,95%;3338
195;;;88;1,66%;3339
195;;;100;2,28%;3340
194;;;215;0,01%;311
194;;;7;0,05%;312
194;;;12;0,47%;320
194;;;33;0,14%;329
194;;;30;0,03%;334
194;;;34;0,15%;336
194;;;48;0,42%;344
194;;;53;0,00%;347
194;;;749;0,02%;357
194;;;77;0,05%;364
194;;;79;0,14%;366
194;;;661;0,23%;371
194;;;426;0,01%;374
194;;;24;0,09%;376
194;;;1043;0,00%;379
194;;;612;0,59%;381
194;;;102;0,64%;384
194;;;1072;0,08%;402
194;;;782;0,00%;406
194;;;592;0,00%;422
194;;;141;0,30%;429
194;;;18;0,23%;438
194;;;40;0,00%;444
194;;;882;0,03%;451
194;;;80;0,00%;458
194;;;81;0,00%;459
194;;;107;0,30%;469
194;;;28;2,20%;530
194;;;769;0,30%;532
194;;;62;6,45%;534
194;;;69;0,42%;536
194;;;670;0,82%;538
194;;;1108;0,22%;539
194;;;582;1,17%;553
194;;;139;0,06%;555
194;;;143;0,14%;556
194;;;807;0,01%;788
194;;;584;0,28%;852
194;;;811;0,03%;1065
194;;;8;5,04%;1080
194;;;1163;0,12%;1085
194;;;26;0,31%;1087
194;;;27;0,07%;1088
194;;;37;1,29%;1089
194;;;106;1,36%;1101
194;;;123;0,43%;1103
194;;;120;0,87%;1106
194;;;121;4,78%;1107
194;;;130;0,73%;1110
194;;;114;2,21%;1284
194;;;142;0,45%;1544
194;;;13;0,22%;1545
194;;;49;2,31%;1551
194;;;501;3,84%;1558
194;;;286;0,00%;1570
194;;;52;0,68%;1737
194;;;89;1,66%;1739
194;;;110;0,09%;2020
194;;;47;0,53%;2052
194;;;1041;0,02%;2237
194;;;256;0,35%;2395
194;;;1190;0,00%;2396
194;;;128;0,06%;2401
194;;;70;0,00%;2728
194;;;75;0,01%;2730
194;;;59;0,52%;2733
194;;;60;8,95%;2868
194;;;610;0,00%;2990
194;;;799;0,04%;3119
194;;;76;1,66%;3188
194;;;54;0,63%;3328
194;;;63;0,00%;3329
194;;;1244;0,00%;3330
194;;;737;0,03%;3331
194;;;112;0,53%;3332
194;;;567;0,69%;3333
194;;;132;0,13%;3334
193;;;579;0,04%;6
193;;;782;0,00%;406
193;;;65;1,93%;490
193;;;18;0,23%;818
193;;;76;1,66%;836
193;;;584;0,28%;852
193;;;34;0,15%;873
193;;;1121;0,17%;905
193;;;426;0,01%;909
193;;;105;0,26%;915
193;;;127;1,38%;936
193;;;96;0,82%;1285
193;;;7;0,05%;1561
193;;;16;1,45%;1566
193;;;1163;0,12%;1568
193;;;37;1,29%;1572
193;;;60;8,95%;1576
193;;;108;0,11%;1585
193;;;501;3,84%;1588
193;;;940;0,94%;1589
193;;;120;0,87%;1591
193;;;13;0,22%;1622
193;;;100;2,28%;1646
193;;;1179;0,00%;2135
193;;;79;0,14%;2139
193;;;592;0,00%;2157
193;;;139;0,06%;2219
193;;;92;0,00%;2251
193;;;121;4,78%;2262
193;;;131;0,03%;2276
193;;;40;0,00%;2404
193;;;25;0,00%;2831
193;;;658;0,16%;2834
193;;;70;0,00%;2842
193;;;457;0,32%;2847
193;;;1085;0,01%;2855
193;;;142;0,45%;3266
193;;;21;0,01%;3268
193;;;54;0,63%;3278
193;;;106;1,36%;3294
193;;;116;0,00%;3298
193;;;1148;0,10%;3306
193;;;5;1,15%;3308
193;;;215;0,01%;3309
193;;;8;5,04%;3310
193;;;19;2,23%;3311
193;;;22;0,00%;3312
193;;;23;1,24%;3313
193;;;26;0,31%;3314
193;;;286;0,00%;3315
193;;;42;0,07%;3316
193;;;49;2,31%;3317
193;;;62;6,45%;3318
193;;;77;0,05%;3319
193;;;1108;0,22%;3320
193;;;81;0,00%;3321
193;;;661;0,23%;3322
193;;;59;0,52%;3323
193;;;633;0,33%;3324
193;;;737;0,03%;3325
193;;;567;0,69%;3326
193;;;708;0,00%;3327
192;;;5;1,15%;309
192;;;93;0,04%;328
192;;;110;0,09%;391
192;;;1041;0,02%;455
192;;;661;0,23%;492
192;;;1033;0,01%;762
192;;;1072;0,08%;786
192;;;807;0,01%;788
192;;;16;1,45%;815
192;;;18;0,23%;818
192;;;62;6,45%;830
192;;;79;0,14%;835
192;;;584;0,28%;852
192;;;19;2,23%;862
192;;;33;0,14%;864
192;;;43;0,00%;881
192;;;47;0,53%;883
192;;;56;0,00%;892
192;;;715;0,17%;895
192;;;72;0,08%;901
192;;;1121;0,17%;905
192;;;426;0,01%;909
192;;;102;0,64%;914
192;;;114;2,21%;923
192;;;790;0,27%;928
192;;;127;1,38%;936
192;;;128;0,06%;938
192;;;130;0,73%;940
192;;;138;0,00%;944
192;;;953;0,01%;946
192;;;966;0,24%;947
192;;;107;0,30%;1528
192;;;25;0,00%;1548
192;;;1163;0,12%;1568
192;;;59;0,52%;1583
192;;;108;0,11%;1585
192;;;120;0,87%;1591
192;;;13;0,22%;1622
192;;;40;0,00%;1628
192;;;81;0,00%;1640
192;;;612;0,59%;1641
192;;;1195;0,00%;1652
192;;;132;0,13%;1654
192;;;649;0,00%;1860
192;;;41;0,09%;1863
192;;;76;1,66%;1871
192;;;737;0,03%;1965
192;;;27;0,07%;2126
192;;;454;0,17%;2142
192;;;592;0,00%;2157
192;;;1025;0,00%;2175
192;;;92;0,00%;2251
192;;;69;0,42%;2255
192;;;80;0,00%;2257
192;;;1114;0,00%;2261
192;;;17;0,18%;2347
192;;;1089;0,03%;2650
192;;;658;0,16%;2834
192;;;1223;0,01%;2837
192;;;65;1,93%;2839
192;;;457;0,32%;2847
192;;;1085;0,01%;2855
192;;;689;0,50%;2858
192;;;141;0,30%;2861
192;;;6;0,58%;3263
192;;;215;0,01%;3264
192;;;8;5,04%;3265
192;;;142;0,45%;3266
192;;;12;0,47%;3267
192;;;21;0,01%;3268
192;;;23;1,24%;3269
192;;;1220;0,14%;3270
192;;;29;0,00%;3271
192;;;34;0,15%;3272
192;;;37;1,29%;3273
192;;;42;0,07%;3274
192;;;48;0,42%;3275
192;;;49;2,31%;3276
192;;;52;0,68%;3277
192;;;54;0,63%;3278
192;;;57;0,02%;3279
192;;;811;0,03%;3280
192;;;60;8,95%;3281
192;;;63;0,00%;3282
192;;;749;0,02%;3283
192;;;882;0,03%;3284
192;;;66;0,02%;3285
192;;;68;0,00%;3286
192;;;670;0,82%;3287
192;;;77;0,05%;3288
192;;;1207;1,22%;3289
192;;;88;1,66%;3290
192;;;1244;0,00%;3291
192;;;100;2,28%;3292
192;;;633;0,33%;3293
192;;;106;1,36%;3294
192;;;123;0,43%;3295
192;;;111;0,53%;3296
192;;;112;0,53%;3297
192;;;116;0,00%;3298
192;;;96;0,82%;3299
192;;;541;0,70%;3300
192;;;118;0,47%;3301
192;;;121;4,78%;3302
192;;;122;0,00%;3303
192;;;567;0,69%;3304
192;;;582;1,17%;3305
192;;;1148;0,10%;3306
192;;;708;0,00%;3307
191;;;1043;0,00%;48
191;;;132;0,13%;209
191;;;60;8,95%;598
191;;;94;0,08%;602
191;;;100;2,28%;610
191;;;501;3,84%;615
191;;;120;0,87%;619
191;;;6;0,58%;1005
191;;;13;0,22%;1009
191;;;19;2,23%;1012
191;;;286;0,00%;1016
191;;;54;0,63%;1019
191;;;822;0,00%;1020
191;;;62;6,45%;1021
191;;;457;0,32%;1030
191;;;112;0,53%;1033
191;;;541;0,70%;1037
191;;;118;0,47%;1039
191;;;567;0,69%;1041
191;;;53;0,00%;1125
191;;;24;0,09%;1172
191;;;139;0,06%;1179
191;;;75;0,01%;1436
191;;;26;0,31%;2082
191;;;906;0,00%;2218
191;;;811;0,03%;2254
191;;;47;0,53%;2557
191;;;52;0,68%;2559
191;;;117;0,01%;2949
191;;;142;0,45%;3234
191;;;18;0,23%;3235
191;;;22;0,00%;3236
191;;;23;1,24%;3237
191;;;649;0,00%;3238
191;;;28;2,20%;3239
191;;;42;0,07%;3240
191;;;610;0,00%;3241
191;;;715;0,17%;3242
191;;;65;1,93%;3243
191;;;67;0,00%;3244
191;;;69;0,42%;3245
191;;;426;0,01%;3246
191;;;86;0,00%;3247
191;;;59;0,52%;3248
191;;;102;0,64%;3249
191;;;106;1,36%;3250
191;;;108;0,11%;3251
191;;;123;0,43%;3252
191;;;114;2,21%;3253
191;;;505;0,00%;3254
191;;;144;0,00%;3255
191;;;790;0,27%;3256
191;;;884;0,00%;3257
191;;;782;0,00%;3258
191;;;121;4,78%;3259
191;;;127;1,38%;3260
191;;;128;0,06%;3261
191;;;143;0,14%;3262
191;;;8;5,04%;
191;;;12;0,47%;
191;;;16;1,45%;
191;;;30;0,03%;
191;;;658;0,16%;
191;;;76;1,66%;
191;;;1121;0,17%;
191;;;85;7,86%;
190;;;29;0,00%;17
190;;;658;0,16%;19
190;;;79;0,14%;42
190;;;59;0,52%;50
190;;;457;0,32%;51
190;;;130;0,73%;67
190;;;132;0,13%;68
190;;;13;0,22%;79
190;;;129;0,21%;107
190;;;592;0,00%;108
190;;;23;1,24%;118
190;;;52;0,68%;126
190;;;60;8,95%;130
190;;;65;1,93%;132
190;;;851;0,01%;142
190;;;107;0,30%;143
190;;;582;1,17%;151
190;;;37;1,29%;160
190;;;790;0,27%;205
190;;;33;0,14%;522
190;;;501;3,84%;957
190;;;57;0,02%;1745
190;;;139;0,06%;1754
190;;;426;0,01%;2373
190;;;19;2,23%;2432
190;;;6;0,58%;2486
190;;;120;0,87%;3008
190;;;142;0,45%;3230
190;;;47;1%;3231
190;;;661;0,23%;3232
190;;;909;0,94%;3233
190;;;77;0,05%;
189;;;73;0%;40
189;;;37;1,29%;160
189;;;121;4,78%;180
189;;;65;2%;266
189;;;16;1%;632
189;;;60;9%;690
189;;;661;0%;1724
189;;;100;2%;1727
189;;;106;1%;1730
189;;;28;2%;1846
189;;;48;0%;1847
189;;;96;1%;2375
189;;;141;0,30%;2377
189;;;27;0%;2670
189;;;62;6%;2674
189;;;34;0,15%;2686
189;;;105;0%;2692
189;;;111;1%;2696
189;;;42;0%;3003
189;;;120;0,87%;3008
189;;;8;5,04%;3222
189;;;23;1,24%;3223
189;;;54;1%;3224
189;;;107;0,30%;3225
189;;;584;0,28%;3226
189;;;909;1%;3227
189;;;582;1%;3228
189;;;592;0,00%;3229
186;;;83;0,15%;45
186;;;130;0,73%;67
186;;;708;0,00%;70
186;;;121;4,78%;284
186;;;7;0,05%;312
186;;;759;0,02%;370
186;;;953;0,01%;426
186;;;1108;0,22%;539
186;;;139;0,06%;555
186;;;16;1,45%;579
186;;;100;2,28%;610
186;;;26;0,31%;715
186;;;737;0,03%;776
186;;;5;1,15%;975
186;;;661;0,23%;1438
186;;;410;0,00%;1554
186;;;129;0,21%;1838
186;;;1175;0,00%;2013
186;;;1041;0,02%;2237
186;;;54;0,63%;2450
186;;;85;7,86%;2455
186;;;118;0,47%;2464
186;;;909;0,94%;2467
186;;;127;1,38%;2573
186;;;114;2,21%;2721
186;;;286;0,00%;2785
186;;;94;0,08%;2975
186;;;799;0,04%;3119
186;;;689;0,50%;3131
186;;;8;5,04%;3193
186;;;12;0,47%;3194
186;;;92;0,00%;3195
186;;;1163;0,12%;3196
186;;;22;0,00%;3197
186;;;28;2,20%;3198
186;;;658;0,16%;3199
186;;;37;1,29%;3200
186;;;47;0,53%;3201
186;;;48;0,42%;3202
186;;;52;0,68%;3203
186;;;60;8,95%;3204
186;;;62;6,45%;3205
186;;;65;1,93%;3206
186;;;67;0,00%;3207
186;;;69;0,42%;3208
186;;;1121;0,17%;3209
186;;;88;1,66%;3210
186;;;633;0,33%;3211
186;;;111;0,53%;3212
186;;;501;3,84%;3213
186;;;107;0,30%;3214
186;;;96;0,82%;3215
186;;;1072;0,08%;3216
186;;;1085;0,01%;3217
186;;;584;0,28%;3218
186;;;582;1,17%;3219
186;;;128;0,06%;3220
186;;;131;0,03%;3221
185;;;12;0,47%;10
185;;;26;0,31%;16
185;;;29;0,00%;17
185;;;52;0,68%;26
185;;;77;0,05%;41
185;;;79;0,14%;42
185;;;85;7,86%;46
185;;;59;0,52%;50
185;;;457;0,32%;51
185;;;16;1,45%;80
185;;;48;0,42%;84
185;;;112;0,53%;100
185;;;128;0,06%;106
185;;;129;0,21%;107
185;;;60;8,95%;130
185;;;65;1,93%;132
185;;;851;0,01%;142
185;;;909;0,94%;150
185;;;37;1,29%;160
185;;;106;1,36%;203
185;;;790;0,27%;205
185;;;28;2,20%;241
185;;;142;0,45%;498
185;;;69;0,42%;501
185;;;13;0,22%;510
185;;;33;0,14%;522
185;;;23;1,24%;568
185;;;96;0,82%;575
185;;;689;0,50%;1253
185;;;5;1,15%;1499
185;;;107;0,30%;1661
185;;;18;0,23%;1693
185;;;8;5,04%;1743
185;;;57;0%;1745
185;;;111;0,53%;1752
185;;;139;0,06%;1754
185;;;426;0,01%;2373
185;;;19;2,23%;2432
185;;;47;0,53%;2447
185;;;501;3,84%;2461
185;;;661;0%;2505
185;;;120;0,87%;2510
185;;;633;0%;2545
185;;;62;6,45%;2755
185;;;141;0,30%;3192
182;;;83;0,15%;45
182;;;799;0,04%;204
182;;;215;0,01%;311
182;;;7;0,05%;312
182;;;12;0,47%;320
182;;;33;0,14%;329
182;;;649;0,00%;332
182;;;30;0,03%;334
182;;;34;0,15%;336
182;;;48;0,42%;344
182;;;53;0,00%;347
182;;;66;0,02%;360
182;;;77;0,05%;364
182;;;79;0,14%;366
182;;;81;0,00%;368
182;;;661;0,23%;371
182;;;426;0,01%;374
182;;;24;0,09%;376
182;;;1043;0,00%;379
182;;;612;0,59%;381
182;;;454;0,17%;382
182;;;102;0,64%;384
182;;;110;0,09%;391
182;;;1072;0,08%;402
182;;;119;0,28%;412
182;;;592;0,00%;422
182;;;141;0,30%;429
182;;;16;1,45%;436
182;;;19;2,23%;439
182;;;23;1,24%;440
182;;;28;2,20%;441
182;;;37;1,29%;443
182;;;40;0,00%;444
182;;;882;0,03%;451
182;;;123;0,43%;464
182;;;114;2,21%;467
182;;;501;3,84%;468
182;;;107;0,30%;469
182;;;940;0,94%;470
182;;;127;1,38%;479
182;;;689;0,50%;487
182;;;15;0,02%;528
182;;;769;0,30%;532
182;;;62;6,45%;534
182;;;670;0,82%;538
182;;;1108;0,22%;539
182;;;121;4,78%;550
182;;;139;0,06%;555
182;;;143;0,14%;556
182;;;584;0,28%;852
182;;;47;0,53%;883
182;;;811;0,03%;1065
182;;;737;0,03%;1067
182;;;582;1,17%;1073
182;;;8;5,04%;1080
182;;;142;0,45%;1081
182;;;26;0,31%;1087
182;;;57;0,02%;1093
182;;;106;1,36%;1101
182;;;120;0,87%;1106
182;;;567;0,69%;1108
182;;;130;0,73%;1110
182;;;108;0,11%;1199
182;;;42;0,07%;1280
182;;;138;0,00%;1288
182;;;111;0,53%;1526
182;;;80;0,00%;1535
182;;;909;0,94%;1541
182;;;13;0,22%;1545
182;;;49;2,31%;1551
182;;;5;1,15%;1734
182;;;52;0,68%;1737
182;;;69;0,42%;1738
182;;;89;1,66%;1739
182;;;118;0,47%;1742
182;;;1041;0,02%;2237
182;;;1190;0,00%;2396
182;;;128;0,06%;2401
182;;;75;0,01%;2730
182;;;59;0,52%;2733
182;;;60;8,95%;2868
182;;;112;0,53%;2873
182;;;54;0,63%;2884
182;;;610;0,00%;2990
182;;;6;0,58%;3182
182;;;11;0,58%;3183
182;;;92;0,00%;3184
182;;;1163;0,12%;3185
182;;;336;0,00%;3186
182;;;70;0,00%;3187
182;;;76;1,66%;3188
182;;;100;2,28%;3189
182;;;790;0,27%;3190
182;;;601;0,00%;3191
180;;;30;0,03%;18
180;;;73;0,33%;40
180;;;80;0,00%;43
180;;;457;0,32%;51
180;;;541;0,70%;61
180;;;592;0,00%;69
180;;;114;2,22%;101
180;;;129;0,21%;107
180;;;60;8,96%;130
180;;;66;0,02%;133
180;;;851;0,01%;142
180;;;37;1,30%;160
180;;;52;0,67%;163
180;;;79;0,14%;200
180;;;790;0,27%;205
180;;;5;1,15%;251
180;;;57;0,02%;264
180;;;62;6,38%;265
180;;;65;1,93%;266
180;;;118;0,50%;269
180;;;69;0,42%;501
180;;;16;1,42%;632
180;;;85;7,92%;691
180;;;127;1,37%;696
180;;;139;0,06%;1376
180;;;633;0,33%;1497
180;;;26;0,29%;1696
180;;;48;0,42%;1721
180;;;661;0,23%;1724
180;;;100;2,27%;1727
180;;;59;0,53%;1728
180;;;909;0,95%;1732
180;;;28;2,03%;1846
180;;;34;0,15%;2370
180;;;107;0,29%;2374
180;;;141;0,31%;2377
180;;;19;2,20%;2666
180;;;23;1,40%;2669
180;;;88;1,68%;2691
180;;;105;0,27%;2692
180;;;106;1,35%;2693
180;;;108;0,11%;2694
180;;;111;0,54%;2696
180;;;120;0,84%;3008
180;;;8;5,07%;3172
180;;;142;0,44%;3173
180;;;13;0,21%;3174
180;;;1220;0,14%;3175
180;;;29;0,00%;3176
180;;;54;0,64%;3177
180;;;67;0,00%;3178
180;;;76;1,75%;3179
180;;;582;1,17%;3180
180;;;143;0,14%;3181
179;;;12;0,47%;10
179;;;26;0,31%;16
179;;;29;0,00%;17
179;;;77;0,05%;41
179;;;80;0,00%;43
179;;;457;0,32%;51
179;;;592;0,00%;69
179;;;13;0,22%;79
179;;;16;1,45%;80
179;;;128;0,06%;106
179;;;129;0,21%;107
179;;;60;8,95%;130
179;;;65;1,93%;132
179;;;66;0,02%;133
179;;;851;0,01%;142
179;;;582;1,17%;151
179;;;37;1,29%;160
179;;;111;0,53%;174
179;;;112;0,53%;175
179;;;52;0,68%;195
179;;;54;0,63%;196
179;;;79;0,14%;200
179;;;106;1,36%;203
179;;;790;0,27%;205
179;;;118;0,47%;207
179;;;141;0,30%;210
179;;;142;0,45%;498
179;;;69;0,42%;501
179;;;5;1,15%;509
179;;;33;0,14%;522
179;;;23;1,24%;568
179;;;658;0,16%;967
179;;;108;0,11%;972
179;;;689;0,50%;1253
179;;;57;0,02%;1745
179;;;85;7,86%;1749
179;;;139;0,06%;1754
179;;;426;0,01%;2373
179;;;633;0,33%;2456
179;;;120;0,87%;2510
179;;;8;5,04%;2516
179;;;48;0,42%;3169
179;;;62;6,45%;3170
179;;;72;0,08%;3171
178;;;5;1,15%;
178;;;215;0,01%;
178;;;7;0,05%;
178;;;8;5,04%;
178;;;142;0,45%;
178;;;12;0,47%;
178;;;13;0,22%;
178;;;16;1,45%;
178;;;256;0,35%;
178;;;18;0,23%;
178;;;19;2,23%;
178;;;92;0,00%;
178;;;1163;0,12%;
178;;;23;1,24%;
178;;;1190;0,00%;
178;;;26;0,31%;
178;;;649;0,00%;
178;;;28;2,20%;
178;;;34;0,15%;
178;;;37;1,29%;
178;;;40;0,00%;
178;;;610;0,00%;
178;;;47;0,53%;
178;;;48;0,42%;
178;;;49;2,31%;
178;;;52;0,68%;
178;;;53;0,00%;
178;;;54;0,63%;
178;;;60;8,95%;
178;;;62;6,45%;
178;;;749;0,02%;
178;;;882;0,03%;
178;;;390;0,00%;
178;;;66;0,02%;
178;;;69;0,42%;
178;;;70;0,00%;
178;;;670;0,82%;
178;;;77;0,05%;
178;;;1108;0,22%;
178;;;1041;0,02%;
178;;;79;0,14%;
178;;;76;1,66%;
178;;;80;0,00%;
178;;;81;0,00%;
178;;;661;0,23%;
178;;;612;0,59%;
178;;;83;0,15%;
178;;;426;0,01%;
178;;;24;0,09%;
178;;;87;0,28%;
178;;;89;1,66%;
178;;;88;1,66%;
178;;;454;0,17%;
178;;;100;2,28%;
178;;;59;0,52%;
178;;;102;0,64%;
178;;;106;1,36%;
178;;;108;0,11%;
178;;;123;0,43%;
178;;;111;0,53%;
178;;;737;0,03%;
178;;;112;0,53%;
178;;;114;2,21%;
178;;;501;3,84%;
178;;;107;0,30%;
178;;;96;0,82%;
178;;;790;0,27%;
178;;;1072;0,08%;
178;;;118;0,47%;
178;;;120;0,87%;
178;;;121;4,78%;
178;;;567;0,69%;
178;;;584;0,28%;
178;;;909;0,94%;
178;;;582;1,17%;
178;;;130;0,73%;
178;;;132;0,13%;
178;;;592;0,00%;
178;;;139;0,06%;
178;;;601;0,00%;
178;;;141;0,30%;
178;;;143;0,14%;
176;;;33;0,14%;14
176;;;26;0,29%;16
176;;;29;0,00%;17
176;;;59;0,53%;50
176;;;108;0,11%;53
176;;;110;0,09%;55
176;;;130;0,73%;67
176;;;592;0,00%;69
176;;;426;0,01%;93
176;;;129;0,21%;107
176;;;16;1,42%;113
176;;;60;8,96%;130
176;;;107;0,29%;143
176;;;111;0,54%;174
176;;;112;0,53%;175
176;;;94;0,08%;198
176;;;79;0,14%;200
176;;;106;1,35%;203
176;;;790;0,27%;205
176;;;141;0,31%;210
176;;;582;1,17%;308
176;;;142;0,44%;498
176;;;5;1,15%;509
176;;;13;0,21%;510
176;;;6;0,58%;567
176;;;139;0,06%;1376
176;;;62;6,38%;1380
176;;;66;0%;1493
176;;;57;0,02%;1745
176;;;34;0,15%;2301
176;;;19;2,20%;2432
176;;;501;3,81%;2461
176;;;85;7,92%;2490
176;;;649;0,00%;2500
176;;;52;0,67%;2817
176;;;23;1,40%;3166
176;;;612;0,60%;3167
176;;;120;0,84%;3168
174;;;80;0,00%;43
174;;;50;0,00%;181
174;;;127;1,37%;2573
174;;;56;0,00%;3165
174;;;142;0,44%;
174;;;12;0,46%;
174;;;13;0,21%;
174;;;17;0,17%;
174;;;18;0,23%;
174;;;29;0,00%;
174;;;37;1,30%;
174;;;68;0,00%;
174;;;826;0,00%;
174;;;75;0,01%;
174;;;79;0,14%;
174;;;661;0,23%;
174;;;85;7,92%;
174;;;106;1,35%;
174;;;114;2,22%;
174;;;96;0,85%;
174;;;121;4,81%;
174;;;129;0,21%;
174;;;906;0,00%;
172;;;862;0,00%;30
172;;;215;0,01%;311
172;;;7;0,05%;312
172;;;256;0,33%;323
172;;;18;0,23%;324
172;;;19;2,20%;325
172;;;649;0,00%;332
172;;;37;1,30%;337
172;;;40;0,00%;339
172;;;48;0,42%;344
172;;;49;2,28%;345
172;;;53;0,00%;347
172;;;60;8,96%;354
172;;;749;0,02%;357
172;;;66;0,02%;360
172;;;69;0,42%;361
172;;;79;0,14%;366
172;;;426;0,01%;374
172;;;454;0,17%;382
172;;;633;0,33%;386
172;;;123;0,46%;390
172;;;110;0,09%;391
172;;;114;2,22%;396
172;;;501;3,81%;397
172;;;1072;0,07%;402
172;;;884;0,00%;405
172;;;782;0,00%;406
172;;;584;0,28%;412
172;;;127;1,37%;414
172;;;132;0,15%;420
172;;;592;0,00%;422
172;;;888;0,01%;425
172;;;141;0,31%;429
172;;;130;0,73%;482
172;;;769;0,30%;532
172;;;670;0,80%;538
172;;;143;0,14%;556
172;;;5;1,15%;1061
172;;;811;0,03%;1065
172;;;737;0,03%;1067
172;;;96;0,85%;1070
172;;;953;0,01%;1075
172;;;1163;0,11%;1085
172;;;142;0,44%;1192
172;;;966;0,24%;1205
172;;;286;0,00%;1570
172;;;658;0,16%;1946
172;;;8;5,07%;2051
172;;;47;0,53%;2052
172;;;1041;0,02%;2237
172;;;33;0,14%;2629
172;;;23;1,40%;2630
172;;;65;1,93%;2639
172;;;139;0,06%;2656
172;;;610;0,00%;2866
172;;;601;0,00%;2877
172;;;52;0,67%;2895
172;;;59;0,53%;2896
172;;;121;4,81%;2988
172;;;9;0,00%;3155
172;;;28;2,03%;3156
172;;;1145;0,00%;3157
172;;;612;0,60%;3158
172;;;83;0,15%;3159
172;;;100;2,27%;3160
172;;;102;0,61%;3161
172;;;108;0,11%;3162
172;;;851;0,01%;3163
172;;;909;0,95%;3164
171;;;68;0,00%;38
171;;;582;1,17%;151
171;;;790;0,27%;205
171;;;567;0,69%;235
171;;;807;0,01%;268
171;;;13;0,21%;644
171;;;33;0,14%;1329
171;;;129;0,21%;1358
171;;;65;1,93%;1723
171;;;105;0,27%;1729
171;;;909;0,95%;1732
171;;;141;0,31%;2377
171;;;128;0,06%;2468
171;;;649;0,00%;2500
171;;;5;1,15%;3133
171;;;142;0,44%;3134
171;;;19;2,20%;3135
171;;;23;1,40%;3136
171;;;26;0,29%;3137
171;;;28;2,03%;3138
171;;;37;1,30%;3139
171;;;42;0,07%;3140
171;;;52;0,67%;3141
171;;;57;0,02%;3142
171;;;62;6,38%;3143
171;;;79;0,14%;3144
171;;;85;7,92%;3145
171;;;426;0,01%;3146
171;;;457;0,32%;3147
171;;;106;1,35%;3148
171;;;108;0,11%;3149
171;;;114;2,22%;3150
171;;;107;0,29%;3151
171;;;96;0,85%;3152
171;;;120;0,84%;3153
171;;;689;0,50%;3154
170;;;579;0,05%;6
170;;;759;0,00%;370
170;;;612;0,60%;381
170;;;782;0,00%;406
170;;;1067;0,00%;424
170;;;953;0,01%;426
170;;;1163;0,11%;710
170;;;25;0,00%;714
170;;;26;0,29%;715
170;;;454;0,17%;763
170;;;737;0,03%;776
170;;;130;0,73%;940
170;;;633;0,33%;1523
170;;;60;8,96%;1576
170;;;132;0,15%;1654
170;;;658;0,16%;1986
170;;;1089;0,02%;2021
170;;;966;0,24%;2039
170;;;121;4,81%;2262
170;;;65;1,93%;2639
170;;;92;0,00%;2740
170;;;457;0,32%;2805
170;;;37;1,30%;2971
170;;;44;0,00%;3027
170;;;5;1,15%;3087
170;;;6;0,58%;3088
170;;;8;5,07%;3089
170;;;142;0,44%;3090
170;;;16;1,42%;3091
170;;;19;2,20%;3092
170;;;22;0,00%;3093
170;;;649;0,00%;3094
170;;;28;2,03%;3095
170;;;29;0,00%;3096
170;;;286;0,00%;3097
170;;;34;0,15%;3098
170;;;40;0,00%;3099
170;;;41;0,10%;3100
170;;;42;0,07%;3101
170;;;610;0,00%;3102
170;;;669;0,32%;3103
170;;;49;2,28%;3104
170;;;52;0,67%;3105
170;;;62;6,38%;3106
170;;;715;0,17%;3107
170;;;749;0,02%;3108
170;;;390;0,00%;3109
170;;;66;0,02%;3110
170;;;69;0,42%;3111
170;;;73;0,33%;3112
170;;;670;0,80%;3113
170;;;76;1,75%;3114
170;;;81;0,00%;3115
170;;;88;1,68%;3116
170;;;100;2,27%;3117
170;;;102;0,61%;3118
170;;;799;0,04%;3119
170;;;111;0,54%;3120
170;;;114;2,22%;3121
170;;;501;3,81%;3122
170;;;96;0,85%;3123
170;;;790;0,27%;3124
170;;;118;0,50%;3125
170;;;1025;0,00%;3126
170;;;567;0,69%;3127
170;;;50;0,00%;3128
170;;;582;1,17%;3129
170;;;708;0,00%;3130
170;;;689;0,50%;3131
170;;;736;0,00%;3132
169;;;972;0,00%;178
169;;;1036;0,00%;851
169;;;976;0,00%;1417
169;;;960;0,00%;1441
169;;;989;0,00%;1459
169;;;1160;0,00%;1476
169;;;1055;0,00%;1741
169;;;1069;0,00%;1769
169;;;621;0,00%;1821
169;;;678;0,00%;1920
169;;;781;0,00%;1931
169;;;1198;0,00%;2901
169;;;944;0,00%;2910
169;;;1094;0,00%;2915
169;;;1127;0,00%;2916
169;;;1204;0,00%;2943
169;;;829;0,00%;3012
169;;;1044;0,00%;3013
169;;;863;0,00%;3014
169;;;1058;0,00%;3015
169;;;1080;0,00%;3016
169;;;1019;0,00%;3017
169;;;1011;0,00%;3018
169;;;656;0,00%;3019
169;;;261;0,00%;3020
169;;;792;0,00%;3021
169;;;1018;0,00%;3022
169;;;911;0,00%;3023
169;;;1065;0,00%;3024
169;;;820;0,00%;3025
169;;;789;0,00%;3026
169;;;44;0,00%;3027
169;;;671;0,00%;3028
169;;;767;0,00%;3029
169;;;952;0,00%;3030
169;;;344;0,00%;3031
169;;;1193;0,00%;3032
169;;;912;0,00%;3033
169;;;350;0,00%;3034
169;;;794;0,00%;3035
169;;;1226;0,00%;3036
169;;;995;0,00%;3037
169;;;814;0,00%;3038
169;;;958;0,00%;3039
169;;;62;6,38%;3040
169;;;720;0,00%;3041
169;;;1147;0,00%;3042
169;;;1199;0,00%;3043
169;;;1214;0,00%;3044
169;;;1157;0,00%;3045
169;;;1073;0,00%;3046
169;;;614;0,00%;3047
169;;;733;0,00%;3048
169;;;908;0,00%;3049
169;;;622;0,00%;3050
169;;;700;0,00%;3051
169;;;1090;0,00%;3052
169;;;986;0,00%;3053
169;;;721;0,00%;3054
169;;;718;0,00%;3055
169;;;296;0,00%;3056
169;;;1131;0,00%;3057
169;;;898;0,00%;3058
169;;;1066;0,00%;3059
169;;;800;0,00%;3060
169;;;954;0,00%;3061
169;;;1213;0,00%;3062
169;;;716;0,00%;3063
169;;;1218;0,00%;3064
169;;;923;0,00%;3065
169;;;659;0,00%;3066
169;;;956;0,00%;3067
169;;;684;0,00%;3068
169;;;842;0,00%;3069
169;;;980;0,00%;3070
169;;;541;0,70%;3071
169;;;1071;0,00%;3072
169;;;832;0,00%;3073
169;;;831;0,00%;3074
169;;;1125;0,00%;3075
169;;;897;0,00%;3076
169;;;565;0,00%;3077
169;;;859;0,00%;3078
169;;;673;0,00%;3079
169;;;836;0,00%;3080
169;;;833;0,00%;3081
169;;;1047;0,00%;3082
169;;;708;0,00%;3083
169;;;726;0,00%;3084
169;;;883;0,00%;3085
169;;;907;0,00%;3086
168;;;114;2,22%;101
168;;;19;2,20%;581
168;;;65;1,93%;601
168;;;76;1,75%;606
168;;;454;0,17%;609
168;;;105;0,27%;1729
168;;;106;1,35%;1730
168;;;34;0,15%;2370
168;;;16;1,42%;2996
168;;;18;0,23%;2997
168;;;92;0,00%;2998
168;;;23;1,40%;2999
168;;;28;2,03%;3000
168;;;286;0,00%;3001
168;;;37;1,30%;3002
168;;;42;0,07%;3003
168;;;54;0,64%;3004
168;;;62;6,38%;3005
168;;;100;2,27%;3006
168;;;501;3,81%;3007
168;;;120;0,84%;3008
168;;;567;0,69%;3009
168;;;582;1,17%;3010
168;;;128;0,06%;3011
167;;;215;0,01%;311
167;;;7;0,05%;312
167;;;12;0,46%;320
167;;;649;0,00%;332
167;;;34;0,15%;336
167;;;48;0,42%;344
167;;;53;0,00%;347
167;;;66;0,02%;360
167;;;77;0,05%;364
167;;;79;0,14%;366
167;;;102;0,61%;384
167;;;1072;0,07%;402
167;;;592;0,00%;422
167;;;141;0,31%;429
167;;;16;1,42%;436
167;;;18;0,23%;438
167;;;40;0,00%;444
167;;;882;0,04%;451
167;;;81;0,00%;459
167;;;111;0,54%;465
167;;;501;3,81%;468
167;;;127;1,37%;479
167;;;769;0,30%;532
167;;;670;0,80%;538
167;;;114;2,22%;546
167;;;107;0,29%;547
167;;;143;0,14%;556
167;;;8;5,07%;1080
167;;;142;0,44%;1081
167;;;1163;0,11%;1085
167;;;26;0,29%;1087
167;;;27;0,08%;1088
167;;;37;1,30%;1089
167;;;57;0,02%;1093
167;;;123;0,46%;1103
167;;;118;0,50%;1105
167;;;121;4,81%;1107
167;;;130;0,73%;1110
167;;;108;0,11%;1199
167;;;23;1,40%;1279
167;;;80;0,00%;1535
167;;;661;0,23%;1536
167;;;100;2,27%;1538
167;;;909;0,95%;1541
167;;;49;2,28%;1551
167;;;5;1,15%;1734
167;;;52;0,67%;1737
167;;;89;1,68%;1739
167;;;658;0,16%;1946
167;;;47;0,53%;2052
167;;;1041;0,02%;2237
167;;;256;0,33%;2395
167;;;1190;0,00%;2396
167;;;70;0,00%;2728
167;;;75;0,01%;2730
167;;;88;1,68%;2732
167;;;59;0,53%;2733
167;;;28;2,03%;2865
167;;;60;8,96%;2868
167;;;62;6,38%;2869
167;;;83;0,15%;2870
167;;;112;0,53%;2873
167;;;54;0,64%;2884
167;;;19;2,20%;2989
167;;;610;0,00%;2990
167;;;811;0,03%;2991
167;;;69;0,42%;2992
167;;;106;1,35%;2993
167;;;96;0,85%;2994
167;;;129;0,21%;2995
166;;;215;0,01%;311
166;;;7;0,05%;312
166;;;12;0,46%;320
166;;;19;2,20%;325
166;;;649;0,00%;332
166;;;34;0,15%;336
166;;;37;1,30%;337
166;;;48;0,42%;344
166;;;60;8,96%;354
166;;;62;6,38%;355
166;;;66;0,02%;360
166;;;69;0,42%;361
166;;;79;0,14%;366
166;;;612;0,60%;381
166;;;100;2,27%;383
166;;;102;0,61%;384
166;;;123;0,46%;390
166;;;110;0,09%;391
166;;;114;2,22%;396
166;;;96;0,85%;400
166;;;1072;0,07%;402
166;;;118;0,50%;409
166;;;909;0,95%;413
166;;;127;1,37%;414
166;;;592;0,00%;422
166;;;141;0,31%;429
166;;;670;0,80%;538
166;;;5;1,15%;1061
166;;;737;0,03%;1067
166;;;953;0,01%;1075
166;;;142;0,44%;1081
166;;;1163;0,11%;1085
166;;;26;0,29%;1087
166;;;130;0,73%;1110
166;;;108;0,11%;1199
166;;;286;0,00%;1570
166;;;52;0,67%;1737
166;;;8;5,07%;2051
166;;;47;0,53%;2052
166;;;128;0,06%;2356
166;;;33;0,14%;2629
166;;;601;0,00%;2877
166;;;9;0,00%;2892
166;;;28;2,03%;2894
166;;;59;0,53%;2896
166;;;256;0,33%;2986
166;;;83;0,15%;2987
166;;;121;4,81%;2988
165;;;65;1,93%;601
165;;;127;1,37%;1150
165;;;906;0,00%;2218
165;;;884;0,00%;2571
165;;;8;5,07%;2792
165;;;457;0,32%;2805
165;;;12;0,46%;2964
165;;;16;1,42%;2965
165;;;18;0,23%;2966
165;;;1163;0,11%;2967
165;;;23;1,40%;2968
165;;;28;2,03%;2969
165;;;34;0,15%;2970
165;;;37;1,30%;2971
165;;;53;0,00%;2972
165;;;54;0,64%;2973
165;;;882;0,04%;2974
165;;;94;0,08%;2975
165;;;66;0,02%;2976
165;;;70;0,00%;2977
165;;;76;1,75%;2978
165;;;89;1,68%;2979
165;;;100;2,27%;2980
165;;;106;1,35%;2981
165;;;118;0,50%;2982
165;;;567;0,69%;2983
165;;;584;0,28%;2984
165;;;592;0,00%;2985
164;;;12;0,51%;10
164;;;29;0,00%;17
164;;;83;0,15%;45
164;;;1043;0,00%;48
164;;;457;0,32%;51
164;;;108;0,10%;53
164;;;130;0,72%;67
164;;;68;0,00%;89
164;;;129;0,22%;107
164;;;592;0,11%;108
164;;;28;2,20%;120
164;;;65;2,21%;132
164;;;102;0,67%;138
164;;;37;1,25%;160
164;;;123;0,40%;173
164;;;111;0,55%;174
164;;;972;0,00%;178
164;;;584;0,29%;182
164;;;54;0,62%;196
164;;;79;0,14%;200
164;;;799;0,04%;204
164;;;790;0,27%;205
164;;;541;0,69%;232
164;;;112;0,52%;248
164;;;42;0,06%;290
164;;;142;0,51%;498
164;;;33;0,14%;522
164;;;475;0,12%;525
164;;;938;0,00%;582
164;;;93;0,04%;584
164;;;454;0,18%;609
164;;;1072;0,08%;786
164;;;501;4,04%;957
164;;;131;0,03%;959
164;;;826;0,00%;1025
164;;;1014;0,00%;1027
164;;;708;0,00%;1154
164;;;759;0,02%;1170
164;;;5;1,14%;1180
164;;;1148;0,11%;1252
164;;;139;0,06%;1376
164;;;52;0,70%;1378
164;;;34;0,15%;1420
164;;;861;0,00%;1423
164;;;769;0,31%;1426
164;;;995;0,00%;1430
164;;;1147;0,00%;1434
164;;;76;1,55%;1437
164;;;661;0,24%;1438
164;;;960;0,00%;1441
164;;;1140;0,00%;1450
164;;;621;0,00%;1457
164;;;989;0,00%;1459
164;;;956;0,00%;1460
164;;;121;4,72%;1464
164;;;1160;0,00%;1476
164;;;48;0,43%;1482
164;;;26;0,33%;1696
164;;;57;0,02%;1745
164;;;1089;0,03%;1816
164;;;716;0,00%;1817
164;;;127;1,37%;1836
164;;;107;0,29%;1882
164;;;1149;0,00%;1961
164;;;1041;0,03%;2237
164;;;1067;0,00%;2277
164;;;19;2,27%;2432
164;;;8;5,00%;2439
164;;;13;0,22%;2441
164;;;49;2,32%;2448
164;;;66;0,03%;2452
164;;;69;0,45%;2454
164;;;633;0,33%;2456
164;;;118;0,44%;2464
164;;;120;0,86%;2465
164;;;909;0,93%;2467
164;;;27;0,07%;2526
164;;;94;0,08%;2529
164;;;16;1,50%;2539
164;;;62;6,56%;2542
164;;;1027;0,02%;2561
164;;;426;0,01%;2568
164;;;829;0,00%;2900
164;;;1198;0,00%;2901
164;;;850;0,00%;2902
164;;;797;0,00%;2903
164;;;18;0,22%;2904
164;;;261;0,00%;2905
164;;;792;0,00%;2906
164;;;23;1,22%;2907
164;;;1069;0,00%;2908
164;;;658;0,16%;2909
164;;;944;0,00%;2910
164;;;820;0,00%;2911
164;;;1024;0,00%;2912
164;;;789;0,00%;2913
164;;;47;0,53%;2914
164;;;1094;0,00%;2915
164;;;1127;0,00%;2916
164;;;1161;0,00%;2917
164;;;1193;0,00%;2918
164;;;822;0,00%;2919
164;;;994;0,00%;2920
164;;;1226;0,00%;2921
164;;;60;8,87%;2922
164;;;732;0,00%;2923
164;;;715;0,17%;2924
164;;;72;0,08%;2925
164;;;75;0,01%;2926
164;;;1214;0,00%;2927
164;;;1073;0,00%;2928
164;;;410;0,00%;2929
164;;;81;0,02%;2930
164;;;612;0,55%;2931
164;;;86;0,00%;2932
164;;;908;0,00%;2933
164;;;24;0,09%;2934
164;;;892;0,00%;2935
164;;;1033;0,01%;2936
164;;;100;2,28%;2937
164;;;830;0,00%;2938
164;;;59;0,50%;2939
164;;;459;0,00%;2940
164;;;898;0,00%;2941
164;;;1194;0,00%;2942
164;;;1204;0,00%;2943
164;;;106;1,33%;2944
164;;;923;0,00%;2945
164;;;114;1,77%;2946
164;;;659;0,00%;2947
164;;;1177;0,00%;2948
164;;;117;0,01%;2949
164;;;96;0,76%;2950
164;;;807;0,02%;2951
164;;;832;0,00%;2952
164;;;1164;0,00%;2953
164;;;1036;0,00%;2954
164;;;650;0,00%;2955
164;;;582;1,20%;2956
164;;;1229;0,00%;2957
164;;;770;0,00%;2958
164;;;906;0,00%;2959
164;;;883;0,00%;2960
164;;;837;0,00%;2961
164;;;689;0,50%;2962
164;;;1068;0,00%;2963
163;;;29;0,00%;17
163;;;68;0,00%;38
163;;;108;0,11%;53
163;;;130;0,73%;67
163;;;592;0,00%;69
163;;;13;0,21%;79
163;;;128;0,06%;106
163;;;129;0,21%;107
163;;;23;1,40%;118
163;;;60;8,96%;130
163;;;102;0,61%;138
163;;;851;0,01%;142
163;;;582;1,17%;151
163;;;5;1,15%;154
163;;;69;0,42%;168
163;;;94;0,08%;198
163;;;79;0,14%;200
163;;;141;0,31%;210
163;;;426;0,01%;222
163;;;567;0,69%;235
163;;;16;1,42%;255
163;;;142;0,44%;498
163;;;28;2,03%;500
163;;;33;0,14%;522
163;;;501;3,81%;957
163;;;1148;0,10%;1252
163;;;909;0,95%;1467
163;;;54;0,64%;1701
163;;;57;0,02%;1745
163;;;85;7,92%;1749
163;;;111;0,54%;1752
163;;;8;5,07%;2429
163;;;59;0,53%;2431
163;;;6;0,58%;2486
163;;;661;0,23%;2505
163;;;34;0,15%;2898
163;;;37;1,30%;2899
162;;;6;0,58%;
162;;;8;5,07%;
162;;;142;0,44%;
162;;;12;0,46%;
162;;;13;0,21%;
162;;;16;1,42%;
162;;;17;0,17%;
162;;;92;0,00%;
162;;;1163;0,11%;
162;;;33;0,14%;
162;;;26;0,29%;
162;;;28;2,03%;
162;;;29;0,00%;
162;;;34;0,15%;
162;;;37;1,30%;
162;;;42;0,07%;
162;;;44;0,00%;
162;;;45;0,06%;
162;;;47;0,53%;
162;;;48;0,42%;
162;;;52;0,67%;
162;;;54;0,64%;
162;;;60;8,96%;
162;;;62;6,38%;
162;;;63;0,00%;
162;;;65;1,93%;
162;;;94;0,08%;
162;;;68;0,00%;
162;;;69;0,42%;
162;;;75;0,01%;
162;;;79;0,14%;
162;;;76;1,75%;
162;;;661;0,23%;
162;;;85;7,92%;
162;;;426;0,01%;
162;;;24;0,10%;
162;;;1043;0,00%;
162;;;88;1,68%;
162;;;59;0,53%;
162;;;457;0,32%;
162;;;106;1,35%;
162;;;475;0,10%;
162;;;108;0,11%;
162;;;123;0,46%;
162;;;110;0,09%;
162;;;112;0,53%;
162;;;501;3,81%;
162;;;567;0,69%;
162;;;909;0,95%;
162;;;128;0,06%;
162;;;129;0,21%;
162;;;138;0,00%;
162;;;139;0,06%;
161;;;215;0,01%;311
161;;;7;0,05%;312
161;;;12;0,46%;320
161;;;16;1,42%;321
161;;;256;0,33%;323
161;;;18;0,23%;324
161;;;23;1,40%;330
161;;;649;0,00%;332
161;;;37;1,30%;337
161;;;40;0,00%;339
161;;;48;0,42%;344
161;;;49;2,28%;345
161;;;60;8,96%;354
161;;;62;6,38%;355
161;;;66;0,02%;360
161;;;69;0,42%;361
161;;;79;0,14%;366
161;;;81;0,00%;368
161;;;426;0,01%;374
161;;;89;1,68%;378
161;;;612;0,60%;381
161;;;123;0,46%;390
161;;;110;0,09%;391
161;;;1085;0,01%;407
161;;;121;4,81%;410
161;;;909;0,95%;413
161;;;127;1,37%;414
161;;;130;0,73%;418
161;;;592;0,00%;422
161;;;141;0,31%;429
161;;;567;0,69%;477
161;;;670;0,80%;538
161;;;5;1,15%;1061
161;;;737;0,03%;1067
161;;;96;0,85%;1070
161;;;582;1,17%;1073
161;;;128;0,06%;1074
161;;;953;0,01%;1075
161;;;142;0,44%;1081
161;;;1163;0,11%;1085
161;;;26;0,29%;1087
161;;;120;0,84%;1354
161;;;286;0,00%;1570
161;;;8;5,07%;2051
161;;;501;3,81%;2244
161;;;107;0,29%;2245
161;;;610;0,00%;2397
161;;;33;0,14%;2629
161;;;65;1,93%;2639
161;;;1089;0,02%;2650
161;;;139;0,06%;2656
161;;;34;0,15%;2725
161;;;83;0,15%;2870
161;;;584;0,28%;2876
161;;;9;0,00%;2892
161;;;19;2,20%;2893
161;;;28;2,03%;2894
161;;;52;0,67%;2895
161;;;59;0,53%;2896
161;;;884;0,00%;2897
160;;;799;0,04%;204
160;;;215;0,01%;311
160;;;7;0,05%;312
160;;;12;0,46%;320
160;;;92;0,00%;326
160;;;649;0,00%;332
160;;;30;0,03%;334
160;;;34;0,15%;336
160;;;48;0,42%;344
160;;;53;0,00%;347
160;;;749;0,02%;357
160;;;66;0,02%;360
160;;;77;0,05%;364
160;;;79;0,14%;366
160;;;661;0,23%;371
160;;;24;0,10%;376
160;;;454;0,17%;382
160;;;584;0,28%;412
160;;;130;0,73%;418
160;;;592;0,00%;422
160;;;141;0,31%;429
160;;;16;1,42%;436
160;;;40;0,00%;444
160;;;882;0,04%;451
160;;;81;0,00%;459
160;;;123;0,46%;464
160;;;111;0,54%;465
160;;;114;2,22%;467
160;;;501;3,81%;468
160;;;107;0,29%;469
160;;;940;0,93%;470
160;;;121;4,81%;476
160;;;567;0,69%;477
160;;;127;1,37%;479
160;;;132;0,15%;483
160;;;769;0,30%;532
160;;;1108;0,24%;539
160;;;96;0,85%;548
160;;;582;1,17%;553
160;;;139;0,06%;555
160;;;143;0,14%;556
160;;;807;0,01%;788
160;;;811;0,03%;1065
160;;;737;0,03%;1067
160;;;1072;0,07%;1072
160;;;142;0,44%;1081
160;;;1163;0,11%;1085
160;;;26;0,29%;1087
160;;;27;0,08%;1088
160;;;57;0,02%;1093
160;;;60;8,96%;1094
160;;;120;0,84%;1106
160;;;118;0,50%;1286
160;;;138;0,00%;1288
160;;;13;0,21%;1545
160;;;43;0,00%;1550
160;;;49;2,28%;1551
160;;;286;0,00%;1570
160;;;5;1,15%;1734
160;;;69;0,42%;1738
160;;;658;0,16%;1946
160;;;47;0,53%;2052
160;;;1041;0,02%;2237
160;;;70;0,00%;2364
160;;;256;0,33%;2395
160;;;670;0,80%;2398
160;;;88;1,68%;2400
160;;;128;0,06%;2401
160;;;23;1,40%;2659
160;;;21;0,01%;2723
160;;;59;0,53%;2733
160;;;112;0,53%;2873
160;;;6;0,58%;2878
160;;;8;5,07%;2879
160;;;19;2,20%;2880
160;;;28;2,03%;2881
160;;;42;0,07%;2882
160;;;610;0,00%;2883
160;;;54;0,64%;2884
160;;;62;6,38%;2885
160;;;76;1,75%;2886
160;;;100;2,27%;2887
160;;;102;0,61%;2888
160;;;106;1,35%;2889
160;;;110;0,09%;2890
160;;;782;0,00%;2891
159;;;215;0,01%;311
159;;;7;0,05%;312
159;;;33;0,14%;329
159;;;649;0,00%;332
159;;;48;0,42%;344
159;;;53;0,00%;347
159;;;749;0,02%;357
159;;;66;0,02%;360
159;;;77;0,05%;364
159;;;79;0,14%;366
159;;;426;0,01%;374
159;;;612;0,60%;381
159;;;454;0,17%;382
159;;;102;0,61%;384
159;;;475;0,10%;388
159;;;1072;0,07%;402
159;;;782;0,00%;406
159;;;130;0,73%;418
159;;;592;0,00%;422
159;;;141;0,31%;429
159;;;16;1,42%;436
159;;;40;0,00%;444
159;;;882;0,04%;451
159;;;81;0,00%;459
159;;;111;0,54%;465
159;;;501;3,81%;468
159;;;107;0,29%;469
159;;;127;1,37%;479
159;;;769;0,30%;532
159;;;670;0,80%;538
159;;;1108;0,24%;539
159;;;24;0,10%;542
159;;;88;1,68%;543
159;;;114;2,22%;546
159;;;139;0,06%;555
159;;;143;0,14%;556
159;;;811;0,03%;1065
159;;;737;0,03%;1067
159;;;8;5,07%;1080
159;;;142;0,44%;1081
159;;;18;0,23%;1083
159;;;1163;0,11%;1085
159;;;26;0,29%;1087
159;;;37;1,30%;1089
159;;;106;1,35%;1101
159;;;123;0,46%;1103
159;;;118;0,50%;1105
159;;;567;0,69%;1108
159;;;42;0,07%;1280
159;;;80;0,00%;1535
159;;;661;0,23%;1536
159;;;909;0,95%;1541
159;;;13;0,21%;1545
159;;;49;2,28%;1551
159;;;410;0,00%;1554
159;;;5;1,15%;1734
159;;;69;0,42%;1738
159;;;658;0,16%;1946
159;;;47;0,53%;2052
159;;;1041;0,02%;2237
159;;;1190;0,00%;2396
159;;;128;0,06%;2401
159;;;21;0,01%;2723
159;;;34;0,15%;2725
159;;;70;0,00%;2728
159;;;75;0,01%;2730
159;;;59;0,53%;2733
159;;;10;2,20%;2862
159;;;64;0,01%;2863
159;;;256;0,33%;2864
159;;;28;2,03%;2865
159;;;610;0,00%;2866
159;;;54;0,64%;2867
159;;;60;8,96%;2868
159;;;62;6,38%;2869
159;;;83;0,15%;2870
159;;;100;2,27%;2871
159;;;799;0,04%;2872
159;;;112;0,53%;2873
159;;;121;4,81%;2874
159;;;1025;0,00%;2875
159;;;584;0,28%;2876
159;;;601;0,00%;2877
158;;;83;0,15%;45
158;;;110;0,09%;391
158;;;737;0,03%;393
158;;;782;0,00%;406
158;;;410;0,00%;456
158;;;81;0,00%;459
158;;;909;0,95%;478
158;;;708;0,00%;779
158;;;69;0,42%;833
158;;;107;0,29%;846
158;;;584;0,28%;852
158;;;64;0,01%;858
158;;;33;0,14%;864
158;;;47;0,53%;883
158;;;48;0,42%;884
158;;;72;0,09%;901
158;;;80;0,00%;903
158;;;454;0,17%;912
158;;;59;0,53%;913
158;;;102;0,61%;914
158;;;114;2,22%;923
158;;;888;0,01%;945
158;;;121;4,81%;1058
158;;;1163;0,11%;1085
158;;;106;1,35%;1524
158;;;120;0,84%;1591
158;;;567;0,69%;1592
158;;;256;0,33%;1620
158;;;52;0,67%;1629
158;;;62;6,38%;1633
158;;;132;0,15%;1654
158;;;42;0,07%;1864
158;;;76;1,75%;1960
158;;;592;0,00%;1967
158;;;49;2,28%;2131
158;;;79;0,14%;2139
158;;;92;0,00%;2251
158;;;811;0,03%;2727
158;;;5;1,15%;2826
158;;;6;0,58%;2827
158;;;8;5,07%;2828
158;;;12;0,46%;2829
158;;;19;2,20%;2830
158;;;25;0,00%;2831
158;;;1220;0,00%;2832
158;;;286;0,00%;2833
158;;;658;0,16%;2834
158;;;669;0,32%;2835
158;;;54;0,64%;2836
158;;;1223;0,01%;2837
158;;;749;0,02%;2838
158;;;65;1,93%;2839
158;;;390;0,00%;2840
158;;;67;0,00%;2841
158;;;70;0,00%;2842
158;;;77;0,05%;2843
158;;;85;7,92%;2844
158;;;88;1,68%;2845
158;;;100;2,27%;2846
158;;;457;0,32%;2847
158;;;633;0,33%;2848
158;;;123;0,46%;2849
158;;;111;0,54%;2850
158;;;112;0,53%;2851
158;;;117;0,01%;2852
158;;;940;0,93%;2853
158;;;790;0,27%;2854
158;;;1085;0,01%;2855
158;;;118;0,50%;2856
158;;;127;1,37%;2857
158;;;689;0,50%;2858
158;;;736;0,00%;2859
158;;;139;0,06%;2860
158;;;141;0,31%;2861
157;;;8;5,07%;
157;;;142;0,44%;
157;;;19;2,20%;
157;;;23;1,40%;
157;;;1190;0,00%;
157;;;40;0,00%;
157;;;42;0,07%;
157;;;49;2,28%;
157;;;52;0,67%;
157;;;60;8,96%;
157;;;62;6,38%;
157;;;390;0,00%;
157;;;69;0,42%;
157;;;76;1,75%;
157;;;85;7,92%;
157;;;24;0,10%;
157;;;87;0,28%;
157;;;88;1,68%;
157;;;100;2,27%;
157;;;59;0,53%;
157;;;123;0,46%;
157;;;903;0,00%;
157;;;114;2,22%;
157;;;501;3,81%;
157;;;940;0,93%;
157;;;96;0,85%;
157;;;819;0,00%;
157;;;118;0,50%;
157;;;567;0,69%;
157;;;128;0,06%;
157;;;141;0,31%;
156;;;29;0,00%;17
156;;;108;0,11%;53
156;;;142;0,44%;498
156;;;8;5,07%;642
156;;;13;0,21%;644
156;;;65;1,93%;658
156;;;79;0,14%;662
156;;;661;0,23%;664
156;;;426;0,01%;667
156;;;454;0,17%;669
156;;;120;0,84%;682
156;;;141;0,31%;688
156;;;24;0,10%;1172
156;;;114;2,22%;1175
156;;;5;1,15%;1289
156;;;48;0,42%;1301
156;;;492;2,40%;1314
156;;;75;0,01%;1340
156;;;92;0,00%;2043
156;;;33;0,14%;2044
156;;;72;0,09%;2045
156;;;1043;0,00%;2097
156;;;12;0,46%;2265
156;;;16;1,42%;2282
156;;;42;0,07%;2555
156;;;54;0,64%;2560
156;;;1027;0,02%;2561
156;;;689;0,50%;2575
156;;;127;1,37%;2590
156;;;94;0,08%;2615
156;;;501;3,81%;2620
156;;;567;0,69%;2622
156;;;231;0,19%;2815
156;;;28;2,03%;2816
156;;;52;0,67%;2817
156;;;60;8,96%;2818
156;;;69;0,42%;2819
156;;;85;7,92%;2820
156;;;123;0,46%;2821
156;;;111;0,54%;2822
156;;;96;0,85%;2823
156;;;538;0,45%;2824
156;;;139;0,06%;2825
155;;;5;1,15%;
155;;;6;0,58%;
155;;;7;0,05%;
155;;;8;5,07%;
155;;;142;0,44%;
155;;;579;0,05%;
155;;;1198;0,00%;
155;;;863;0,00%;
155;;;234;0,27%;
155;;;12;0,46%;
155;;;13;0,21%;
155;;;656;0,00%;
155;;;16;1,42%;
155;;;444;0,00%;
155;;;256;0,33%;
155;;;18;0,23%;
155;;;19;2,20%;
155;;;261;0,00%;
155;;;774;0,00%;
155;;;92;0,00%;
155;;;93;0,04%;
155;;;772;0,00%;
155;;;33;0,14%;
155;;;23;1,40%;
155;;;26;0,29%;
155;;;649;0,00%;
155;;;27;0,08%;
155;;;28;2,03%;
155;;;29;0,00%;
155;;;30;0,03%;
155;;;286;0,00%;
155;;;658;0,16%;
155;;;37;1,30%;
155;;;40;0,00%;
155;;;610;0,00%;
155;;;789;0,00%;
155;;;861;0,00%;
155;;;669;0,32%;
155;;;47;0,53%;
155;;;48;0,42%;
155;;;769;0,30%;
155;;;49;2,28%;
155;;;767;0,00%;
155;;;825;0,00%;
155;;;52;0,67%;
155;;;344;0,00%;
155;;;53;0,00%;
155;;;350;0,00%;
155;;;1027;0,02%;
155;;;57;0,02%;
155;;;1029;0,00%;
155;;;663;0,00%;
155;;;811;0,03%;
155;;;995;0,00%;
155;;;60;8,96%;
155;;;62;6,38%;
155;;;749;0,02%;
155;;;65;1,93%;
155;;;94;0,08%;
155;;;390;0,00%;
155;;;880;0,00%;
155;;;66;0,02%;
155;;;68;0,00%;
155;;;69;0,42%;
155;;;70;0,00%;
155;;;1214;0,00%;
155;;;1108;0,24%;
155;;;1073;0,00%;
155;;;1041;0,02%;
155;;;76;1,75%;
155;;;80;0,00%;
155;;;81;0,00%;
155;;;612;0,60%;
155;;;83;0,15%;
155;;;85;7,92%;
155;;;426;0,01%;
155;;;733;0,00%;
155;;;24;0,10%;
155;;;87;0,28%;
155;;;89;1,68%;
155;;;88;1,68%;
155;;;986;0,00%;
155;;;99;1,13%;
155;;;454;0,17%;
155;;;100;2,27%;
155;;;830;0,00%;
155;;;457;0,32%;
155;;;102;0,61%;
155;;;1204;0,00%;
155;;;105;0,27%;
155;;;964;0,00%;
155;;;106;1,35%;
155;;;800;0,00%;
155;;;108;0,11%;
155;;;123;0,46%;
155;;;110;0,09%;
155;;;111;0,54%;
155;;;1089;0,02%;
155;;;112;0,53%;
155;;;962;0,00%;
155;;;716;0,00%;
155;;;114;2,22%;
155;;;501;3,81%;
155;;;96;0,85%;
155;;;1009;0,00%;
155;;;884;0,00%;
155;;;1071;0,00%;
155;;;118;0,50%;
155;;;831;0,00%;
155;;;1215;0,00%;
155;;;120;0,84%;
155;;;121;4,81%;
155;;;998;0,00%;
155;;;1125;0,00%;
155;;;565;0,00%;
155;;;567;0,69%;
155;;;673;0,00%;
155;;;50;0,00%;
155;;;584;0,28%;
155;;;909;0,95%;
155;;;127;1,37%;
155;;;582;1,17%;
155;;;128;0,06%;
155;;;129;0,21%;
155;;;130;0,73%;
155;;;132;0,15%;
155;;;592;0,00%;
155;;;708;0,00%;
155;;;837;0,00%;
155;;;689;0,50%;
155;;;1224;0,00%;
155;;;978;0,00%;
155;;;953;0,01%;
155;;;966;0,24%;
155;;;139;0,06%;
155;;;141;0,31%;
155;;;143;0,14%;
154;;;76;1,75%;1131
154;;;92;0,00%;2768
154;;;8;5,07%;2792
154;;;142;0,44%;2793
154;;;30;0,03%;2794
154;;;669;0,32%;2795
154;;;48;0,42%;2796
154;;;60;8,96%;2797
154;;;882;0,04%;2798
154;;;66;0,02%;2799
154;;;72;0,09%;2800
154;;;670;0,80%;2801
154;;;426;0,01%;2802
154;;;88;1,68%;2803
154;;;100;2,27%;2804
154;;;457;0,32%;2805
154;;;633;0,33%;2806
154;;;106;1,35%;2807
154;;;1151;0,02%;2808
154;;;123;0,46%;2809
154;;;501;3,81%;2810
154;;;541;0,70%;2811
154;;;120;0,84%;2812
154;;;127;1,37%;2813
154;;;139;0,06%;2814
153;;;29;0,00%;17
153;;;882;0,04%;35
153;;;65;1,93%;36
153;;;69;0,42%;39
153;;;85;7,92%;46
153;;;59;0,53%;50
153;;;118;0,50%;62
153;;;130;0,73%;67
153;;;139;0,06%;72
153;;;13;0,21%;79
153;;;129;0,21%;107
153;;;592;0,00%;108
153;;;11;0,58%;112
153;;;102;0,61%;138
153;;;106;1,35%;140
153;;;582;1,17%;151
153;;;37;1,30%;160
153;;;112;0,53%;175
153;;;50;0,00%;181
153;;;79;0,14%;200
153;;;426;0,01%;222
153;;;567;0,69%;235
153;;;143;0,14%;508
153;;;33;0,14%;522
153;;;5;1,15%;975
153;;;8;5,07%;977
153;;;579;0,05%;979
153;;;54;0,64%;988
153;;;68;0,00%;993
153;;;127;1,37%;1002
153;;;57;0,02%;1745
153;;;100;2,27%;2424
153;;;128;0,06%;2468
153;;;62;6,38%;2755
153;;;16;1,42%;2760
153;;;12;0,46%;2767
153;;;142;0,44%;2782
153;;;19;2,20%;2783
153;;;28;2,03%;2784
153;;;286;0,00%;2785
153;;;658;0,16%;2786
153;;;34;0,15%;2787
153;;;52;0,67%;2788
153;;;1223;0,01%;2789
153;;;612;0,60%;2790
153;;;88;1,68%;2791
151;;;29;0,00%;17
151;;;882;0,04%;35
151;;;80;0,00%;43
151;;;108;0,11%;53
151;;;129;0,21%;107
151;;;65;1,93%;132
151;;;851;0,01%;142
151;;;37;1,30%;160
151;;;112;0,53%;175
151;;;50;0,00%;181
151;;;567;0,69%;235
151;;;215;0,01%;238
151;;;759;0,00%;370
151;;;142;0,44%;498
151;;;94;0,08%;1432
151;;;68;0,00%;1494
151;;;57;0,02%;1745
151;;;426;0,01%;2373
151;;;59;0,53%;2431
151;;;128;0,06%;2468
151;;;85;7,92%;2490
151;;;5;1,15%;2765
151;;;8;5,07%;2766
151;;;12;0,46%;2767
151;;;92;0,00%;2768
151;;;33;0,14%;2769
151;;;34;0,15%;2770
151;;;669;0,32%;2771
151;;;52;0,67%;2772
151;;;1223;0,01%;2773
151;;;62;6,38%;2774
151;;;390;0,00%;2775
151;;;66;0,02%;2776
151;;;661;0,23%;2777
151;;;105;0,27%;2778
151;;;114;2,22%;2779
151;;;96;0,85%;2780
151;;;909;0,95%;2781
151;;;582;1,17%;
150;;;215;0,01%;2
150;;;12;0,46%;10
150;;;26;0,29%;16
150;;;52;0,67%;26
150;;;882;0,04%;35
150;;;65;1,93%;36
150;;;77;0,05%;41
150;;;80;0,00%;43
150;;;59;0,53%;50
150;;;457;0,32%;51
150;;;108;0,11%;53
150;;;582;1,17%;65
150;;;130;0,73%;67
150;;;132;0,15%;68
150;;;592;0,00%;69
150;;;143;0,14%;75
150;;;13;0,21%;79
150;;;128;0,06%;106
150;;;129;0,21%;107
150;;;66;0,02%;133
150;;;851;0,01%;142
150;;;37;1,30%;160
150;;;50;0,00%;181
150;;;79;0,14%;200
150;;;8;5,07%;239
150;;;142;0,44%;498
150;;;286;0,00%;561
150;;;111;0,54%;1375
150;;;416;0,23%;1386
150;;;49;2,28%;1427
150;;;57;0,02%;1745
150;;;62;6,38%;1747
150;;;85;7,92%;1749
150;;;139;0,06%;1754
150;;;426;0,01%;2373
150;;;100;2,27%;2424
150;;;120;0,84%;2510
150;;;661;0,23%;2518
150;;;16;1,42%;2760
150;;;48;0,42%;2761
150;;;54;0,64%;2762
150;;;69;0,42%;2763
150;;;102;0,61%;2764
149;;;6;0,58%;9
149;;;12;0,46%;10
149;;;29;0,00%;17
149;;;52;0,67%;26
149;;;715;0,17%;33
149;;;65;1,93%;36
149;;;77;0,05%;41
149;;;85;7,92%;46
149;;;426;0,01%;47
149;;;59;0,53%;50
149;;;457;0,32%;51
149;;;106;1,35%;52
149;;;108;0,11%;53
149;;;737;0,03%;56
149;;;501;3,81%;58
149;;;592;0,00%;69
149;;;13;0,21%;79
149;;;851;0,01%;142
149;;;50;0,00%;181
149;;;790;0,27%;205
149;;;69;0,42%;219
149;;;123;0,46%;229
149;;;33;0,14%;522
149;;;139;0,06%;1376
149;;;416;0,23%;1386
149;;;16;1,42%;2421
149;;;100;2,27%;2424
149;;;111;0,54%;2426
149;;;142;0,44%;2487
149;;;93;0,04%;2752
149;;;658;0,16%;2753
149;;;34;0,15%;2754
149;;;62;6,38%;2755
149;;;112;0,53%;2756
149;;;118;0,50%;2757
149;;;909;0,95%;2758
149;;;129;0,21%;2759
148;;;30;0,03%;272
148;;;47;0,53%;273
148;;;93;0,04%;584
148;;;38;0,07%;651
148;;;661;0,23%;664
148;;;426;0,01%;667
148;;;454;0,17%;669
148;;;120;0,84%;682
148;;;139;0,06%;687
148;;;141;0,31%;688
148;;;759;0,00%;1170
148;;;24;0,10%;1172
148;;;114;2,22%;1175
148;;;28;2,03%;1211
148;;;410;0,00%;1225
148;;;5;1,15%;1289
148;;;689;0,50%;1319
148;;;75;0,01%;1340
148;;;7;0,05%;1970
148;;;37;1,30%;1988
148;;;72;0,09%;2045
148;;;12;0,46%;2265
148;;;123;0,46%;2271
148;;;27;0,08%;2707
148;;;8;5,07%;2736
148;;;142;0,44%;2737
148;;;13;0,21%;2738
148;;;256;0,33%;2739
148;;;92;0,00%;2740
148;;;49;2,28%;2741
148;;;54;0,64%;2742
148;;;60;8,96%;2743
148;;;65;1,93%;2744
148;;;69;0,42%;2745
148;;;501;3,81%;2746
148;;;96;0,85%;2747
148;;;538;0,45%;2748
148;;;121;4,81%;2749
148;;;130;0,73%;2750
148;;;708;0,00%;2751
147;;;799;0,04%;204
147;;;215;0,01%;311
147;;;7;0,05%;312
147;;;234;0,27%;316
147;;;12;0,46%;320
147;;;1163;0,11%;327
147;;;33;0,14%;329
147;;;649;0,00%;332
147;;;30;0,03%;334
147;;;48;0,42%;344
147;;;49;2,28%;345
147;;;60;8,96%;354
147;;;749;0,02%;357
147;;;94;0,08%;359
147;;;66;0,02%;360
147;;;77;0,05%;364
147;;;79;0,14%;366
147;;;661;0,23%;371
147;;;426;0,01%;374
147;;;87;0,28%;377
147;;;454;0,17%;382
147;;;100;2,27%;383
147;;;102;0,61%;384
147;;;633;0,33%;386
147;;;123;0,46%;390
147;;;501;3,81%;397
147;;;96;0,85%;400
147;;;1072;0,07%;402
147;;;782;0,00%;406
147;;;584;0,28%;412
147;;;592;0,00%;422
147;;;141;0,31%;429
147;;;16;1,42%;436
147;;;18;0,23%;438
147;;;40;0,00%;444
147;;;882;0,04%;451
147;;;410;0,00%;456
147;;;81;0,00%;459
147;;;111;0,54%;465
147;;;127;1,37%;479
147;;;132;0,15%;483
147;;;906;0,00%;484
147;;;610;0,00%;531
147;;;769;0,30%;532
147;;;62;6,38%;534
147;;;69;0,42%;536
147;;;670;0,80%;538
147;;;1108;0,24%;539
147;;;24;0,10%;542
147;;;114;2,22%;546
147;;;582;1,17%;553
147;;;139;0,06%;555
147;;;143;0,14%;556
147;;;737;0,03%;1067
147;;;953;0,01%;1075
147;;;142;0,44%;1081
147;;;13;0,21%;1082
147;;;26;0,29%;1087
147;;;37;1,30%;1089
147;;;567;0,69%;1108
147;;;130;0,73%;1110
147;;;108;0,11%;1199
147;;;120;0,84%;1203
147;;;23;1,40%;1279
147;;;42;0,07%;1280
147;;;138;0,00%;1288
147;;;121;4,81%;1540
147;;;909;0,95%;1541
147;;;76;1,75%;1555
147;;;5;1,15%;1734
147;;;52;0,67%;1737
147;;;8;5,07%;2051
147;;;47;0,53%;2052
147;;;53;0,00%;2231
147;;;107;0,29%;2245
147;;;128;0,06%;2356
147;;;256;0,33%;2395
147;;;65;1,93%;2639
147;;;790;0,27%;2651
147;;;19;2,20%;2722
147;;;21;0,01%;2723
147;;;28;2,03%;2724
147;;;34;0,15%;2725
147;;;669;0,32%;2726
147;;;811;0,03%;2727
147;;;70;0,00%;2728
147;;;72;0,09%;2729
147;;;75;0,01%;2730
147;;;83;0,15%;2731
147;;;88;1,68%;2732
147;;;59;0,53%;2733
147;;;762;0,00%;2734
147;;;112;0,53%;2735
146;;;12;0,46%;10
146;;;108;0,11%;53
146;;;118;0,50%;62
146;;;13;0,21%;79
146;;;661;0,23%;91
146;;;129;0,21%;107
146;;;592;0,00%;108
146;;;19;2,20%;115
146;;;582;1,17%;151
146;;;54;0,64%;196
146;;;426;0,01%;222
146;;;111;0,54%;247
146;;;29;0,00%;560
146;;;68;0,00%;993
146;;;286;0,00%;1481
146;;;128;0,06%;2468
146;;;130;0,73%;2523
146;;;88;1,68%;2691
146;;;142;0,44%;2718
146;;;16;1,42%;2719
146;;;65;1,93%;2720
146;;;114;2,22%;2721
145;;;215;0,01%;2
145;;;12;0,46%;10
145;;;29;0,00%;17
145;;;658;0,16%;19
145;;;882;0,04%;35
145;;;65;1,93%;36
145;;;77;0,05%;41
145;;;59;0,53%;50
145;;;457;0,32%;51
145;;;108;0,11%;53
145;;;737;0,03%;56
145;;;130;0,73%;67
145;;;592;0,00%;69
145;;;13;0,21%;79
145;;;48;0,42%;84
145;;;52;0,67%;86
145;;;501;3,81%;102
145;;;129;0,21%;107
145;;;23;1,40%;118
145;;;28;2,03%;120
145;;;60;8,96%;130
145;;;102;0,61%;138
145;;;851;0,01%;142
145;;;582;1,17%;151
145;;;37;1,30%;160
145;;;50;0,00%;181
145;;;584;0,28%;182
145;;;94;0,08%;198
145;;;79;0,14%;200
145;;;106;1,35%;203
145;;;121;4,81%;208
145;;;100;2,27%;246
145;;;111;0,54%;247
145;;;16;1,42%;255
145;;;612;0,60%;304
145;;;142;0,44%;498
145;;;69;0,42%;501
145;;;33;0,14%;522
145;;;80;0,00%;572
145;;;96;0,85%;575
145;;;62;6,38%;953
145;;;112;0,53%;956
145;;;49;2,28%;987
145;;;689;0,50%;1253
145;;;286;0,00%;1481
145;;;57;0,02%;1745
145;;;426;0,01%;2373
145;;;8;5,07%;2429
145;;;128;0,06%;2468
145;;;26;0,29%;2715
145;;;54;0,64%;2716
145;;;68;0,00%;2717
144;;;215;0,01%;2
144;;;29;0,00%;17
144;;;658;0,16%;19
144;;;882;0,04%;35
144;;;59;0,53%;50
144;;;108;0,11%;53
144;;;592;0,00%;69
144;;;128;0,06%;106
144;;;584;0,28%;182
144;;;790;0,27%;205
144;;;30;0,03%;213
144;;;123;0,46%;229
144;;;582;1,17%;308
144;;;142;0,44%;498
144;;;93;0,04%;584
144;;;5;1,15%;641
144;;;28;2,03%;649
144;;;79;0,14%;662
144;;;426;0,01%;667
144;;;940;0,93%;680
144;;;120;0,84%;682
144;;;53;0,00%;1018
144;;;661;0,23%;1187
144;;;13;0,21%;1255
144;;;65;1,93%;1265
144;;;8;5,07%;1291
144;;;16;1,42%;1293
144;;;37;1,30%;1300
144;;;69;0,42%;1306
144;;;75;0,01%;1307
144;;;114;2,22%;1315
144;;;92;0,00%;1501
144;;;107;0,29%;1661
144;;;26;0,29%;1696
144;;;57;0,02%;1745
144;;;129;0,21%;1757
144;;;33;0,14%;2044
144;;;111;0,54%;2048
144;;;12;0,46%;2265
144;;;24;0,10%;2270
144;;;501;3,81%;2272
144;;;130;0,73%;2275
144;;;689;0,50%;2277
144;;;48;0,42%;2285
144;;;34;0,15%;2301
144;;;85;7,92%;2490
144;;;27;0,08%;2707
144;;;54;0,64%;2708
144;;;793;0,12%;2709
144;;;60;8,96%;2710
144;;;62;6,38%;2711
144;;;118;0,50%;2712
144;;;121;4,81%;2713
144;;;139;0,06%;2714
143;;;1043;0,00%;48
143;;;759;0,00%;370
143;;;24;0,10%;376
143;;;584;0,28%;412
143;;;592;0,00%;422
143;;;94;0,08%;602
143;;;138;0,00%;944
143;;;142;0,44%;1044
143;;;10;2,20%;1045
143;;;13;0,21%;1046
143;;;62;6,38%;1051
143;;;89;1,68%;1053
143;;;100;2,27%;1054
143;;;127;1,37%;1059
143;;;30;0,03%;1122
143;;;16;1,42%;1391
143;;;76;1,75%;1397
143;;;114;2,22%;1401
143;;;121;4,81%;1405
143;;;567;0,69%;1406
143;;;501;3,81%;1527
143;;;8;5,07%;1666
143;;;37;1,30%;1671
143;;;42;0,07%;1864
143;;;669;0,32%;1865
143;;;1033;0,01%;2072
143;;;1041;0,02%;2237
143;;;60;8,96%;2378
143;;;96;0,85%;2382
143;;;128;0,06%;2401
143;;;19;2,20%;2697
143;;;27;0,08%;2698
143;;;286;0,00%;2699
143;;;610;0,00%;2700
143;;;52;0,67%;2701
143;;;85;7,92%;2702
143;;;106;1,35%;2703
143;;;123;0,46%;2704
143;;;111;0,54%;2705
143;;;851;0,01%;2706
142;;;579;0,05%;6
142;;;658;0,16%;19
142;;;73;0,33%;40
142;;;79;0,14%;42
142;;;59;0,53%;50
142;;;457;0,32%;51
142;;;592;0,00%;69
142;;;670;0,80%;90
142;;;114;2,22%;101
142;;;129;0,21%;107
142;;;52;0,67%;163
142;;;584;0,28%;182
142;;;143;0,14%;187
142;;;790;0,27%;205
142;;;42;0,07%;261
142;;;62;6,38%;265
142;;;65;1,93%;266
142;;;807;0,01%;268
142;;;142;0,44%;498
142;;;85;7,92%;691
142;;;120;0,84%;695
142;;;127;1,37%;696
142;;;100;2,27%;1727
142;;;28;2,03%;1846
142;;;54;0,64%;1848
142;;;77;0,05%;1849
142;;;16;1,42%;2368
142;;;107;0,29%;2374
142;;;141;0,31%;2377
142;;;27;0,08%;2670
142;;;13;0,21%;2684
142;;;30;0,03%;2685
142;;;34;0,15%;2686
142;;;57;0,02%;2687
142;;;661;0,23%;2688
142;;;612;0,60%;2689
142;;;426;0,01%;2690
142;;;88;1,68%;2691
142;;;105;0,27%;2692
142;;;106;1,35%;2693
142;;;108;0,11%;2694
142;;;123;0,46%;2695
142;;;111;0,54%;2696
141;;;30;0,03%;18
141;;;715;0,17%;33
141;;;541;0,70%;61
141;;;130;0,73%;67
141;;;592;0,00%;69
141;;;13;0,21%;79
141;;;68;0,00%;89
141;;;426;0,01%;93
141;;;114;2,22%;101
141;;;52;0,67%;163
141;;;121;4,81%;180
141;;;50;0,00%;181
141;;;143;0,14%;187
141;;;5;1,15%;251
141;;;57;0,02%;264
141;;;807;0,01%;268
141;;;118;0,50%;269
141;;;142;0,44%;498
141;;;60;8,96%;690
141;;;139;0,06%;1376
141;;;48;0,42%;1721
141;;;65;1,93%;1723
141;;;105;0,27%;1729
141;;;106;1,35%;1730
141;;;28;2,03%;1846
141;;;123;0,46%;1851
141;;;16;1,42%;2368
141;;;34;0,15%;2370
141;;;141;0,31%;2377
141;;;6;0,58%;2663
141;;;8;5,07%;2664
141;;;18;0,23%;2665
141;;;19;2,20%;2666
141;;;33;0,14%;2667
141;;;22;0,00%;2668
141;;;23;1,40%;2669
141;;;27;0,08%;2670
141;;;29;0,00%;2671
141;;;37;1,30%;2672
141;;;54;0,64%;2673
141;;;62;6,38%;2674
141;;;75;0,01%;2675
141;;;661;0,23%;2676
141;;;85;7,92%;2677
141;;;100;2,27%;2678
141;;;457;0,32%;2679
141;;;96;0,85%;2680
141;;;120;0,84%;2681
141;;;582;1,17%;2682
141;;;689;0,50%;2683
140;;;94;0,08%;359
140;;;24;0,10%;376
140;;;102;0,61%;384
140;;;584;0,28%;412
140;;;5;1,15%;430
140;;;54;0,64%;447
140;;;582;1,17%;480
140;;;143;0,14%;556
140;;;1163;0,11%;1085
140;;;138;0,00%;1288
140;;;142;0,44%;1544
140;;;60;8,96%;1552
140;;;1041;0,02%;2237
140;;;70;0,00%;2364
140;;;88;1,68%;2400
140;;;13;0,21%;2657
140;;;19;2,20%;2658
140;;;23;1,40%;2659
140;;;69;0,42%;2660
140;;;903;0,00%;2661
140;;;118;0,50%;2662
139;;;862;0,00%;30
139;;;83;0,15%;45
139;;;799;0,04%;204
139;;;215;0,01%;311
139;;;7;0,05%;312
139;;;234;0,27%;316
139;;;12;0,46%;320
139;;;16;1,42%;321
139;;;256;0,33%;323
139;;;18;0,23%;324
139;;;19;2,20%;325
139;;;1163;0,11%;327
139;;;93;0,04%;328
139;;;649;0,00%;332
139;;;28;2,03%;333
139;;;30;0,03%;334
139;;;658;0,16%;335
139;;;37;1,30%;337
139;;;40;0,00%;339
139;;;48;0,42%;344
139;;;49;2,28%;345
139;;;53;0,00%;347
139;;;1145;0,00%;352
139;;;60;8,96%;354
139;;;62;6,38%;355
139;;;94;0,08%;359
139;;;66;0,02%;360
139;;;69;0,42%;361
139;;;79;0,14%;366
139;;;80;0,00%;367
139;;;81;0,00%;368
139;;;416;0,23%;369
139;;;759;0,00%;370
139;;;426;0,01%;374
139;;;24;0,10%;376
139;;;89;1,68%;378
139;;;612;0,60%;381
139;;;454;0,17%;382
139;;;100;2,27%;383
139;;;102;0,61%;384
139;;;633;0,33%;386
139;;;123;0,46%;390
139;;;114;2,22%;396
139;;;501;3,81%;397
139;;;1072;0,07%;402
139;;;541;0,70%;404
139;;;782;0,00%;406
139;;;1085;0,01%;407
139;;;121;4,81%;410
139;;;584;0,28%;412
139;;;909;0,95%;413
139;;;127;1,37%;414
139;;;130;0,73%;418
139;;;592;0,00%;422
139;;;1067;0,00%;424
139;;;888;0,01%;425
139;;;141;0,31%;429
139;;;111;0,54%;465
139;;;567;0,69%;477
139;;;769;0,30%;532
139;;;670;0,80%;538
139;;;143;0,14%;556
139;;;1151;0,02%;842
139;;;95;0,02%;847
139;;;5;1,15%;1061
139;;;77;0,05%;1066
139;;;737;0,03%;1067
139;;;96;0,85%;1070
139;;;582;1,17%;1073
139;;;953;0,01%;1075
139;;;661;0,23%;1198
139;;;108;0,11%;1199
139;;;538;0,45%;1201
139;;;966;0,24%;1205
139;;;286;0,00%;1570
139;;;52;0,67%;1737
139;;;41;0,10%;1863
139;;;8;5,07%;2051
139;;;1194;0,00%;2143
139;;;54;0,64%;2232
139;;;110;0,09%;2243
139;;;1087;0,00%;2339
139;;;128;0,06%;2356
139;;;47;0,53%;2361
139;;;1190;0,00%;2396
139;;;129;0,21%;2402
139;;;6;0,58%;2625
139;;;142;0,44%;2626
139;;;231;0,19%;2627
139;;;64;0,01%;2628
139;;;33;0,14%;2629
139;;;23;1,40%;2630
139;;;26;0,29%;2631
139;;;27;0,08%;2632
139;;;42;0,07%;2633
139;;;610;0,00%;2634
139;;;669;0,32%;2635
139;;;58;0,00%;2636
139;;;811;0,03%;2637
139;;;1223;0,01%;2638
139;;;65;1,93%;2639
139;;;67;0,00%;2640
139;;;70;0,00%;2641
139;;;1108;0,24%;2642
139;;;1041;0,02%;2643
139;;;76;1,75%;2644
139;;;1121;0,17%;2645
139;;;87;0,28%;2646
139;;;967;0,00%;2647
139;;;762;0,00%;2648
139;;;105;0,27%;2649
139;;;1089;0,02%;2650
139;;;790;0,27%;2651
139;;;807;0,01%;2652
139;;;118;0,50%;2653
139;;;120;0,84%;2654
139;;;906;0,00%;2655
139;;;139;0,06%;2656
138;;;940;0,93%;680
138;;;120;0,85%;1354
138;;;141;0,29%;1362
138;;;12;0,50%;2265
138;;;142;0,50%;2281
138;;;26;0,33%;2284
138;;;52;0,70%;2286
138;;;106;1,34%;2290
138;;;29;0,00%;2316
138;;;75;0,01%;2323
138;;;131;0,03%;2535
138;;;102;0,67%;2569
138;;;658;0,16%;2583
138;;;610;0,00%;2584
138;;;790;0,27%;2588
138;;;8;5,00%;2606
138;;;16;1,49%;2607
138;;;93;0,04%;2608
138;;;28;2,20%;2609
138;;;37;1,26%;2610
138;;;48;0,42%;2611
138;;;54;0,62%;2612
138;;;60;8,90%;2613
138;;;62;6,54%;2614
138;;;94;0,08%;2615
138;;;661;0,24%;2616
138;;;24;0,09%;2617
138;;;123;0,41%;2618
138;;;111;0,54%;2619
138;;;501;3,94%;2620
138;;;96;0,77%;2621
138;;;567;0,69%;2622
138;;;127;1,39%;2623
138;;;689;0,50%;2624
138;;;13;0,22%;
137;;;1057;0,00%;
137;;;1070;0,00%;
137;;;5;1,15%;
137;;;215;0,01%;
137;;;7;0,05%;
137;;;8;5,04%;
137;;;1044;0,00%;
137;;;142;0,45%;
137;;;1198;0,00%;
137;;;234;0,27%;
137;;;64;0,01%;
137;;;12;0,47%;
137;;;13;0,22%;
137;;;656;0,00%;
137;;;15;0,02%;
137;;;16;1,45%;
137;;;17;0,18%;
137;;;444;0,00%;
137;;;256;0,35%;
137;;;19;2,23%;
137;;;261;0,00%;
137;;;92;0,00%;
137;;;1163;0,12%;
137;;;93;0,04%;
137;;;33;0,14%;
137;;;22;0,00%;
137;;;23;1,24%;
137;;;1069;0,00%;
137;;;25;0,00%;
137;;;90;0,15%;
137;;;26;0,31%;
137;;;649;0,00%;
137;;;28;2,20%;
137;;;29;0,00%;
137;;;286;0,00%;
137;;;1056;0,00%;
137;;;658;0,16%;
137;;;34;0,15%;
137;;;911;0,00%;
137;;;37;1,29%;
137;;;40;0,00%;
137;;;41;0,09%;
137;;;42;0,07%;
137;;;610;0,00%;
137;;;789;0,00%;
137;;;44;0,00%;
137;;;47;0,53%;
137;;;48;0,42%;
137;;;49;2,31%;
137;;;52;0,68%;
137;;;54;0,63%;
137;;;350;0,00%;
137;;;793;0,12%;
137;;;56;0,00%;
137;;;57;0,02%;
137;;;1145;0,00%;
137;;;958;0,00%;
137;;;60;8,95%;
137;;;732;0,00%;
137;;;1223;0,01%;
137;;;62;6,45%;
137;;;63;0,00%;
137;;;749;0,02%;
137;;;882;0,03%;
137;;;65;1,93%;
137;;;94;0,08%;
137;;;390;0,00%;
137;;;66;0,02%;
137;;;68;0,00%;
137;;;69;0,42%;
137;;;70;0,00%;
137;;;670;0,82%;
137;;;75;0,01%;
137;;;1214;0,00%;
137;;;1041;0,02%;
137;;;76;1,66%;
137;;;80;0,00%;
137;;;1207;1,22%;
137;;;81;0,00%;
137;;;661;0,23%;
137;;;612;0,59%;
137;;;83;0,15%;
137;;;85;7,86%;
137;;;426;0,01%;
137;;;996;0,00%;
137;;;614;0,00%;
137;;;733;0,00%;
137;;;24;0,09%;
137;;;1244;1,66%;
137;;;1090;0,00%;
137;;;892;0,00%;
137;;;454;0,17%;
137;;;100;2,28%;
137;;;59;0,52%;
137;;;457;0,32%;
137;;;102;0,64%;
137;;;105;0,26%;
137;;;106;1,36%;
137;;;108;0,11%;
137;;;123;0,43%;
137;;;110;0,09%;
137;;;111;0,53%;
137;;;1089;0,03%;
137;;;112;0,53%;
137;;;114;2,21%;
137;;;501;3,84%;
137;;;851;0,01%;
137;;;116;0,00%;
137;;;1039;0,00%;
137;;;107;0,30%;
137;;;95;0,02%;
137;;;96;0,82%;
137;;;724;0,00%;
137;;;790;0,27%;
137;;;972;0,00%;
137;;;1072;0,08%;
137;;;807;0,01%;
137;;;1055;0,00%;
137;;;541;0,70%;
137;;;884;0,00%;
137;;;1085;0,01%;
137;;;118;0,47%;
137;;;832;0,00%;
137;;;831;0,00%;
137;;;120;0,87%;
137;;;121;4,78%;
137;;;1025;0,00%;
137;;;565;0,00%;
137;;;584;0,28%;
137;;;909;0,94%;
137;;;127;1,38%;
137;;;582;1,17%;
137;;;128;0,06%;
137;;;129;0,21%;
137;;;130;0,73%;
137;;;132;0,13%;
137;;;134;0,00%;
137;;;748;0,00%;
137;;;592;0,00%;
137;;;708;0,00%;
137;;;689;0,50%;
137;;;1160;0,00%;
137;;;978;0,00%;
137;;;966;0,24%;
137;;;139;0,06%;
137;;;143;0,14%;
136;;;29;0,00%;17
136;;;79;0,14%;42
136;;;457;0,32%;51
136;;;129;0,22%;107
136;;;582;1,20%;151
136;;;584;0,29%;182
136;;;80;0,00%;572
136;;;13;0,22%;644
136;;;47;0,53%;652
136;;;661;0,24%;664
136;;;940;0,94%;680
136;;;130;0,72%;685
136;;;142;0,51%;1254
136;;;65;2,21%;1265
136;;;108;0,10%;1271
136;;;538;0,43%;1273
136;;;120;0,86%;1275
136;;;141;0,29%;1278
136;;;5;1,14%;1289
136;;;16;1,50%;1293
136;;;28;2,20%;1299
136;;;37;1,25%;1300
136;;;75;0,01%;1307
136;;;59;0,50%;1313
136;;;114;1,77%;1315
136;;;143;0,14%;1320
136;;;92;0,00%;1501
136;;;57;0,02%;1745
136;;;139;0,06%;1754
136;;;33;0,14%;2044
136;;;72;0,08%;2045
136;;;85;7,81%;2099
136;;;12;0,51%;2265
136;;;24;0,09%;2270
136;;;123;0,40%;2271
136;;;501;4,04%;2272
136;;;121;4,72%;2273
136;;;48;0,43%;2285
136;;;34;0,15%;2301
136;;;19;2,27%;2432
136;;;426;0,01%;2520
136;;;94;0,08%;2529
136;;;256;0,37%;2580
136;;;658;0,16%;2583
136;;;8;5,00%;2592
136;;;26;0,33%;2593
136;;;54;0,62%;2594
136;;;69;0,45%;2595
136;;;89;0,46%;2596
136;;;106;1,33%;2597
136;;;110;0,09%;2598
136;;;492;2,34%;2599
136;;;107;0,29%;2600
136;;;96;0,76%;2601
136;;;567;0,69%;2602
136;;;128;0,07%;2603
136;;;592;0,11%;2604
136;;;689;0,50%;2605
135;;;6;0,57%;
135;;;8;5,00%;
135;;;142;0,50%;
135;;;231;0,19%;
135;;;16;1,49%;
135;;;19;2,27%;
135;;;26;0,33%;
135;;;27;0,06%;
135;;;28;2,20%;
135;;;286;0,00%;
135;;;610;0,00%;
135;;;48;0,42%;
135;;;52;0,70%;
135;;;71;0,00%;
135;;;54;0,62%;
135;;;731;0,99%;
135;;;1027;0,02%;
135;;;57;0,02%;
135;;;60;8,90%;
135;;;62;6,54%;
135;;;65;2,23%;
135;;;94;0,08%;
135;;;390;0,00%;
135;;;75;0,01%;
135;;;76;1,57%;
135;;;85;7,83%;
135;;;24;0,09%;
135;;;89;0,46%;
135;;;457;0,32%;
135;;;102;0,67%;
135;;;106;1,34%;
135;;;123;0,41%;
135;;;501;3,94%;
135;;;1269;0,00%;
135;;;538;0,43%;
135;;;119;0,29%;
135;;;120;0,85%;
135;;;121;4,74%;
135;;;567;0,69%;
135;;;127;1,39%;
135;;;128;0,06%;
135;;;129;0,22%;
135;;;130;0,72%;
135;;;132;0,13%;
135;;;139;0,06%;
135;;;141;0,29%;
134;;;85;7,83%;1611
134;;;5;1,15%;
134;;;8;5,00%;
134;;;142;0,50%;
134;;;12;0,50%;
134;;;16;1,49%;
134;;;26;0,33%;
134;;;29;0,00%;
134;;;42;0,07%;
134;;;47;0,53%;
134;;;48;0,42%;
134;;;62;6,54%;
134;;;94;0,08%;
134;;;69;0,45%;
134;;;72;0,08%;
134;;;75;0,01%;
134;;;79;0,14%;
134;;;661;0,24%;
134;;;426;0,01%;
134;;;457;0,32%;
134;;;106;1,34%;
134;;;123;0,41%;
134;;;111;0,54%;
134;;;538;0,43%;
134;;;120;0,85%;
134;;;121;4,74%;
134;;;584;0,29%;
134;;;129;0,22%;
134;;;130;0,72%;
134;;;689;0,50%;
134;;;139;0,06%;
133;;;29;0,00%;17
133;;;93;0,04%;584
133;;;72;0,09%;603
133;;;142;0,44%;643
133;;;13;0,21%;644
133;;;661;0,23%;664
133;;;538;0,45%;681
133;;;130;0,73%;685
133;;;139;0,06%;687
133;;;54;0,64%;1163
133;;;114;2,22%;1175
133;;;26;0,29%;1257
133;;;120;0,84%;1275
133;;;128;0,06%;1276
133;;;48;0,42%;1301
133;;;75;0,01%;1307
133;;;59;0,53%;1347
133;;;541;0,70%;1353
133;;;92;0,00%;2043
133;;;141;0,31%;2050
133;;;12;0,46%;2265
133;;;24;0,10%;2270
133;;;42;0,07%;2475
133;;;689;0,50%;2575
133;;;6;0,58%;2577
133;;;8;5,07%;2578
133;;;16;1,42%;2579
133;;;256;0,33%;2580
133;;;1190;0,00%;2581
133;;;286;0,00%;2582
133;;;658;0,16%;2583
133;;;610;0,00%;2584
133;;;62;6,38%;2585
133;;;100;2,27%;2586
133;;;108;0,11%;2587
133;;;790;0,27%;2588
133;;;121;4,81%;2589
133;;;127;1,37%;2590
133;;;143;0,14%;2591
132;;;29;0,00%;17
132;;;94;0,08%;602
132;;;72;0,09%;603
132;;;454;0,17%;609
132;;;8;5,07%;642
132;;;13;0,21%;644
132;;;60;8,96%;656
132;;;661;0,23%;664
132;;;120;0,84%;682
132;;;130;0,73%;685
132;;;141;0,31%;688
132;;;108;0,11%;1031
132;;;118;0,50%;1039
132;;;100;2,27%;1137
132;;;826;0,00%;1167
132;;;1108;0,24%;1168
132;;;24;0,10%;1172
132;;;114;2,22%;1175
132;;;96;0,85%;1176
132;;;457;0,32%;1229
132;;;582;1,17%;1240
132;;;286;0,00%;1333
132;;;75;0,01%;1340
132;;;129;0,21%;1358
132;;;106;1,35%;1814
132;;;1089;0,02%;1816
132;;;92;0,00%;2043
132;;;33;0,14%;2044
132;;;26;0,29%;2082
132;;;85;7,92%;2099
132;;;906;0,00%;2218
132;;;12;0,46%;2265
132;;;128;0,06%;2468
132;;;215;0,01%;2550
132;;;16;1,42%;2551
132;;;93;0,04%;2552
132;;;658;0,16%;2553
132;;;34;0,15%;2554
132;;;42;0,07%;2555
132;;;610;0,00%;2556
132;;;47;0,53%;2557
132;;;48;0,42%;2558
132;;;52;0,67%;2559
132;;;54;0,64%;2560
132;;;1027;0,02%;2561
132;;;62;6,38%;2562
132;;;65;1,93%;2563
132;;;66;0,02%;2564
132;;;410;0,00%;2565
132;;;79;0,14%;2566
132;;;76;1,75%;2567
132;;;426;0,01%;2568
132;;;102;0,61%;2569
132;;;105;0,27%;2570
132;;;884;0,00%;2571
132;;;121;4,81%;2572
132;;;127;1,37%;2573
132;;;591;0,02%;2574
132;;;689;0,50%;2575
132;;;139;0,06%;2576
130;;;5;1,15%;
130;;;8;5,00%;
130;;;12;0,50%;
130;;;13;0,22%;
130;;;256;0,37%;
130;;;19;2,27%;
130;;;26;0,33%;
130;;;27;0,06%;
130;;;28;2,20%;
130;;;610;0,00%;
130;;;48;0,42%;
130;;;54;0,62%;
130;;;57;0,02%;
130;;;60;8,90%;
130;;;62;6,54%;
130;;;65;2,23%;
130;;;66;0,02%;
130;;;670;0,83%;
130;;;75;0,01%;
130;;;77;0,05%;
130;;;1108;0,21%;
130;;;661;0,24%;
130;;;85;7,83%;
130;;;426;0,01%;
130;;;24;0,09%;
130;;;1244;1,19%;
130;;;454;0,18%;
130;;;100;2,28%;
130;;;59;0,50%;
130;;;102;0,67%;
130;;;123;0,41%;
130;;;114;1,77%;
130;;;501;3,94%;
130;;;107;0,29%;
130;;;940;0,93%;
130;;;1072;0,08%;
130;;;538;0,43%;
130;;;120;0,85%;
130;;;121;4,74%;
130;;;127;1,39%;
130;;;582;1,20%;
130;;;128;0,06%;
130;;;130;0,72%;
130;;;689;0,50%;
130;;;139;0,06%;
129;;;29;0,00%;17
129;;;13;0,22%;79
129;;;102;0,67%;138
129;;;112;0,52%;175
129;;;584;0,29%;182
129;;;54;0,62%;196
129;;;79;0,14%;200
129;;;790;0,27%;205
129;;;582;1,20%;308
129;;;142;0,51%;498
129;;;501;4,04%;957
129;;;34;0,15%;1420
129;;;286;0,00%;1481
129;;;26;0,33%;1696
129;;;57;0,02%;1745
129;;;139;0,06%;1754
129;;;65;2,21%;1880
129;;;107;0,29%;1882
129;;;47;0,53%;2447
129;;;128;0,07%;2468
129;;;661;0,24%;2505
129;;;85;7,81%;2519
129;;;59;0,50%;2521
129;;;5;1,14%;2537
129;;;8;5,00%;2538
129;;;16;1,50%;2539
129;;;28;2,20%;2540
129;;;52;0,70%;2541
129;;;62;6,56%;2542
129;;;81;0,02%;2543
129;;;426;0,01%;2544
129;;;633;0,33%;2545
129;;;1165;0,00%;2546
129;;;567;0,69%;2547
129;;;909;0,93%;2548
129;;;130;0,72%;2549
128;;;12;0,50%;10
128;;;33;0,14%;14
128;;;26;0,33%;16
128;;;29;0,00%;17
128;;;1043;0,00%;48
128;;;457;0,32%;51
128;;;737;0,03%;56
128;;;130;0,72%;67
128;;;132;0,13%;68
128;;;592;0,11%;69
128;;;16;1,49%;80
128;;;256;0,37%;81
128;;;48;0,42%;84
128;;;100;2,28%;95
128;;;129;0,22%;107
128;;;23;1,23%;118
128;;;28;2,20%;120
128;;;52;0,70%;126
128;;;60;8,90%;130
128;;;66;0,02%;133
128;;;851;0,01%;142
128;;;909;0,93%;150
128;;;582;1,20%;151
128;;;584;0,29%;182
128;;;54;0,62%;196
128;;;79;0,14%;200
128;;;790;0,27%;205
128;;;141;0,29%;210
128;;;123;0,41%;229
128;;;567;0,69%;235
128;;;47;0,53%;301
128;;;1089;0,03%;307
128;;;69;0,45%;501
128;;;120;0,85%;505
128;;;139;0,06%;507
128;;;25;0,00%;559
128;;;96;0,77%;575
128;;;142;0,50%;631
128;;;658;0,16%;967
128;;;65;2,23%;1186
128;;;689;0,50%;1253
128;;;416;0,24%;1386
128;;;5;1,15%;1499
128;;;57;0,02%;1745
128;;;1121;0,17%;2267
128;;;34;0,15%;2301
128;;;426;0,01%;2373
128;;;8;5,00%;2429
128;;;19;2,27%;2432
128;;;108;0,10%;2458
128;;;501;3,94%;2461
128;;;128;0,06%;2468
128;;;59;0,50%;2521
128;;;1220;0,14%;2525
128;;;27;0,06%;2526
128;;;37;1,26%;2527
128;;;62;6,54%;2528
128;;;94;0,08%;2529
128;;;661;0,24%;2530
128;;;612;0,57%;2531
128;;;111;0,54%;2532
128;;;50;0,00%;2533
128;;;1148;0,11%;2534
128;;;131;0,03%;2535
128;;;601;0,00%;2536
126;;;5;1,15%;
126;;;8;5,00%;
126;;;142;0,50%;
126;;;12;0,50%;
126;;;13;0,22%;
126;;;16;1,49%;
126;;;19;2,27%;
126;;;92;0,00%;
126;;;23;1,23%;
126;;;26;0,33%;
126;;;649;0,00%;
126;;;28;2,20%;
126;;;29;0,00%;
126;;;286;0,00%;
126;;;658;0,16%;
126;;;34;0,15%;
126;;;37;1,26%;
126;;;47;0,53%;
126;;;48;0,42%;
126;;;52;0,70%;
126;;;54;0,62%;
126;;;57;0,02%;
126;;;62;6,54%;
126;;;882;0,03%;
126;;;65;2,23%;
126;;;94;0,08%;
126;;;66;0,02%;
126;;;68;0,00%;
126;;;69;0,45%;
126;;;670;0,83%;
126;;;79;0,14%;
126;;;661;0,24%;
126;;;85;7,83%;
126;;;426;0,01%;
126;;;1043;0,00%;
126;;;100;2,28%;
126;;;59;0,50%;
126;;;457;0,32%;
126;;;102;0,67%;
126;;;105;0,24%;
126;;;633;0,33%;
126;;;106;1,34%;
126;;;108;0,10%;
126;;;110;0,09%;
126;;;111;0,54%;
126;;;112;0,52%;
126;;;501;3,94%;
126;;;851;0,01%;
126;;;96;0,77%;
126;;;790;0,27%;
126;;;120;0,85%;
126;;;567;0,69%;
126;;;584;0,29%;
126;;;909;0,93%;
126;;;1148;0,11%;
126;;;129;0,22%;
126;;;592;0,00%;
126;;;708;0,00%;
126;;;689;0,50%;
126;;;139;0,06%;
126;;;141;0,29%;
125;;;12;0,47%;10
125;;;33;0,14%;14
125;;;29;0,00%;17
125;;;658;0,16%;19
125;;;882;0,03%;35
125;;;77;0,05%;41
125;;;79;0,14%;42
125;;;80;0,00%;43
125;;;457;0,32%;51
125;;;132;0,13%;68
125;;;592;0,00%;69
125;;;13;0,22%;79
125;;;256;0,35%;81
125;;;128;0,06%;106
125;;;129;0,21%;107
125;;;16;1,45%;113
125;;;23;1,24%;118
125;;;28;2,20%;120
125;;;60;8,95%;130
125;;;66;0,02%;133
125;;;851;0,01%;142
125;;;107;0,30%;143
125;;;909;0,94%;150
125;;;112;0,53%;175
125;;;584;0,28%;182
125;;;48;0,42%;194
125;;;54;0,63%;196
125;;;94;0,08%;198
125;;;106;1,36%;203
125;;;790;0,27%;205
125;;;121;4,78%;208
125;;;141;0,30%;210
125;;;123;0,43%;229
125;;;582;1,17%;308
125;;;142;0,45%;498
125;;;69;0,42%;501
125;;;120;0,87%;505
125;;;6;0,58%;567
125;;;96;0,82%;575
125;;;454;0,17%;609
125;;;940;0,94%;680
125;;;689;0,50%;1253
125;;;286;0,00%;1481
125;;;5;1,15%;1499
125;;;26;0,31%;1696
125;;;57;0,02%;1745
125;;;139;0,06%;1754
125;;;65;1,93%;1880
125;;;567;0,69%;2412
125;;;19;2,23%;2432
125;;;47;0,53%;2447
125;;;633;0,33%;2456
125;;;108;0,11%;2458
125;;;501;3,84%;2461
125;;;62;6,45%;2494
125;;;649;0,00%;2500
125;;;8;5,04%;2516
125;;;53;0,00%;2517
125;;;661;0,23%;2518
125;;;85;7,86%;2519
125;;;426;0,01%;2520
125;;;59;0,52%;2521
125;;;884;0,00%;2522
125;;;130;0,73%;2523
125;;;143;0,14%;2524
123;;;29;0,00%;17
123;;;658;0,16%;19
123;;;48;0,42%;24
123;;;882;0,04%;35
123;;;80;0,00%;43
123;;;13;0,21%;79
123;;;426;0,01%;93
123;;;129;0,21%;107
123;;;33;0,14%;117
123;;;37;1,30%;160
123;;;52;0,67%;195
123;;;79;0,14%;200
123;;;567;0,69%;235
123;;;909;0,95%;413
123;;;286;0,00%;561
123;;;139;0,06%;966
123;;;128;0,06%;1004
123;;;66;0,02%;1249
123;;;689;0,50%;1253
123;;;94;0,08%;1432
123;;;107;0,29%;1661
123;;;6;0,58%;1689
123;;;8;5,07%;1690
123;;;18;0,23%;1693
123;;;54;0,64%;1701
123;;;62;6,38%;1703
123;;;65;1,93%;1704
123;;;69;0,42%;1705
123;;;77;0,05%;1706
123;;;85;7,92%;1707
123;;;123;0,46%;1711
123;;;111;0,54%;1713
123;;;584;0,28%;1718
123;;;130;0,73%;1719
123;;;96;0,85%;2299
123;;;26;0,29%;2416
123;;;501;3,81%;2461
123;;;5;1,15%;2495
123;;;142;0,44%;2496
123;;;16;1,42%;2497
123;;;92;0,00%;2498
123;;;23;1,40%;2499
123;;;649;0,00%;2500
123;;;28;2,03%;2501
123;;;34;0,15%;2502
123;;;57;0,02%;2503
123;;;670;0,80%;2504
123;;;661;0,23%;2505
123;;;100;2,27%;2506
123;;;106;1,35%;2507
123;;;108;0,11%;2508
123;;;110;0,09%;2509
123;;;120;0,84%;2510
123;;;121;4,81%;2511
123;;;127;1,37%;2512
123;;;582;1,17%;2513
123;;;592;0,00%;2514
123;;;141;0,31%;2515
122;;;215;0,01%;2
122;;;33;0,14%;14
122;;;29;0,00%;17
122;;;658;0,16%;19
122;;;882;0,04%;35
122;;;77;0,05%;41
122;;;79;0,14%;42
122;;;80;0,00%;43
122;;;59;0,53%;50
122;;;457;0,32%;51
122;;;108;0,11%;53
122;;;130;0,73%;67
122;;;592;0,00%;69
122;;;13;0,21%;79
122;;;48;0,42%;84
122;;;670;0,80%;90
122;;;661;0,23%;91
122;;;85;7,92%;92
122;;;112;0,53%;100
122;;;128;0,06%;106
122;;;129;0,21%;107
122;;;23;1,40%;118
122;;;28;2,03%;120
122;;;60;8,96%;130
122;;;65;1,93%;132
122;;;66;0,02%;133
122;;;851;0,01%;142
122;;;582;1,17%;151
122;;;12;0,46%;157
122;;;16;1,42%;158
122;;;69;0,42%;168
122;;;114;2,22%;176
122;;;584;0,28%;182
122;;;790;0,27%;205
122;;;141;0,31%;210
122;;;30;0,03%;213
122;;;426;0,01%;222
122;;;123;0,46%;229
122;;;111;0,54%;280
122;;;54;0,64%;292
122;;;120;0,84%;505
122;;;143;0,14%;508
122;;;286;0,00%;561
122;;;6;0,58%;567
122;;;37;1,30%;570
122;;;142;0,44%;631
122;;;501;3,81%;957
122;;;475;0,10%;998
122;;;689;0,50%;1253
122;;;567;0,69%;1382
122;;;94;0,08%;1432
122;;;18;0,23%;1479
122;;;5;1,15%;1499
122;;;102;0,61%;1506
122;;;107;0,29%;1661
122;;;57;0,02%;1745
122;;;139;0,06%;1754
122;;;34;0,15%;2301
122;;;19;2,20%;2432
122;;;52;0,67%;2493
122;;;62;6,38%;2494
121;;;215;0,01%;2
121;;;12;0,46%;10
121;;;33;0,14%;14
121;;;26;0,29%;16
121;;;29;0,00%;17
121;;;715;0,17%;33
121;;;882;0,04%;35
121;;;77;0,05%;41
121;;;79;0,14%;42
121;;;80;0,00%;43
121;;;59;0,53%;50
121;;;457;0,32%;51
121;;;108;0,11%;53
121;;;110;0,09%;55
121;;;737;0,03%;56
121;;;130;0,73%;67
121;;;132;0,15%;68
121;;;592;0,00%;69
121;;;13;0,21%;79
121;;;112;0,53%;100
121;;;129;0,21%;107
121;;;11;0,58%;112
121;;;16;1,42%;113
121;;;23;1,40%;118
121;;;60;8,96%;130
121;;;65;1,93%;132
121;;;66;0,02%;133
121;;;102;0,61%;138
121;;;851;0,01%;142
121;;;582;1,17%;151
121;;;37;1,30%;160
121;;;50;0,00%;181
121;;;52;0,67%;195
121;;;57;0,02%;197
121;;;94;0,08%;198
121;;;790;0,27%;205
121;;;121;4,81%;208
121;;;141;0,31%;210
121;;;426;0,01%;222
121;;;111;0,54%;247
121;;;54;0,64%;292
121;;;1089;0,02%;307
121;;;69;0,42%;501
121;;;120;0,84%;505
121;;;5;1,15%;509
121;;;475;0,10%;525
121;;;106;1,35%;565
121;;;62;6,38%;953
121;;;501;3,81%;957
121;;;658;0,16%;967
121;;;689;0,50%;1253
121;;;28;2,03%;1377
121;;;416;0,23%;1386
121;;;128;0,06%;1472
121;;;286;0,00%;1481
121;;;68;0,00%;1494
121;;;48;0,42%;1503
121;;;18;0,23%;1693
121;;;96;0,85%;1753
121;;;139;0,06%;1754
121;;;34;0,15%;2301
121;;;8;5,07%;2429
121;;;19;2,20%;2432
121;;;92;0,00%;2433
121;;;30;0,03%;2446
121;;;6;0,58%;2486
121;;;142;0,44%;2487
121;;;661;0,23%;2488
121;;;612;0,60%;2489
121;;;85;7,92%;2490
121;;;123;0,46%;2491
121;;;143;0,14%;2492
120;;;29;0,00%;17
120;;;658;0,16%;19
120;;;715;0,17%;33
120;;;882;0,04%;35
120;;;77;0,05%;41
120;;;59;0,53%;50
120;;;457;0,32%;51
120;;;108;0,11%;53
120;;;107;0,29%;59
120;;;128;0,06%;106
120;;;12;0,46%;157
120;;;37;1,30%;160
120;;;50;0,00%;181
120;;;584;0,28%;182
120;;;541;0,70%;206
120;;;426;0,01%;222
120;;;567;0,69%;235
120;;;111;0,54%;280
120;;;582;1,17%;308
120;;;13;0,21%;510
120;;;475;0,10%;525
120;;;33;0,14%;1244
120;;;139;0,06%;1376
120;;;19;2,20%;1414
120;;;130;0,73%;1618
120;;;7;0,05%;1657
120;;;57;0,02%;1745
120;;;65;1,93%;1791
120;;;28;2,03%;2294
120;;;52;0,67%;2295
120;;;102;0,61%;2298
120;;;41;0,10%;2371
120;;;26;0,29%;2434
120;;;142;0,44%;2440
120;;;30;0,03%;2446
120;;;5;1,15%;2472
120;;;16;1,42%;2473
120;;;34;0,15%;2474
120;;;42;0,07%;2475
120;;;48;0,42%;2476
120;;;49;2,28%;2477
120;;;66;0,02%;2478
120;;;79;0,14%;2479
120;;;661;0,23%;2480
120;;;612;0,60%;2481
120;;;85;7,92%;2482
120;;;1033;0,01%;2483
120;;;112;0,53%;2484
120;;;129;0,21%;2485
119;;;26;0,33%;16
119;;;29;0,00%;17
119;;;882;0,03%;35
119;;;77;0,06%;41
119;;;80;0,00%;43
119;;;1043;0,00%;48
119;;;59;0,50%;50
119;;;457;0,32%;51
119;;;256;0,37%;81
119;;;129;0,22%;107
119;;;11;0,56%;112
119;;;65;2,21%;132
119;;;37;1,25%;160
119;;;584;0,29%;182
119;;;582;1,20%;184
119;;;48;0,43%;194
119;;;79;0,14%;200
119;;;790;0,27%;205
119;;;6;0,56%;254
119;;;73;0,34%;303
119;;;286;0,00%;561
119;;;141;0,29%;974
119;;;5;1,14%;1180
119;;;60;8,87%;1184
119;;;139;0,06%;1376
119;;;94;0,08%;1432
119;;;661;0,24%;1438
119;;;658;0,16%;1488
119;;;57;0,02%;1745
119;;;1041;0,03%;2237
119;;;1067;0,00%;2277
119;;;41;0,09%;2371
119;;;426;0,01%;2373
119;;;40;0,00%;2385
119;;;567;0,69%;2412
119;;;19;2,27%;2432
119;;;8;5,00%;2439
119;;;142;0,51%;2440
119;;;13;0,22%;2441
119;;;16;1,50%;2442
119;;;92;0,00%;2443
119;;;23;1,22%;2444
119;;;28;2,20%;2445
119;;;30;0,03%;2446
119;;;47;0,53%;2447
119;;;49;2,32%;2448
119;;;52;0,70%;2449
119;;;54;0,62%;2450
119;;;62;6,56%;2451
119;;;66;0,03%;2452
119;;;67;0,00%;2453
119;;;69;0,45%;2454
119;;;85;7,81%;2455
119;;;633;0,33%;2456
119;;;106;1,33%;2457
119;;;108;0,10%;2458
119;;;123;0,40%;2459
119;;;114;1,77%;2460
119;;;501;4,04%;2461
119;;;107;0,29%;2462
119;;;541;0,69%;2463
119;;;118;0,44%;2464
119;;;120;0,86%;2465
119;;;121;4,72%;2466
119;;;909;0,93%;2467
119;;;128;0,07%;2468
119;;;130;0,72%;2469
119;;;592;0,11%;2470
119;;;966;0,24%;2471
118;;;12;0,46%;10
118;;;29;0,00%;17
118;;;715;0,17%;33
118;;;882;0,04%;35
118;;;77;0,05%;41
118;;;80;0,00%;43
118;;;59;0,53%;50
118;;;108;0,11%;53
118;;;130;0,73%;67
118;;;592;0,00%;69
118;;;129;0,21%;107
118;;;16;1,42%;158
118;;;111;0,54%;174
118;;;112;0,53%;175
118;;;114;2,22%;176
118;;;501;3,81%;177
118;;;584;0,28%;182
118;;;30;0,03%;213
118;;;426;0,01%;222
118;;;123;0,46%;229
118;;;582;1,17%;308
118;;;69;0,42%;501
118;;;13;0,21%;510
118;;;475;0,10%;525
118;;;37;1,30%;570
118;;;661;0,23%;1187
118;;;139;0,06%;1376
118;;;28;2,03%;1377
118;;;54;0,64%;1385
118;;;94;0,08%;1432
118;;;66;0,02%;1483
118;;;142;0,44%;1486
118;;;62;6,38%;1490
118;;;68;0,00%;1494
118;;;5;1,15%;1499
118;;;57;0,02%;1745
118;;;85;7,92%;1749
118;;;65;1,93%;1880
118;;;96;0,85%;2299
118;;;52;0,67%;2410
118;;;567;0,69%;2412
118;;;8;5,07%;2429
118;;;19;2,20%;2432
118;;;92;0,00%;2433
118;;;26;0,29%;2434
118;;;34;0,15%;2435
118;;;60;8,96%;2436
118;;;79;0,14%;2437
118;;;612;0,60%;2438
117;;;215;0,01%;2
117;;;12;0,46%;10
117;;;33;0,14%;14
117;;;29;0,00%;17
117;;;658;0,16%;19
117;;;715;0,17%;33
117;;;77;0,05%;41
117;;;79;0,14%;42
117;;;661;0,23%;44
117;;;457;0,32%;51
117;;;737;0,03%;56
117;;;592;0,00%;69
117;;;13;0,21%;79
117;;;16;1,42%;80
117;;;68;0,00%;89
117;;;670;0,80%;90
117;;;100;2,27%;95
117;;;128;0,06%;106
117;;;129;0,21%;107
117;;;93;0,04%;116
117;;;23;1,40%;118
117;;;28;2,03%;120
117;;;52;0,67%;126
117;;;60;8,96%;130
117;;;65;1,93%;132
117;;;851;0,01%;142
117;;;107;0,29%;143
117;;;37;1,30%;160
117;;;69;0,42%;168
117;;;112;0,53%;175
117;;;114;2,22%;176
117;;;50;0,00%;181
117;;;584;0,28%;182
117;;;54;0,64%;196
117;;;106;1,35%;203
117;;;790;0,27%;205
117;;;30;0,03%;213
117;;;426;0,01%;222
117;;;111;0,54%;247
117;;;49;2,28%;291
117;;;73;0,33%;303
117;;;582;1,17%;308
117;;;142;0,44%;498
117;;;120;0,84%;505
117;;;139;0,06%;507
117;;;108;0,11%;972
117;;;127;1,37%;1002
117;;;689;0,50%;1253
117;;;90;0,15%;1384
117;;;416;0,23%;1386
117;;;1033;0,01%;1388
117;;;909;0,95%;1467
117;;;62;6,38%;1490
117;;;5;1,15%;1499
117;;;34;0,15%;1697
117;;;85;7,92%;1749
117;;;1121;0,17%;2267
117;;;8;5,07%;2429
117;;;612;0,60%;2430
117;;;59;0,53%;2431
115;;;215;0,01%;2
115;;;12;0,46%;10
115;;;34;0,15%;20
115;;;48;0,42%;24
115;;;52;0,67%;26
115;;;54;0,64%;27
115;;;60;8,96%;31
115;;;882;0,04%;35
115;;;80;0,00%;43
115;;;426;0,01%;47
115;;;59;0,53%;50
115;;;457;0,32%;51
115;;;737;0,03%;56
115;;;501;3,81%;58
115;;;130;0,73%;67
115;;;592;0,00%;69
115;;;139;0,06%;72
115;;;143;0,14%;75
115;;;661;0,23%;91
115;;;128;0,06%;106
115;;;129;0,21%;107
115;;;65;1,93%;132
115;;;29;0,00%;159
115;;;37;1,30%;160
115;;;112;0,53%;175
115;;;50;0,00%;181
115;;;57;0,02%;197
115;;;790;0,27%;205
115;;;30;0,03%;213
115;;;87;0,28%;223
115;;;8;5,07%;239
115;;;141;0,31%;295
115;;;582;1,17%;308
115;;;142;0,44%;498
115;;;69;0,42%;501
115;;;475;0,10%;998
115;;;66;0,02%;1249
115;;;123;0,46%;1251
115;;;28;2,03%;1377
115;;;94;0,08%;1432
115;;;85;7,92%;1749
115;;;105;0,27%;1751
115;;;670;0,80%;2303
115;;;16;1,42%;2421
115;;;92;0,00%;2422
115;;;68;0,00%;2423
115;;;100;2,27%;2424
115;;;106;1,35%;2425
115;;;111;0,54%;2426
115;;;96;0,85%;2427
115;;;584;0,28%;2428
113;;;12;0,46%;10
113;;;29;0,00%;17
113;;;658;0,16%;19
113;;;715;0,17%;33
113;;;77;0,05%;41
113;;;661;0,23%;44
113;;;59;0,53%;50
113;;;457;0,32%;51
113;;;108;0,11%;53
113;;;737;0,03%;56
113;;;592;0,00%;69
113;;;689;0,50%;71
113;;;13;0,21%;79
113;;;16;1,42%;80
113;;;48;0,42%;84
113;;;100;2,27%;95
113;;;128;0,06%;106
113;;;129;0,21%;107
113;;;28;2,03%;120
113;;;66;0,02%;133
113;;;851;0,01%;142
113;;;582;1,17%;151
113;;;37;1,30%;160
113;;;584;0,28%;182
113;;;54;0,64%;196
113;;;106;1,35%;203
113;;;426;0,01%;222
113;;;87;0,28%;223
113;;;112;0,53%;248
113;;;34;0,15%;259
113;;;141;0,31%;295
113;;;215;0,01%;497
113;;;142;0,44%;498
113;;;69;0,42%;501
113;;;139;0,06%;507
113;;;123;0,46%;566
113;;;475;0,10%;998
113;;;33;0,14%;1244
113;;;94;0,08%;1432
113;;;62;6,38%;1490
113;;;5;1,15%;1499
113;;;107;0,29%;1661
113;;;85;7,92%;1749
113;;;105;0,27%;1751
113;;;111;0,54%;1752
113;;;567;0,69%;2412
113;;;8;5,07%;2413
113;;;92;0,00%;2414
113;;;90;0,15%;2415
113;;;26;0,29%;2416
113;;;52;0,67%;2417
113;;;65;1,93%;2418
113;;;670;0,80%;2419
113;;;79;0,14%;2420
112;;;215;0,01%;2
112;;;29;0,00%;17
112;;;658;0,16%;19
112;;;715;0,17%;33
112;;;79;0,14%;42
112;;;80;0,00%;43
112;;;661;0,23%;44
112;;;457;0,32%;51
112;;;108;0,11%;53
112;;;737;0,03%;56
112;;;909;0,95%;64
112;;;13;0,21%;79
112;;;68;0,00%;89
112;;;670;0,80%;90
112;;;128;0,06%;106
112;;;592;0,00%;108
112;;;11;0,58%;112
112;;;23;1,40%;118
112;;;65;1,93%;132
112;;;851;0,01%;142
112;;;107;0,29%;143
112;;;12;0,46%;157
112;;;16;1,42%;158
112;;;69;0,42%;168
112;;;50;0,00%;181
112;;;584;0,28%;182
112;;;85;7,92%;221
112;;;111;0,54%;247
112;;;1089;0,02%;307
112;;;582;1,17%;308
112;;;142;0,44%;498
112;;;120;0,84%;505
112;;;475;0,10%;525
112;;;49;2,28%;987
112;;;28;2,03%;1377
112;;;54;0,64%;1385
112;;;100;2,27%;1496
112;;;102;0,61%;1506
112;;;129;0,21%;1757
112;;;34;0,15%;2301
112;;;426;0,01%;2373
112;;;8;5,07%;2409
112;;;52;0,67%;2410
112;;;66;0,02%;2411
112;;;567;0,69%;2412
111;;;579;0,05%;6
111;;;862;0,00%;30
111;;;93;0,04%;328
111;;;256;0,33%;580
111;;;8;5,07%;811
111;;;121;4,81%;850
111;;;142;0,44%;856
111;;;33;0,14%;864
111;;;769;0,30%;885
111;;;49;2,28%;886
111;;;75;0,01%;902
111;;;612;0,60%;907
111;;;88;1,68%;911
111;;;106;1,35%;917
111;;;114;2,22%;923
111;;;127;1,37%;936
111;;;138;0,00%;944
111;;;953;0,01%;946
111;;;1163;0,11%;1568
111;;;23;1,40%;1621
111;;;81;0,00%;1640
111;;;100;2,27%;1646
111;;;123;0,46%;1648
111;;;790;0,27%;1650
111;;;567;0,69%;1653
111;;;669;0,32%;1865
111;;;141;0,31%;2159
111;;;92;0,00%;2251
111;;;34;0,15%;2403
111;;;40;0,00%;2404
111;;;60;8,96%;2405
111;;;62;6,38%;2406
111;;;69;0,42%;2407
111;;;76;1,75%;2408
109;;;799;0,04%;204
109;;;215;0,01%;311
109;;;7;0,05%;312
109;;;12;0,46%;320
109;;;649;0,00%;332
109;;;669;0,32%;342
109;;;715;0,17%;356
109;;;94;0,08%;359
109;;;66;0,02%;360
109;;;77;0,05%;364
109;;;79;0,14%;366
109;;;661;0,23%;371
109;;;83;0,15%;372
109;;;426;0,01%;374
109;;;24;0,10%;376
109;;;612;0,60%;381
109;;;102;0,61%;384
109;;;108;0,11%;389
109;;;851;0,01%;398
109;;;782;0,00%;406
109;;;584;0,28%;412
109;;;592;0,00%;422
109;;;141;0,31%;429
109;;;5;1,15%;430
109;;;10;2,20%;433
109;;;16;1,42%;436
109;;;40;0,00%;444
109;;;54;0,64%;447
109;;;882;0,04%;451
109;;;81;0,00%;459
109;;;100;2,27%;461
109;;;59;0,53%;462
109;;;111;0,54%;465
109;;;114;2,22%;467
109;;;127;1,37%;479
109;;;582;1,17%;480
109;;;132;0,15%;483
109;;;769;0,30%;532
109;;;139;0,06%;555
109;;;143;0,14%;556
109;;;811;0,03%;1065
109;;;737;0,03%;1067
109;;;6;0,58%;1078
109;;;1163;0,11%;1085
109;;;27;0,08%;1088
109;;;37;1,30%;1089
109;;;48;0,42%;1091
109;;;76;1,75%;1097
109;;;80;0,00%;1098
109;;;106;1,35%;1101
109;;;123;0,46%;1103
109;;;120;0,84%;1106
109;;;121;4,81%;1107
109;;;567;0,69%;1108
109;;;130;0,73%;1110
109;;;23;1,40%;1279
109;;;42;0,07%;1280
109;;;138;0,00%;1288
109;;;142;0,44%;1544
109;;;13;0,21%;1545
109;;;49;2,28%;1551
109;;;60;8,96%;1552
109;;;62;6,38%;1553
109;;;501;3,81%;1558
109;;;286;0,00%;1570
109;;;52;0,67%;1737
109;;;69;0,42%;1738
109;;;118;0,50%;1954
109;;;1041;0,02%;2237
109;;;1087;0,00%;2339
109;;;70;0,00%;2364
109;;;17;0,17%;2394
109;;;256;0,33%;2395
109;;;1190;0,00%;2396
109;;;610;0,00%;2397
109;;;670;0,80%;2398
109;;;89;1,68%;2399
109;;;88;1,68%;2400
109;;;128;0,06%;2401
109;;;129;0,21%;2402
108;;;862;0,00%;30
108;;;49;2,28%;345
108;;;24;0,10%;376
108;;;87;0,28%;377
108;;;102;0,61%;384
108;;;953;0,01%;426
108;;;17;0,17%;437
108;;;54;0,64%;447
108;;;106;1,35%;841
108;;;127;1,37%;936
108;;;114;2,22%;1055
108;;;49;2,28%;1551
108;;;76;1,75%;1639
108;;;8;5,07%;1666
108;;;52;0,67%;1737
108;;;138;0,00%;2263
108;;;19;2,20%;2383
108;;;27;0,08%;2384
108;;;40;0,00%;2385
108;;;610;0,00%;2386
108;;;1205;0,00%;2387
108;;;454;0,17%;2388
108;;;114;2,22%;2389
108;;;96;0,85%;2390
108;;;122;0,00%;2391
108;;;128;0,06%;2392
108;;;128;0,06%;2393
107;;;24;0,10%;376
107;;;10;2,20%;1045
107;;;100;2,27%;1054
107;;;30;0,03%;1122
107;;;16;1,42%;1391
107;;;19;2,20%;1392
107;;;37;1,30%;1393
107;;;123;0,46%;1400
107;;;501;3,81%;1402
107;;;121;4,81%;1405
107;;;567;0,69%;1406
107;;;6;0,58%;1665
107;;;114;2,22%;1683
107;;;8;5,07%;1761
107;;;118;0,50%;2075
107;;;60;8,96%;2378
107;;;62;6,38%;2379
107;;;76;1,75%;2380
107;;;89;1,68%;2381
107;;;96;0,85%;2382
106;;;142;0,44%;5
106;;;12;0,46%;10
106;;;33;0,14%;14
106;;;658;0,16%;19
106;;;715;0,17%;33
106;;;73;0,33%;40
106;;;77;0,05%;41
106;;;79;0,14%;42
106;;;108;0,11%;53
106;;;541;0,70%;61
106;;;661;0,23%;91
106;;;114;2,22%;101
106;;;128;0,06%;106
106;;;93;0,04%;116
106;;;52;0,67%;126
106;;;66;0,02%;133
106;;;37;1,30%;160
106;;;121;4,81%;180
106;;;50;0,00%;181
106;;;790;0,27%;205
106;;;30;0,03%;213
106;;;111;0,54%;247
106;;;5;1,15%;251
106;;;11;0,58%;254
106;;;62;6,38%;265
106;;;65;1,93%;266
106;;;118;0,50%;269
106;;;69;0,42%;501
106;;;143;0,14%;508
106;;;67;0,00%;636
106;;;60;8,96%;690
106;;;120;0,84%;695
106;;;1067;0,00%;1189
106;;;139;0,06%;1376
106;;;48;0,42%;1721
106;;;54;0,64%;1722
106;;;100;2,27%;1727
106;;;106;1,35%;1730
106;;;57;0,02%;1745
106;;;28;2,03%;1846
106;;;123;0,46%;1851
106;;;670;0,80%;2303
106;;;16;1,42%;2368
106;;;23;1,40%;2369
106;;;34;0,15%;2370
106;;;41;0,10%;2371
106;;;85;7,92%;2372
106;;;426;0,01%;2373
106;;;107;0,29%;2374
106;;;96;0,85%;2375
106;;;582;1,17%;2376
106;;;141;0,31%;2377
104;;;799;0,04%;204
104;;;215;0,01%;311
104;;;7;0,05%;312
104;;;12;0,46%;320
104;;;33;0,14%;329
104;;;649;0,00%;332
104;;;30;0,03%;334
104;;;48;0,42%;344
104;;;49;2,28%;345
104;;;749;0,02%;357
104;;;94;0,08%;359
104;;;66;0,02%;360
104;;;77;0,05%;364
104;;;661;0,23%;371
104;;;83;0,15%;372
104;;;426;0,01%;374
104;;;24;0,10%;376
104;;;87;0,28%;377
104;;;1043;0,00%;379
104;;;612;0,60%;381
104;;;102;0,61%;384
104;;;475;0,10%;388
104;;;108;0,11%;389
104;;;584;0,28%;412
104;;;129;0,21%;417
104;;;141;0,31%;429
104;;;8;5,07%;431
104;;;10;2,20%;433
104;;;37;1,30%;443
104;;;40;0,00%;444
104;;;54;0,64%;447
104;;;882;0,04%;451
104;;;81;0,00%;459
104;;;59;0,53%;462
104;;;127;1,37%;479
104;;;132;0,15%;483
104;;;906;0,00%;484
104;;;689;0,50%;487
104;;;610;0,00%;531
104;;;62;6,38%;534
104;;;69;0,42%;536
104;;;670;0,80%;538
104;;;139;0,06%;555
104;;;143;0,14%;556
104;;;538;0,45%;930
104;;;737;0,03%;1067
104;;;582;1,17%;1073
104;;;142;0,44%;1081
104;;;1163;0,11%;1085
104;;;26;0,29%;1087
104;;;80;0,00%;1098
104;;;567;0,69%;1108
104;;;23;1,40%;1279
104;;;42;0,07%;1280
104;;;13;0,21%;1545
104;;;501;3,81%;1558
104;;;286;0,00%;1570
104;;;5;1,15%;1734
104;;;658;0,16%;1946
104;;;1041;0,02%;2237
104;;;811;0,03%;2254
104;;;1087;0,00%;2339
104;;;88;1,68%;2341
104;;;110;0,09%;2342
104;;;47;0,53%;2361
104;;;60;8,96%;2362
104;;;715;0,17%;2363
104;;;70;0,00%;2364
104;;;123;0,46%;2365
104;;;114;2,22%;2366
104;;;121;4,81%;2367
103;;;579;0,05%;6
103;;;862;0,00%;30
103;;;799;0,04%;204
103;;;1010;0,00%;234
103;;;41;0,10%;340
103;;;669;0,32%;342
103;;;48;0,42%;344
103;;;759;0,00%;370
103;;;24;0,10%;376
103;;;737;0,03%;393
103;;;888;0,01%;425
103;;;953;0,01%;426
103;;;107;0,29%;547
103;;;143;0,14%;556
103;;;18;0,23%;818
103;;;121;4,81%;850
103;;;234;0,27%;857
103;;;28;2,03%;869
103;;;47;0,53%;883
103;;;142;0,44%;1044
103;;;54;0,64%;1050
103;;;118;0,50%;1057
103;;;77;0,05%;1066
103;;;1163;0,11%;1568
103;;;649;0,00%;1569
103;;;501;3,81%;1588
103;;;60;8,96%;1959
103;;;34;0,15%;2128
103;;;8;5,07%;2346
103;;;17;0,17%;2347
103;;;23;1,40%;2348
103;;;27;0,08%;2349
103;;;62;6,38%;2350
103;;;100;2,27%;2351
103;;;102;0,61%;2352
103;;;106;1,35%;2353
103;;;114;2,22%;2354
103;;;96;0,85%;2355
103;;;128;0,06%;2356
103;;;129;0,21%;2357
103;;;592;0,00%;2358
103;;;689;0,50%;2359
103;;;139;0,06%;2360
102;;;799;0,04%;204
102;;;215;0,01%;311
102;;;7;0,05%;312
102;;;12;0,46%;320
102;;;93;0,04%;328
102;;;33;0,14%;329
102;;;649;0,00%;332
102;;;30;0,03%;334
102;;;669;0,32%;342
102;;;48;0,42%;344
102;;;94;0,08%;359
102;;;66;0,02%;360
102;;;72;0,09%;362
102;;;77;0,05%;364
102;;;79;0,14%;366
102;;;661;0,23%;371
102;;;83;0,15%;372
102;;;426;0,01%;374
102;;;24;0,10%;376
102;;;87;0,28%;377
102;;;1043;0,00%;379
102;;;612;0,60%;381
102;;;454;0,17%;382
102;;;102;0,61%;384
102;;;475;0,10%;388
102;;;108;0,11%;389
102;;;782;0,00%;406
102;;;129;0,21%;417
102;;;130;0,73%;418
102;;;141;0,31%;429
102;;;10;2,20%;433
102;;;16;1,42%;436
102;;;17;0,17%;437
102;;;37;1,30%;443
102;;;40;0,00%;444
102;;;54;0,64%;447
102;;;882;0,04%;451
102;;;81;0,00%;459
102;;;100;2,27%;461
102;;;59;0,53%;462
102;;;111;0,54%;465
102;;;107;0,29%;469
102;;;940;0,93%;470
102;;;132;0,15%;483
102;;;906;0,00%;484
102;;;15;0,02%;528
102;;;610;0,00%;531
102;;;769;0,30%;532
102;;;62;6,38%;534
102;;;670;0,80%;538
102;;;96;0,85%;548
102;;;567;0,69%;551
102;;;139;0,06%;555
102;;;143;0,14%;556
102;;;737;0,03%;1067
102;;;582;1,17%;1073
102;;;6;0,58%;1078
102;;;8;5,07%;1080
102;;;13;0,21%;1082
102;;;18;0,23%;1083
102;;;1163;0,11%;1085
102;;;26;0,29%;1087
102;;;70;0,00%;1096
102;;;76;1,75%;1097
102;;;106;1,35%;1101
102;;;120;0,84%;1106
102;;;23;1,40%;1279
102;;;138;0,00%;1288
102;;;121;4,81%;1540
102;;;909;0,95%;1541
102;;;142;0,44%;1544
102;;;49;2,28%;1551
102;;;548;0,00%;1557
102;;;286;0,00%;1570
102;;;5;1,15%;1734
102;;;658;0,16%;1946
102;;;118;0,50%;1954
102;;;1041;0,02%;2237
102;;;69;0,42%;2321
102;;;1087;0,00%;2339
102;;;715;0,17%;2340
102;;;88;1,68%;2341
102;;;110;0,09%;2342
102;;;501;3,81%;2343
102;;;584;0,28%;2344
102;;;689;0,50%;2345
101;;;862;0,00%;30
101;;;87;0,28%;377
101;;;111;0,54%;392
101;;;76;1,75%;606
101;;;38;0,07%;651
101;;;102;0,61%;673
101;;;141;0,31%;688
101;;;33;0,14%;864
101;;;77;0,05%;1066
101;;;94;0,08%;1305
101;;;54;0,64%;1336
101;;;457;0,32%;1348
101;;;737;0,03%;1893
101;;;108;0,11%;2074
101;;;6;0,58%;2221
101;;;8;5,07%;2222
101;;;80;0,00%;2239
101;;;16;1,42%;2309
101;;;19;2,20%;2310
101;;;23;1,40%;2311
101;;;90;0,15%;2312
101;;;26;0,29%;2313
101;;;27;0,08%;2314
101;;;28;2,03%;2315
101;;;29;0,00%;2316
101;;;42;0,07%;2317
101;;;811;0,03%;2318
101;;;60;8,96%;2319
101;;;62;6,38%;2320
101;;;69;0,42%;2321
101;;;70;0,00%;2322
101;;;75;0,01%;2323
101;;;85;7,92%;2324
101;;;426;0,01%;2325
101;;;106;1,35%;2326
101;;;123;0,46%;2327
101;;;114;2,22%;2328
101;;;501;3,81%;2329
101;;;96;0,85%;2330
101;;;1085;0,01%;2331
101;;;121;4,81%;2332
101;;;567;0,69%;2333
101;;;130;0,73%;2334
101;;;132;0,15%;2335
101;;;592;0,00%;2336
101;;;689;0,50%;2337
101;;;139;0,06%;2338
100;;;12;0,46%;10
100;;;33;0,14%;14
100;;;29;0,00%;17
100;;;658;0,16%;19
100;;;715;0,17%;33
100;;;882;0,04%;35
100;;;68;0,00%;38
100;;;79;0,14%;42
100;;;457;0,32%;51
100;;;108;0,11%;53
100;;;737;0,03%;56
100;;;130;0,73%;67
100;;;592;0,00%;69
100;;;48;0,42%;84
100;;;501;3,81%;102
100;;;128;0,06%;106
100;;;129;0,21%;107
100;;;93;0,04%;116
100;;;23;1,40%;118
100;;;28;2,03%;120
100;;;52;0,67%;126
100;;;60;8,96%;130
100;;;65;1,93%;132
100;;;66;0,02%;133
100;;;851;0,01%;142
100;;;107;0,29%;143
100;;;582;1,17%;151
100;;;37;1,30%;160
100;;;114;2,22%;176
100;;;50;0,00%;181
100;;;584;0,28%;182
100;;;790;0,27%;205
100;;;30;0,03%;213
100;;;426;0,01%;222
100;;;567;0,69%;235
100;;;111;0,54%;247
100;;;112;0,53%;248
100;;;16;1,42%;255
100;;;49;2,28%;291
100;;;54;0,64%;292
100;;;141;0,31%;295
100;;;90;0,15%;298
100;;;612;0,60%;304
100;;;142;0,44%;498
100;;;69;0,42%;501
100;;;120;0,84%;505
100;;;139;0,06%;507
100;;;143;0,14%;508
100;;;5;1,15%;509
100;;;106;1,35%;565
100;;;100;2,27%;955
100;;;689;0,50%;1253
100;;;1033;0,01%;1388
100;;;110;0,09%;1389
100;;;953;0,01%;1477
100;;;18;0,23%;1479
100;;;102;0,61%;1506
100;;;123;0,46%;1507
100;;;57;0,02%;1745
100;;;34;0,15%;2301
100;;;1122;0,00%;2302
100;;;670;0,80%;2303
100;;;75;0,01%;2304
100;;;77;0,05%;2305
100;;;80;0,00%;2306
100;;;661;0,23%;2307
100;;;85;7,92%;2308
99;;;29;0,00%;17
99;;;658;0,16%;19
99;;;882;0,04%;35
99;;;80;0,00%;43
99;;;661;0,23%;44
99;;;457;0,32%;51
99;;;108;0,11%;53
99;;;737;0,03%;56
99;;;909;0,95%;64
99;;;130;0,73%;67
99;;;592;0,00%;69
99;;;143;0,14%;75
99;;;48;0,42%;84
99;;;68;0,00%;89
99;;;128;0,06%;106
99;;;851;0,01%;142
99;;;582;1,17%;151
99;;;37;1,30%;160
99;;;50;0,00%;181
99;;;426;0,01%;222
99;;;16;1,42%;255
99;;;142;0,44%;498
99;;;33;0,14%;1244
99;;;689;0,50%;1253
99;;;139;0,06%;1376
99;;;57;0,02%;1745
99;;;65;1,93%;1880
99;;;12;0,46%;2293
99;;;28;2,03%;2294
99;;;52;0,67%;2295
99;;;54;0,64%;2296
99;;;85;7,92%;2297
99;;;102;0,61%;2298
99;;;96;0,85%;2299
99;;;120;0,84%;2300
98;;;47;0,53%;23
98;;;759;0,00%;370
98;;;60;8,96%;656
98;;;130;0,73%;685
98;;;139;0,06%;687
98;;;141;0,31%;688
98;;;24;0,10%;1172
98;;;128;0,06%;1316
98;;;15;0,02%;1325
98;;;54;0,64%;1336
98;;;75;0,01%;1340
98;;;120;0,84%;1354
98;;;129;0,21%;1358
98;;;111;0,54%;2048
98;;;99;1,13%;2098
98;;;12;0,46%;2265
98;;;5;1,15%;2279
98;;;8;5,07%;2280
98;;;142;0,44%;2281
98;;;16;1,42%;2282
98;;;90;0,15%;2283
98;;;26;0,29%;2284
98;;;48;0,42%;2285
98;;;52;0,67%;2286
98;;;66;0,02%;2287
98;;;670;0,80%;2288
98;;;76;1,75%;2289
98;;;106;1,35%;2290
98;;;114;2,22%;2291
98;;;501;3,81%;2292
97;;;29;0,00%;17
97;;;111;0,54%;280
97;;;79;0,14%;662
97;;;102;0,61%;673
97;;;940;0,93%;680
97;;;142;0,44%;1254
97;;;13;0,21%;1255
97;;;26;0,29%;1257
97;;;30;0,03%;1258
97;;;658;0,16%;1259
97;;;65;1,93%;1265
97;;;108;0,11%;1271
97;;;538;0,45%;1273
97;;;141;0,31%;1278
97;;;5;1,15%;1289
97;;;8;5,07%;1291
97;;;16;1,42%;1293
97;;;28;2,03%;1299
97;;;37;1,30%;1300
97;;;94;0,08%;1305
97;;;492;2,40%;1314
97;;;114;2,22%;1315
97;;;75;0,01%;1340
97;;;52;0,67%;1887
97;;;72;0,09%;2045
97;;;6;0,58%;2264
97;;;12;0,46%;2265
97;;;60;8,96%;2266
97;;;1121;0,17%;2267
97;;;1154;0,00%;2268
97;;;85;7,92%;2269
97;;;24;0,10%;2270
97;;;123;0,46%;2271
97;;;501;3,81%;2272
97;;;121;4,81%;2273
97;;;128;0,06%;2274
97;;;130;0,73%;2275
97;;;131;0,03%;2276
97;;;689;0,50%;2277
97;;;139;0,06%;2278
97;;;54;0,64%;
95;;;862;0,00%;30
95;;;17;0,17%;437
95;;;708;0,00%;779
95;;;47;0,53%;883
95;;;7;0,05%;1561
95;;;16;1,42%;1566
95;;;649;0,00%;1569
95;;;454;0,17%;1582
95;;;1108;0,24%;1638
95;;;141;0,31%;1656
95;;;390;0,00%;2069
95;;;27;0,08%;2126
95;;;79;0,14%;2139
95;;;592;0,00%;2157
95;;;1025;0,00%;2175
95;;;5;1,15%;2248
95;;;215;0,01%;2249
95;;;234;0,27%;2250
95;;;92;0,00%;2251
95;;;23;1,40%;2252
95;;;40;0,00%;2253
95;;;811;0,03%;2254
95;;;69;0,42%;2255
95;;;70;0,00%;2256
95;;;80;0,00%;2257
95;;;1194;0,00%;2258
95;;;762;0,00%;2259
95;;;123;0,46%;2260
95;;;1114;0,00%;2261
95;;;121;4,81%;2262
95;;;138;0,00%;2263
94;;;215;0,01%;311
94;;;7;0,05%;312
94;;;12;0,46%;320
94;;;669;0,32%;342
94;;;48;0,42%;344
94;;;94;0,08%;359
94;;;77;0,05%;364
94;;;661;0,23%;371
94;;;24;0,10%;376
94;;;612;0,60%;381
94;;;454;0,17%;382
94;;;111;0,54%;392
94;;;114;2,22%;396
94;;;782;0,00%;406
94;;;118;0,50%;409
94;;;584;0,28%;412
94;;;132;0,15%;420
94;;;592;0,00%;422
94;;;141;0,31%;429
94;;;17;0,17%;437
94;;;81;0,00%;459
94;;;123;0,46%;464
94;;;15;0,02%;528
94;;;610;0,00%;531
94;;;139;0,06%;555
94;;;143;0,14%;556
94;;;737;0,03%;922
94;;;142;0,44%;1081
94;;;26;0,29%;1087
94;;;567;0,69%;1108
94;;;538;0,45%;1201
94;;;40;0,00%;1957
94;;;6;0,58%;2221
94;;;8;5,07%;2222
94;;;13;0,21%;2223
94;;;18;0,23%;2224
94;;;19;2,20%;2225
94;;;23;1,40%;2226
94;;;27;0,08%;2227
94;;;28;2,03%;2228
94;;;37;1,30%;2229
94;;;52;0,67%;2230
94;;;53;0,00%;2231
94;;;54;0,64%;2232
94;;;1145;0,00%;2233
94;;;60;8,96%;2234
94;;;62;6,38%;2235
94;;;69;0,42%;2236
94;;;1041;0,02%;2237
94;;;79;0,14%;2238
94;;;80;0,00%;2239
94;;;88;1,68%;2240
94;;;1194;0,00%;2241
94;;;106;1,35%;2242
94;;;110;0,09%;2243
94;;;501;3,81%;2244
94;;;107;0,29%;2245
94;;;96;0,85%;2246
94;;;127;1,37%;2247
93;;;862;0,00%;30
93;;;1043;0,00%;48
93;;;132;0,15%;209
93;;;37;1,30%;590
93;;;54;0,64%;596
93;;;121;4,81%;620
93;;;48;0,42%;884
93;;;6;0,58%;1005
93;;;53;0,00%;1018
93;;;67;0,00%;1024
93;;;689;0,50%;1043
93;;;12;0,46%;1112
93;;;19;2,20%;1116
93;;;92;0,00%;1117
93;;;29;0,00%;1121
93;;;85;7,92%;1132
93;;;114;2,22%;1139
93;;;501;3,81%;1140
93;;;96;0,85%;1141
93;;;118;0,50%;1146
93;;;127;1,37%;1150
93;;;7;0,05%;1561
93;;;286;0,00%;1570
93;;;79;0,14%;2139
93;;;8;5,07%;2205
93;;;13;0,21%;2206
93;;;1190;0,00%;2207
93;;;27;0,08%;2208
93;;;60;8,96%;2209
93;;;62;6,38%;2210
93;;;715;0,17%;2211
93;;;76;1,75%;2212
93;;;89;1,68%;2213
93;;;100;2,27%;2214
93;;;105;0,27%;2215
93;;;582;1,17%;2216
93;;;128;0,06%;2217
93;;;906;0,00%;2218
93;;;139;0,06%;2219
93;;;141;0,31%;2220
92;;;416;0,23%;369
92;;;888;0,01%;425
92;;;15;0,02%;528
92;;;38;0,07%;651
92;;;601;0,00%;807
92;;;139;0,06%;948
92;;;64;0,01%;2204
91;;;579;0,05%;6
91;;;862;0,00%;30
91;;;1033;0,01%;201
91;;;799;0,04%;204
91;;;41;0,10%;340
91;;;953;0,01%;426
91;;;45;0,06%;727
91;;;47;0,53%;728
91;;;53;0,00%;733
91;;;737;0,03%;776
91;;;582;1,17%;797
91;;;72;0,09%;834
91;;;1151;0,02%;842
91;;;811;0,03%;893
91;;;749;0,02%;1789
91;;;23;1,40%;1904
91;;;286;0,00%;1907
91;;;669;0,32%;1911
91;;;65;1,93%;1917
91;;;67;0,00%;1919
91;;;121;4,81%;1936
91;;;26;0,29%;1982
91;;;670;0,80%;2004
91;;;1121;0,17%;2008
91;;;1175;0,00%;2013
91;;;110;0,09%;2020
91;;;736;0,00%;2040
91;;;1194;0,00%;2143
91;;;6;0,58%;2177
91;;;8;5,07%;2178
91;;;12;0,46%;2179
91;;;16;1,42%;2180
91;;;19;2,20%;2181
91;;;92;0,00%;2182
91;;;30;0,03%;2183
91;;;40;0,00%;2184
91;;;48;0,42%;2185
91;;;49;2,28%;2186
91;;;54;0,64%;2187
91;;;60;8,96%;2188
91;;;62;6,38%;2189
91;;;882;0,04%;2190
91;;;68;0,00%;2191
91;;;77;0,05%;2192
91;;;76;1,75%;2193
91;;;633;0,33%;2194
91;;;106;1,35%;2195
91;;;1089;0,02%;2196
91;;;117;0,01%;2197
91;;;107;0,29%;2198
91;;;790;0,27%;2199
91;;;1072;0,07%;2200
91;;;708;0,00%;2201
91;;;966;0,24%;2202
91;;;139;0,06%;2203
90;;;862;0,00%;30
90;;;73;0,33%;40
90;;;799;0,04%;204
90;;;1010;0,00%;234
90;;;759;0,00%;370
90;;;953;0,01%;426
90;;;17;0,17%;437
90;;;15;0,02%;528
90;;;18;0,23%;818
90;;;76;1,75%;836
90;;;234;0,27%;857
90;;;33;0,14%;864
90;;;47;0,53%;883
90;;;105;0,27%;915
90;;;737;0,03%;922
90;;;505;0,00%;924
90;;;940;0,93%;927
90;;;1072;0,07%;929
90;;;127;1,37%;936
90;;;128;0,06%;938
90;;;130;0,73%;940
90;;;138;0,00%;944
90;;;139;0,06%;948
90;;;96;0,85%;1285
90;;;475;0,10%;1525
90;;;107;0,29%;1528
90;;;7;0,05%;1561
90;;;8;5,07%;1562
90;;;16;1,42%;1566
90;;;19;2,20%;1567
90;;;1163;0,11%;1568
90;;;649;0,00%;1569
90;;;286;0,00%;1570
90;;;37;1,30%;1572
90;;;54;0,64%;1575
90;;;89;1,68%;1581
90;;;108;0,11%;1585
90;;;501;3,81%;1588
90;;;256;0,33%;1620
90;;;749;0,02%;1634
90;;;1108;0,24%;1638
90;;;100;2,27%;1646
90;;;132;0,15%;1654
90;;;141;0,31%;1656
90;;;612;0,60%;1800
90;;;95;0,02%;1822
90;;;41;0,10%;1863
90;;;88;1,68%;1962
90;;;592;0,00%;1967
90;;;1179;0,00%;2135
90;;;79;0,14%;2139
90;;;454;0,17%;2142
90;;;1194;0,00%;2143
90;;;5;1,15%;2161
90;;;142;0,44%;2162
90;;;23;1,40%;2163
90;;;34;0,15%;2164
90;;;42;0,07%;2165
90;;;60;8,96%;2166
90;;;62;6,38%;2167
90;;;65;1,93%;2168
90;;;85;7,92%;2169
90;;;106;1,35%;2170
90;;;123;0,46%;2171
90;;;114;2,22%;2172
90;;;790;0,27%;2173
90;;;121;4,81%;2174
90;;;1025;0,00%;2175
90;;;966;0,24%;2176
89;;;749;0,02%;34
89;;;799;0,04%;204
89;;;5;1,15%;309
89;;;416;0,23%;369
89;;;759;0,00%;370
89;;;87;0,28%;377
89;;;1089;0,02%;394
89;;;95;0,02%;399
89;;;953;0,01%;426
89;;;17;0,17%;437
89;;;81;0,00%;459
89;;;909;0,95%;478
89;;;15;0,02%;528
89;;;1033;0,01%;762
89;;;807;0,01%;788
89;;;22;0,00%;820
89;;;69;0,42%;833
89;;;584;0,28%;852
89;;;37;1,30%;874
89;;;610;0,00%;880
89;;;47;0,53%;883
89;;;48;0,42%;884
89;;;56;0,00%;892
89;;;70;0,00%;900
89;;;612;0,60%;907
89;;;88;1,68%;911
89;;;102;0,61%;914
89;;;105;0,27%;915
89;;;116;0,00%;925
89;;;1072;0,07%;929
89;;;538;0,45%;930
89;;;127;1,37%;936
89;;;128;0,06%;938
89;;;130;0,73%;940
89;;;138;0,00%;944
89;;;139;0,06%;948
89;;;1163;0,11%;1085
89;;;67;0,00%;1128
89;;;475;0,10%;1525
89;;;1022;0,00%;1565
89;;;715;0,17%;1577
89;;;89;1,68%;1581
89;;;108;0,11%;1585
89;;;501;3,81%;1588
89;;;567;0,69%;1592
89;;;256;0,33%;1620
89;;;90;0,15%;1622
89;;;54;0,64%;1630
89;;;66;0,02%;1635
89;;;1108;0,24%;1638
89;;;100;2,27%;1646
89;;;132;0,15%;1654
89;;;41;0,10%;1863
89;;;42;0,07%;1864
89;;;669;0,32%;1865
89;;;737;0,03%;1965
89;;;215;0,01%;2117
89;;;8;5,07%;2118
89;;;142;0,44%;2119
89;;;12;0,46%;2120
89;;;16;1,42%;2121
89;;;19;2,20%;2122
89;;;92;0,00%;2123
89;;;23;1,40%;2124
89;;;26;0,29%;2125
89;;;27;0,08%;2126
89;;;658;0,16%;2127
89;;;34;0,15%;2128
89;;;40;0,00%;2129
89;;;43;0,00%;2130
89;;;49;2,28%;2131
89;;;53;0,00%;2132
89;;;862;0,00%;2133
89;;;60;8,96%;2134
89;;;1179;0,00%;2135
89;;;62;6,38%;2136
89;;;68;0,00%;2137
89;;;72;0,09%;2138
89;;;79;0,14%;2139
89;;;76;1,75%;2140
89;;;85;7,92%;2141
89;;;454;0,17%;2142
89;;;1194;0,00%;2143
89;;;106;1,35%;2144
89;;;123;0,46%;2145
89;;;111;0,54%;2146
89;;;114;2,22%;2147
89;;;107;0,29%;2148
89;;;96;0,85%;2149
89;;;790;0,27%;2150
89;;;118;0,50%;2151
89;;;121;4,81%;2152
89;;;50;0,00%;2153
89;;;582;1,17%;2154
89;;;129;0,21%;2155
89;;;131;0,03%;2156
89;;;592;0,00%;2157
89;;;736;0,00%;2158
89;;;141;0,31%;2159
89;;;143;0,14%;2160
88;;;121;4,81%;63
88;;;670;0,80%;604
88;;;13;0,21%;644
88;;;661;0,23%;664
88;;;130;0,73%;685
88;;;54;0,64%;1019
88;;;96;0,85%;1056
88;;;592;0,00%;1153
88;;;114;2,22%;1175
88;;;77;0,05%;1224
88;;;410;0,00%;1225
88;;;52;0,67%;1302
88;;;59;0,53%;1313
88;;;47;0,53%;1775
88;;;89;1,68%;1806
88;;;737;0,03%;1893
88;;;5;1,15%;2077
88;;;8;5,07%;2078
88;;;142;0,44%;2079
88;;;16;1,42%;2080
88;;;23;1,40%;2081
88;;;26;0,29%;2082
88;;;27;0,08%;2083
88;;;34;0,15%;2084
88;;;40;0,00%;2085
88;;;42;0,07%;2086
88;;;610;0,00%;2087
88;;;48;0,42%;2088
88;;;60;8,96%;2089
88;;;62;6,38%;2090
88;;;715;0,17%;2091
88;;;65;1,93%;2092
88;;;66;0,02%;2093
88;;;612;0,60%;2094
88;;;85;7,92%;2095
88;;;24;0,10%;2096
88;;;1043;0,00%;2097
88;;;99;1,13%;2098
88;;;100;2,27%;2099
88;;;102;0,61%;2100
88;;;106;1,35%;2101
88;;;108;0,11%;2102
88;;;109;0,00%;2103
88;;;123;0,46%;2104
88;;;111;0,54%;2105
88;;;501;3,81%;2106
88;;;884;0,00%;2107
88;;;118;0,50%;2108
88;;;120;0,84%;2109
88;;;567;0,69%;2110
88;;;909;0,95%;2111
88;;;128;0,06%;2112
88;;;129;0,21%;2113
88;;;689;0,50%;2114
88;;;141;0,31%;2115
88;;;143;0,14%;2116
87;;;1043;0,00%;48
87;;;7;0,05%;312
87;;;759;0,00%;370
87;;;24;0,10%;376
87;;;782;0,00%;406
87;;;94;0,08%;602
87;;;53;0,00%;1018
87;;;10;2,20%;1045
87;;;13;0,21%;1046
87;;;89;1,68%;1053
87;;;100;2,27%;1054
87;;;127;1,37%;1059
87;;;37;1,30%;1393
87;;;42;0,07%;1394
87;;;76;1,75%;1397
87;;;501;3,81%;1402
87;;;19;2,20%;1667
87;;;5;1,15%;2064
87;;;8;5,07%;2065
87;;;142;0,44%;2066
87;;;1190;0,00%;2067
87;;;62;6,38%;2068
87;;;390;0,00%;2069
87;;;75;0,01%;2070
87;;;85;7,92%;2071
87;;;1033;0,01%;2072
87;;;106;1,35%;2073
87;;;108;0,11%;2074
87;;;118;0,50%;2075
87;;;121;4,81%;2076
86;;;139;0,06%;966
86;;;114;2,22%;1818
86;;;107;0,29%;2022
86;;;5;1,15%;2055
86;;;8;5,07%;2056
86;;;16;1,42%;2057
86;;;28;2,03%;2058
86;;;911;0,00%;2059
86;;;610;0,00%;2060
86;;;49;2,28%;2061
86;;;62;6,38%;2062
86;;;100;2,27%;2063
85;;;215;0,01%;311
85;;;7;0,05%;312
85;;;16;1,42%;321
85;;;33;0,14%;329
85;;;649;0,00%;332
85;;;28;2,03%;333
85;;;40;0,00%;339
85;;;669;0,32%;342
85;;;48;0,42%;344
85;;;49;2,28%;345
85;;;60;8,96%;354
85;;;66;0,02%;360
85;;;69;0,42%;361
85;;;1041;0,02%;365
85;;;79;0,14%;366
85;;;83;0,15%;372
85;;;102;0,61%;384
85;;;108;0,11%;389
85;;;123;0,46%;390
85;;;114;2,22%;396
85;;;1072;0,07%;402
85;;;118;0,50%;409
85;;;584;0,28%;412
85;;;127;1,37%;414
85;;;129;0,21%;417
85;;;592;0,00%;422
85;;;5;1,15%;1061
85;;;77;0,05%;1066
85;;;737;0,03%;1067
85;;;96;0,85%;1070
85;;;582;1,17%;1073
85;;;953;0,01%;1075
85;;;26;0,29%;1087
85;;;37;1,30%;1196
85;;;966;0,24%;1205
85;;;52;0,67%;1737
85;;;658;0,16%;1946
85;;;110;0,09%;2020
85;;;8;5,07%;2051
85;;;47;0,53%;2052
85;;;62;6,38%;2053
85;;;501;3,81%;2054
84;;;29;0,00%;17
84;;;65;1,93%;132
84;;;96;0,85%;575
84;;;77;0,05%;605
84;;;142;0,44%;643
84;;;13;0,21%;644
84;;;661;0,23%;664
84;;;102;0,61%;673
84;;;53;0,00%;1018
84;;;108;0,11%;1031
84;;;114;2,22%;1175
84;;;26;0,29%;1257
84;;;30;0,03%;1258
84;;;541;0,70%;1274
84;;;120;0,84%;1275
84;;;5;1,15%;1289
84;;;94;0,08%;1305
84;;;52;0,67%;1887
84;;;16;1,42%;2042
84;;;92;0,00%;2043
84;;;33;0,14%;2044
84;;;72;0,09%;2045
84;;;426;0,01%;2046
84;;;106;1,35%;2047
84;;;111;0,54%;2048
84;;;112;0,53%;2049
84;;;141;0,31%;2050
83;;;862;0,00%;30
83;;;799;0,04%;204
83;;;19;2,20%;271
83;;;69;0,42%;276
83;;;579;0,05%;315
83;;;56;0,00%;351
83;;;1041;0,02%;365
83;;;759;0,00%;370
83;;;782;0,00%;406
83;;;1067;0,00%;424
83;;;953;0,01%;426
83;;;1108;0,24%;539
83;;;234;0,27%;703
83;;;13;0,21%;704
83;;;41;0,10%;721
83;;;42;0,07%;722
83;;;43;0,00%;724
83;;;669;0,32%;726
83;;;49;2,28%;731
83;;;54;0,64%;734
83;;;715;0,17%;738
83;;;65;1,93%;741
83;;;94;0,08%;742
83;;;66;0,02%;744
83;;;68;0,00%;745
83;;;77;0,05%;749
83;;;81;0,00%;755
83;;;85;7,92%;758
83;;;1033;0,01%;762
83;;;454;0,17%;763
83;;;475;0,10%;768
83;;;1151;0,02%;771
83;;;737;0,03%;776
83;;;940;0,93%;784
83;;;807;0,01%;788
83;;;118;0,50%;792
83;;;888;0,01%;804
83;;;139;0,06%;806
83;;;141;0,31%;808
83;;;72;0,09%;834
83;;;108;0,11%;1199
83;;;286;0,00%;1212
83;;;132;0,15%;1241
83;;;410;0,00%;1554
83;;;1072;0,07%;1825
83;;;1145;0,00%;1913
83;;;112;0,53%;1930
83;;;5;1,15%;1968
83;;;215;0,01%;1969
83;;;7;0,05%;1970
83;;;8;5,07%;1971
83;;;142;0,44%;1972
83;;;9;0,00%;1973
83;;;12;0,46%;1974
83;;;16;1,42%;1975
83;;;17;0,17%;1976
83;;;256;0,33%;1977
83;;;18;0,23%;1978
83;;;92;0,00%;1979
83;;;33;0,14%;1980
83;;;23;1,40%;1981
83;;;26;0,29%;1982
83;;;649;0,00%;1983
83;;;28;2,03%;1984
83;;;30;0,03%;1985
83;;;658;0,16%;1986
83;;;34;0,15%;1987
83;;;37;1,30%;1988
83;;;44;0,00%;1989
83;;;47;0,53%;1990
83;;;48;0,42%;1991
83;;;769;0,30%;1992
83;;;825;0,00%;1993
83;;;52;0,67%;1994
83;;;53;0,00%;1995
83;;;793;0,12%;1996
83;;;60;8,96%;1997
83;;;62;6,38%;1998
83;;;63;0,00%;1999
83;;;749;0,02%;2000
83;;;882;0,04%;2001
83;;;390;0,00%;2002
83;;;67;0,00%;2003
83;;;670;0,80%;2004
83;;;79;0,14%;2005
83;;;76;1,75%;2006
83;;;80;0,00%;2007
83;;;1121;0,17%;2008
83;;;661;0,23%;2009
83;;;612;0,60%;2010
83;;;89;1,68%;2011
83;;;88;1,68%;2012
83;;;1175;0,00%;2013
83;;;100;2,27%;2014
83;;;457;0,32%;2015
83;;;102;0,61%;2016
83;;;106;1,35%;2017
83;;;123;0,46%;2018
83;;;487;0,28%;2019
83;;;110;0,09%;2020
83;;;1089;0,02%;2021
83;;;107;0,29%;2022
83;;;96;0,85%;2023
83;;;541;0,70%;2024
83;;;1114;0,00%;2025
83;;;120;0,84%;2026
83;;;121;4,81%;2027
83;;;1025;0,00%;2028
83;;;567;0,69%;2029
83;;;50;0,00%;2030
83;;;127;1,37%;2031
83;;;582;1,17%;2032
83;;;128;0,06%;2033
83;;;129;0,21%;2034
83;;;130;0,73%;2035
83;;;708;0,00%;2036
83;;;138;0,00%;2037
83;;;689;0,50%;2038
83;;;966;0,24%;2039
83;;;736;0,00%;2040
83;;;143;0,14%;2041
82;;;83;0,15%;45
82;;;48;0,42%;344
82;;;807;0,01%;788
82;;;105;0,27%;915
82;;;116;0,00%;925
82;;;142;0,44%;1044
82;;;1163;0,11%;1568
82;;;54;0,64%;1575
82;;;715;0,17%;1577
82;;;108;0,11%;1585
82;;;132;0,15%;1654
82;;;16;1,42%;1956
82;;;40;0,00%;1957
82;;;663;0,00%;1958
82;;;60;8,96%;1959
82;;;76;1,75%;1960
82;;;1149;0,00%;1961
82;;;88;1,68%;1962
82;;;454;0,17%;1963
82;;;100;2,27%;1964
82;;;737;0,03%;1965
82;;;121;4,81%;1966
82;;;592;0,00%;1967
81;;;799;0,04%;204
81;;;215;0,01%;311
81;;;7;0,05%;312
81;;;12;0,46%;320
81;;;93;0,04%;328
81;;;33;0,14%;329
81;;;649;0,00%;332
81;;;39;0,00%;338
81;;;669;0,32%;342
81;;;48;0,42%;344
81;;;749;0,02%;357
81;;;94;0,08%;359
81;;;77;0,05%;364
81;;;1041;0,02%;365
81;;;79;0,14%;366
81;;;661;0,23%;371
81;;;24;0,10%;376
81;;;612;0,60%;381
81;;;102;0,61%;384
81;;;584;0,28%;412
81;;;141;0,31%;429
81;;;8;5,07%;431
81;;;19;2,20%;433
81;;;40;0,00%;444
81;;;54;0,64%;447
81;;;81;0,00%;459
81;;;59;0,53%;462
81;;;123;0,46%;464
81;;;107;0,29%;469
81;;;582;1,17%;480
81;;;128;0,06%;481
81;;;132;0,15%;483
81;;;15;0,02%;528
81;;;69;0,42%;536
81;;;96;0,85%;548
81;;;143;0,14%;556
81;;;737;0,03%;1067
81;;;6;0,58%;1078
81;;;13;0,21%;1082
81;;;1163;0,11%;1085
81;;;70;0,00%;1096
81;;;88;1,68%;1100
81;;;106;1,35%;1101
81;;;501;3,81%;1104
81;;;120;0,84%;1106
81;;;108;0,11%;1199
81;;;23;1,40%;1279
81;;;42;0,07%;1280
81;;;138;0,00%;1288
81;;;43;0,00%;1550
81;;;49;2,28%;1551
81;;;76;1,75%;1555
81;;;5;1,15%;1734
81;;;52;0,67%;1737
81;;;89;1,68%;1739
81;;;32;0,00%;1945
81;;;658;0,16%;1946
81;;;37;1,30%;1947
81;;;610;0,00%;1948
81;;;47;0,53%;1949
81;;;57;0,02%;1950
81;;;60;8,96%;1951
81;;;1104;0,00%;1952
81;;;100;2,27%;1953
81;;;118;0,50%;1954
81;;;121;4,81%;1955
78;;;579;0,05%;6
78;;;862;0,00%;30
78;;;41;0,10%;340
78;;;47;0,53%;728
78;;;54;0,64%;734
78;;;1033;0,01%;762
78;;;1072;0,07%;786
78;;;1114;0,00%;791
78;;;49;2,28%;886
78;;;811;0,03%;893
78;;;1051;0,00%;1835
78;;;966;0,24%;1842
78;;;215;0,01%;1898
78;;;9;0,00%;1899
78;;;16;1,42%;1900
78;;;256;0,33%;1901
78;;;19;2,20%;1902
78;;;1163;0,11%;1903
78;;;23;1,40%;1904
78;;;649;0,00%;1905
78;;;28;2,03%;1906
78;;;286;0,00%;1907
78;;;658;0,16%;1908
78;;;911;0,00%;1909
78;;;40;0,00%;1910
78;;;669;0,32%;1911
78;;;52;0,67%;1912
78;;;1145;0,00%;1913
78;;;958;0,00%;1914
78;;;60;8,96%;1915
78;;;749;0,02%;1916
78;;;65;1,93%;1917
78;;;720;0,00%;1918
78;;;67;0,00%;1919
78;;;678;0,00%;1920
78;;;68;0,00%;1921
78;;;76;1,75%;1922
78;;;454;0,17%;1923
78;;;100;2,27%;1924
78;;;475;0,10%;1925
78;;;108;0,11%;1926
78;;;1151;0,02%;1927
78;;;111;0,54%;1928
78;;;737;0,03%;1929
78;;;112;0,53%;1930
78;;;781;0,00%;1931
78;;;107;0,29%;1932
78;;;96;0,85%;1933
78;;;724;0,00%;1934
78;;;118;0,50%;1935
78;;;121;4,81%;1936
78;;;909;0,95%;1937
78;;;1191;0,00%;1938
78;;;127;1,37%;1939
78;;;582;1,17%;1940
78;;;708;0,00%;1941
78;;;689;0,50%;1942
78;;;1160;0,00%;1943
78;;;736;0,00%;1944
77;;;670;0,80%;604
77;;;102;0,61%;673
77;;;8;5,07%;1884
77;;;30;0,03%;1885
77;;;669;0,32%;1886
77;;;52;0,67%;1887
77;;;62;6,38%;1888
77;;;65;1,93%;1889
77;;;77;0,05%;1890
77;;;1108;0,24%;1891
77;;;85;7,92%;1892
77;;;737;0,03%;1893
77;;;909;0,95%;1894
77;;;129;0,21%;1895
77;;;130;0,73%;1896
77;;;689;0,50%;1897
76;;;29;0,00%;17
76;;;882;0,04%;35
76;;;80;0,00%;43
76;;;661;0,23%;44
76;;;457;0,32%;51
76;;;130;0,73%;67
76;;;592;0,00%;69
76;;;68;0,00%;89
76;;;8;5,07%;156
76;;;111;0,54%;174
76;;;50;0,00%;181
76;;;909;0,95%;183
76;;;790;0,27%;205
76;;;141;0,31%;210
76;;;112;0,53%;248
76;;;16;1,42%;255
76;;;54;0,64%;292
76;;;582;1,17%;308
76;;;142;0,44%;498
76;;;139;0,06%;518
76;;;33;0,14%;522
76;;;612;0,60%;954
76;;;689;0,50%;1253
76;;;79;0,14%;1372
76;;;28;2,03%;1377
76;;;567;0,69%;1382
76;;;1033;0,01%;1388
76;;;34;0,15%;1420
76;;;633;0,33%;1497
76;;;7;0,05%;1657
76;;;62;6,38%;1879
76;;;65;1,93%;1880
76;;;426;0,01%;1881
76;;;107;0,29%;1882
76;;;121;4,81%;1883
74;;;256;0,33%;580
74;;;584;0,28%;852
74;;;128;0,06%;853
74;;;49;2,28%;886
74;;;454;0,17%;912
74;;;633;0,33%;916
74;;;138;0,00%;944
74;;;120;0,84%;1591
74;;;132;0,15%;1654
74;;;5;1,15%;1855
74;;;215;0,01%;1856
74;;;142;0,44%;1857
74;;;16;1,42%;1858
74;;;19;2,20%;1859
74;;;649;0,00%;1860
74;;;658;0,16%;1861
74;;;40;0,00%;1862
74;;;41;0,10%;1863
74;;;42;0,07%;1864
74;;;669;0,32%;1865
74;;;769;0,30%;1866
74;;;767;0,00%;1867
74;;;60;8,96%;1868
74;;;94;0,08%;1869
74;;;77;0,05%;1870
74;;;76;1,75%;1871
74;;;81;0,00%;1872
74;;;108;0,11%;1873
74;;;956;0,00%;1874
74;;;1071;0,00%;1875
74;;;897;0,00%;1876
74;;;127;1,37%;1877
74;;;582;1,17%;1878
73;;;73;0,33%;40
73;;;79;0,14%;42
73;;;541;0,70%;61
73;;;114;2,22%;101
73;;;121;4,81%;180
73;;;5;1,15%;251
73;;;37;1,30%;260
73;;;62;6,38%;265
73;;;731;0,98%;634
73;;;60;8,96%;690
73;;;85;7,92%;691
73;;;111;0,54%;693
73;;;65;1,93%;1723
73;;;100;2,27%;1727
73;;;105;0,27%;1729
73;;;106;1,35%;1730
73;;;96;0,85%;1731
73;;;909;0,95%;1732
73;;;28;2,03%;1846
73;;;48;0,42%;1847
73;;;54;0,64%;1848
73;;;77;0,05%;1849
73;;;108;0,11%;1850
73;;;123;0,46%;1851
73;;;851;0,01%;1852
73;;;120;0,84%;1853
73;;;127;1,37%;1854
72;;;56;0,00%;28
72;;;882;0,04%;35
72;;;73;0,33%;40
72;;;1043;0,00%;48
72;;;108;0,11%;53
72;;;68;0,00%;89
72;;;661;0,23%;91
72;;;23;1,40%;118
72;;;112;0,53%;175
72;;;790;0,27%;205
72;;;111;0,54%;247
72;;;669;0,32%;342
72;;;1145;0,00%;352
72;;;1041;0,02%;365
72;;;584;0,28%;412
72;;;953;0,01%;426
72;;;40;0,00%;444
72;;;658;0,16%;523
72;;;15;0,02%;528
72;;;19;2,20%;581
72;;;34;0,15%;589
72;;;130;0,73%;685
72;;;25;0,00%;714
72;;;80;0,00%;754
72;;;454;0,17%;763
72;;;708;0,00%;779
72;;;33;0,14%;864
72;;;30;0,03%;871
72;;;769;0,30%;885
72;;;70;0,00%;900
72;;;75;0,01%;902
72;;;538;0,45%;930
72;;;737;0,03%;1067
72;;;69;0,42%;1095
72;;;501;3,81%;1104
72;;;67;0,00%;1128
72;;;139;0,06%;1376
72;;;944;0,00%;1421
72;;;861;0,00%;1423
72;;;894;0,00%;1442
72;;;795;0,00%;1463
72;;;142;0,44%;1544
72;;;120;0,84%;1591
72;;;256;0,33%;1620
72;;;7;0,05%;1657
72;;;26;0,29%;1696
72;;;5;1,15%;1759
72;;;215;0,01%;1760
72;;;8;5,07%;1761
72;;;9;0,00%;1762
72;;;234;0,27%;1763
72;;;12;0,46%;1764
72;;;16;1,42%;1765
72;;;444;0,00%;1766
72;;;774;0,00%;1767
72;;;93;0,04%;1768
72;;;1069;0,00%;1769
72;;;649;0,00%;1770
72;;;27;0,08%;1771
72;;;28;2,03%;1772
72;;;911;0,00%;1773
72;;;610;0,00%;1774
72;;;47;0,53%;1775
72;;;48;0,42%;1776
72;;;49;2,28%;1777
72;;;1161;0,00%;1778
72;;;767;0,00%;1779
72;;;952;0,00%;1780
72;;;52;0,67%;1781
72;;;344;0,00%;1782
72;;;53;0,00%;1783
72;;;54;0,64%;1784
72;;;793;0,12%;1785
72;;;353;0,00%;1786
72;;;60;8,96%;1787
72;;;62;6,38%;1788
72;;;749;0,02%;1789
72;;;1122;0,00%;1790
72;;;65;1,93%;1791
72;;;94;0,08%;1792
72;;;390;0,00%;1793
72;;;720;0,00%;1794
72;;;66;0,02%;1795
72;;;72;0,09%;1796
72;;;1108;0,24%;1797
72;;;81;0,00%;1798
72;;;1121;0,17%;1799
72;;;612;0,60%;1800
72;;;85;7,92%;1801
72;;;426;0,01%;1802
72;;;614;0,00%;1803
72;;;1014;0,00%;1804
72;;;733;0,00%;1805
72;;;89;1,68%;1806
72;;;1116;0,00%;1807
72;;;100;2,27%;1808
72;;;457;0,32%;1809
72;;;102;0,61%;1810
72;;;898;0,00%;1811
72;;;1194;0,00%;1812
72;;;633;0,33%;1813
72;;;106;1,35%;1814
72;;;123;0,46%;1815
72;;;1089;0,02%;1816
72;;;716;0,00%;1817
72;;;114;2,22%;1818
72;;;659;0,00%;1819
72;;;107;0,29%;1820
72;;;621;0,00%;1821
72;;;95;0,02%;1822
72;;;96;0,85%;1823
72;;;956;0,00%;1824
72;;;1072;0,07%;1825
72;;;807;0,01%;1826
72;;;541;0,70%;1827
72;;;118;0,50%;1828
72;;;832;0,00%;1829
72;;;831;0,00%;1830
72;;;121;4,81%;1831
72;;;565;0,00%;1832
72;;;859;0,00%;1833
72;;;567;0,69%;1834
72;;;1051;0,00%;1835
72;;;127;1,37%;1836
72;;;582;1,17%;1837
72;;;129;0,21%;1838
72;;;748;0,00%;1839
72;;;592;0,00%;1840
72;;;978;0,00%;1841
72;;;966;0,24%;1842
72;;;736;0,00%;1843
72;;;141;0,31%;1844
72;;;143;0,14%;1845
71;;;142;0,44%;
71;;;16;1,42%;
71;;;26;0,29%;
71;;;28;2,03%;
71;;;29;0,00%;
71;;;30;0,03%;
71;;;34;0,15%;
71;;;54;0,64%;
71;;;57;0,02%;
71;;;60;8,96%;
71;;;62;6,38%;
71;;;882;0,04%;
71;;;65;1,93%;
71;;;68;0,00%;
71;;;77;0,05%;
71;;;661;0,23%;
71;;;612;0,60%;
71;;;85;7,92%;
71;;;102;0,61%;
71;;;108;0,11%;
71;;;111;0,54%;
71;;;112;0,53%;
71;;;114;2,22%;
71;;;107;0,29%;
71;;;567;0,69%;
71;;;50;0,00%;
71;;;909;0,95%;
71;;;582;1,17%;
71;;;129;0,21%;
71;;;592;0,00%;
70;;;12;0,46%;10
70;;;29;0,00%;17
70;;;658;0,16%;19
70;;;54;0,64%;27
70;;;715;0,17%;33
70;;;77;0,05%;41
70;;;661;0,23%;44
70;;;457;0,32%;51
70;;;13;0,21%;79
70;;;16;1,42%;80
70;;;48;0,42%;84
70;;;592;0,00%;108
70;;;93;0,04%;116
70;;;102;0,61%;138
70;;;112;0,53%;175
70;;;584;0,28%;182
70;;;790;0,27%;205
70;;;426;0,01%;222
70;;;111;0,54%;247
70;;;582;1,17%;308
70;;;69;0,42%;501
70;;;143;0,14%;508
70;;;34;0,15%;1658
70;;;52;0,67%;1744
70;;;57;0,02%;1745
70;;;85;7,92%;1749
70;;;28;2,03%;1755
70;;;108;0,11%;1756
70;;;129;0,21%;1757
70;;;141;0,31%;1758
69;;;12;0,46%;10
69;;;29;0,00%;17
69;;;658;0,16%;19
69;;;54;0,64%;27
69;;;56;0,00%;28
69;;;882;0,04%;35
69;;;77;0,05%;41
69;;;661;0,23%;44
69;;;457;0,32%;51
69;;;108;0,11%;53
69;;;737;0,03%;56
69;;;130;0,73%;67
69;;;13;0,21%;79
69;;;16;1,42%;80
69;;;48;0,42%;84
69;;;68;0,00%;89
69;;;129;0,21%;107
69;;;592;0,00%;108
69;;;93;0,04%;116
69;;;107;0,29%;143
69;;;584;0,28%;149
69;;;582;1,17%;151
69;;;112;0,53%;175
69;;;501;3,81%;177
69;;;50;0,00%;181
69;;;141;0,31%;210
69;;;426;0,01%;222
69;;;28;2,03%;241
69;;;142;0,44%;498
69;;;69;0,42%;501
69;;;123;0,46%;566
69;;;34;0,15%;569
69;;;80;0,00%;572
69;;;65;1,93%;1186
69;;;66;0,02%;1249
69;;;416;0,23%;1386
69;;;110;0,09%;1389
69;;;5;1,15%;1499
69;;;59;0,53%;1505
69;;;26;0,29%;1696
69;;;114;2,22%;1714
69;;;8;5,07%;1743
69;;;52;0,67%;1744
69;;;57;0,02%;1745
69;;;60;8,96%;1746
69;;;62;6,38%;1747
69;;;612;0,60%;1748
69;;;85;7,92%;1749
69;;;102;0,61%;1750
69;;;105;0,27%;1751
69;;;111;0,54%;1752
69;;;96;0,85%;1753
69;;;139;0,06%;1754
68;;;799;0,04%;204
68;;;215;0,01%;311
68;;;7;0,05%;312
68;;;12;0,46%;320
68;;;33;0,14%;329
68;;;649;0,00%;332
68;;;34;0,15%;336
68;;;669;0,32%;342
68;;;48;0,42%;344
68;;;715;0,17%;356
68;;;94;0,08%;359
68;;;66;0,02%;360
68;;;77;0,05%;364
68;;;79;0,14%;366
68;;;426;0,01%;374
68;;;24;0,10%;376
68;;;1043;0,00%;379
68;;;612;0,60%;381
68;;;454;0,17%;382
68;;;102;0,61%;384
68;;;108;0,11%;389
68;;;584;0,28%;412
68;;;129;0,21%;417
68;;;592;0,00%;422
68;;;141;0,31%;429
68;;;8;5,07%;431
68;;;16;1,42%;436
68;;;19;2,20%;439
68;;;29;0,00%;442
68;;;37;1,30%;443
68;;;40;0,00%;444
68;;;54;0,64%;447
68;;;882;0,04%;451
68;;;80;0,00%;458
68;;;81;0,00%;459
68;;;100;2,27%;461
68;;;59;0,53%;462
68;;;114;2,22%;467
68;;;107;0,29%;469
68;;;940;0,93%;470
68;;;884;0,00%;474
68;;;127;1,37%;479
68;;;130;0,73%;482
68;;;132;0,15%;483
68;;;15;0,02%;528
68;;;256;0,33%;529
68;;;62;6,38%;534
68;;;121;4,81%;550
68;;;128;0,06%;554
68;;;139;0,06%;555
68;;;143;0,14%;556
68;;;737;0,03%;1067
68;;;582;1,17%;1073
68;;;27;0,08%;1088
68;;;70;0,00%;1096
68;;;76;1,75%;1097
68;;;106;1,35%;1101
68;;;123;0,46%;1103
68;;;501;3,81%;1104
68;;;541;0,70%;1202
68;;;23;1,40%;1279
68;;;60;8,96%;1281
68;;;138;0,00%;1288
68;;;65;1,93%;1534
68;;;661;0,23%;1536
68;;;909;0,95%;1541
68;;;49;2,28%;1551
68;;;286;0,00%;1570
68;;;5;1,15%;1734
68;;;30;0,03%;1735
68;;;813;0,00%;1736
68;;;52;0,67%;1737
68;;;69;0,42%;1738
68;;;89;1,68%;1739
68;;;724;0,00%;1740
68;;;1055;0,00%;1741
68;;;118;0,50%;1742
67;;;73;0,33%;40
67;;;541;0,70%;61
67;;;141;0,31%;74
67;;;114;2,22%;101
67;;;52;0,67%;163
67;;;121;4,81%;180
67;;;28;2,03%;258
67;;;62;6,38%;265
67;;;807;0,01%;268
67;;;16;1,42%;632
67;;;67;0,00%;636
67;;;60;8,96%;690
67;;;118;0,50%;958
67;;;42;0,07%;1720
67;;;48;0,42%;1721
67;;;54;0,64%;1722
67;;;65;1,93%;1723
67;;;661;0,23%;1724
67;;;85;7,92%;1725
67;;;88;1,68%;1726
67;;;100;2,27%;1727
67;;;59;0,53%;1728
67;;;105;0,27%;1729
67;;;106;1,35%;1730
67;;;96;0,85%;1731
67;;;909;0,95%;1732
67;;;130;0,73%;1733
66;;;579;0,05%;6
66;;;29;0,00%;17
66;;;658;0,16%;19
66;;;48;0,42%;24
66;;;715;0,17%;33
66;;;882;0,04%;35
66;;;1043;0,00%;48
66;;;108;0,11%;53
66;;;592;0,00%;69
66;;;13;0,21%;79
66;;;68;0,00%;89
66;;;426;0,01%;93
66;;;457;0,32%;97
66;;;129;0,21%;107
66;;;28;2,03%;120
66;;;851;0,01%;142
66;;;112;0,53%;175
66;;;501;3,81%;177
66;;;790;0,27%;205
66;;;142;0,44%;498
66;;;286;0,00%;561
66;;;80;0,00%;572
66;;;96;0,85%;575
66;;;22;0,00%;952
66;;;139;0,06%;966
66;;;128;0,06%;1004
66;;;66;0,02%;1249
66;;;416;0,23%;1386
66;;;94;0,08%;1432
66;;;59;0,53%;1505
66;;;5;1,15%;1688
66;;;6;0,58%;1689
66;;;8;5,07%;1690
66;;;12;0,46%;1691
66;;;16;1,42%;1692
66;;;18;0,23%;1693
66;;;92;0,00%;1694
66;;;33;0,14%;1695
66;;;26;0,29%;1696
66;;;34;0,15%;1697
66;;;47;0,53%;1698
66;;;49;2,28%;1699
66;;;52;0,67%;1700
66;;;54;0,64%;1701
66;;;60;8,96%;1702
66;;;62;6,38%;1703
66;;;65;1,93%;1704
66;;;69;0,42%;1705
66;;;77;0,05%;1706
66;;;85;7,92%;1707
66;;;100;2,27%;1708
66;;;633;0,33%;1709
66;;;106;1,35%;1710
66;;;123;0,46%;1711
66;;;110;0,09%;1712
66;;;111;0,54%;1713
66;;;114;2,22%;1714
66;;;118;0,50%;1715
66;;;121;4,81%;1716
66;;;567;0,69%;1717
66;;;584;0,28%;1718
66;;;130;0,73%;1719
65;;;579;0,05%;6
65;;;24;0,10%;376
65;;;87;0,28%;377
65;;;782;0,00%;406
65;;;584;0,28%;412
65;;;141;0,31%;429
65;;;142;0,44%;1044
65;;;10;2,20%;1045
65;;;52;0,67%;1049
65;;;100;2,27%;1054
65;;;127;1,37%;1059
65;;;16;1,42%;1391
65;;;42;0,07%;1394
65;;;501;3,81%;1402
65;;;567;0,69%;1406
65;;;286;0,00%;1570
65;;;1175;0,00%;1645
65;;;6;0,58%;1665
65;;;8;5,07%;1666
65;;;19;2,20%;1667
65;;;646;0,00%;1668
65;;;23;1,40%;1669
65;;;1190;0,00%;1670
65;;;37;1,30%;1671
65;;;40;0,00%;1672
65;;;60;8,96%;1673
65;;;62;6,38%;1674
65;;;69;0,42%;1675
65;;;670;0,80%;1676
65;;;76;1,75%;1677
65;;;996;0,00%;1678
65;;;89;1,68%;1679
65;;;1043;0,00%;1680
65;;;123;0,46%;1681
65;;;903;0,00%;1682
65;;;114;2,22%;1683
65;;;96;0,85%;1684
65;;;819;0,00%;1685
65;;;118;0,50%;1686
65;;;121;4,81%;1687
64;;;29;0,00%;17
64;;;56;0,00%;28
64;;;715;0,17%;33
64;;;882;0,04%;35
64;;;110;0,09%;55
64;;;737;0,03%;56
64;;;592;0,00%;108
64;;;93;0,04%;116
64;;;12;0,46%;157
64;;;111;0,54%;174
64;;;790;0,27%;205
64;;;30;0,03%;213
64;;;426;0,01%;222
64;;;612;0,60%;954
64;;;108;0,11%;972
64;;;28;2,03%;1377
64;;;60;8,96%;1379
64;;;94;0,08%;1432
64;;;59;0,53%;1505
64;;;7;0,05%;1657
64;;;34;0,15%;1658
64;;;41;0,10%;1659
64;;;47;0,53%;1660
64;;;107;0,29%;1661
64;;;807;0,01%;1662
64;;;567;0,69%;1663
64;;;966;0,24%;1664
63;;;579;0,05%;6
63;;;799;0,04%;204
63;;;5;1,15%;309
63;;;759;0,00%;370
63;;;1089;0,02%;394
63;;;95;0,02%;399
63;;;888;0,01%;425
63;;;909;0,95%;478
63;;;708;0,00%;485
63;;;807;0,01%;788
63;;;16;1,42%;815
63;;;584;0,28%;852
63;;;142;0,44%;856
63;;;12;0,46%;859
63;;;19;2,20%;862
63;;;33;0,14%;864
63;;;37;1,30%;874
63;;;47;0,53%;883
63;;;769;0,30%;885
63;;;49;2,28%;886
63;;;70;0,00%;900
63;;;88;1,68%;911
63;;;59;0,53%;913
63;;;105;0,27%;915
63;;;106;1,35%;917
63;;;737;0,03%;922
63;;;114;2,22%;923
63;;;116;0,00%;925
63;;;940;0,93%;927
63;;;1072;0,07%;929
63;;;127;1,37%;936
63;;;582;1,17%;937
63;;;138;0,00%;944
63;;;139;0,06%;1179
63;;;102;0,61%;1522
63;;;107;0,29%;1528
63;;;25;0,00%;1548
63;;;1163;0,11%;1568
63;;;649;0,00%;1569
63;;;42;0,07%;1574
63;;;108;0,11%;1585
63;;;8;5,07%;1619
63;;;256;0,33%;1620
63;;;23;1,40%;1621
63;;;90;0,15%;1622
63;;;28;2,03%;1623
63;;;30;0,03%;1624
63;;;658;0,16%;1625
63;;;34;0,15%;1626
63;;;40;0,00%;1627
63;;;336;0,00%;1628
63;;;52;0,67%;1629
63;;;54;0,64%;1630
63;;;793;0,12%;1631
63;;;60;8,96%;1632
63;;;62;6,38%;1633
63;;;749;0,02%;1634
63;;;66;0,02%;1635
63;;;670;0,80%;1636
63;;;77;0,05%;1637
63;;;1108;0,24%;1638
63;;;76;1,75%;1639
63;;;81;0,00%;1640
63;;;612;0,60%;1641
63;;;85;7,92%;1642
63;;;426;0,01%;1643
63;;;89;1,68%;1644
63;;;1175;0,00%;1645
63;;;100;2,27%;1646
63;;;1194;0,00%;1647
63;;;123;0,46%;1648
63;;;96;0,85%;1649
63;;;790;0,27%;1650
63;;;541;0,70%;1651
63;;;121;4,81%;1652
63;;;567;0,69%;1653
63;;;132;0,15%;1654
63;;;966;0,24%;1655
63;;;141;0,31%;1656
62;;;47;0,53%;23
62;;;72;0,09%;603
62;;;108;0,11%;1031
62;;;8;5,07%;1594
62;;;142;0,44%;1595
62;;;16;1,42%;1596
62;;;19;2,20%;1597
62;;;23;1,40%;1598
62;;;26;0,29%;1599
62;;;29;0,00%;1600
62;;;37;1,30%;1601
62;;;48;0,42%;1602
62;;;52;0,67%;1603
62;;;54;0,64%;1604
62;;;60;8,96%;1605
62;;;94;0,08%;1606
62;;;66;0,02%;1607
62;;;69;0,42%;1608
62;;;75;0,01%;1609
62;;;661;0,23%;1610
62;;;85;7,92%;1611
62;;;24;0,10%;1612
62;;;106;1,35%;1613
62;;;111;0,54%;1614
62;;;940;0,93%;1615
62;;;120;0,84%;1616
62;;;909;0,95%;1617
62;;;130;0,73%;1618
61;;;5;1,15%;309
61;;;24;0,10%;376
61;;;110;0,09%;391
61;;;50;0,00%;411
61;;;953;0,01%;426
61;;;17;0,17%;437
61;;;884;0,00%;474
61;;;708;0,00%;779
61;;;807;0,01%;788
61;;;18;0,23%;818
61;;;62;6,38%;830
61;;;76;1,75%;836
61;;;106;1,35%;841
61;;;33;0,14%;864
61;;;27;0,08%;868
61;;;34;0,15%;873
61;;;47;0,53%;883
61;;;48;0,42%;884
61;;;49;2,28%;886
61;;;70;0,00%;900
61;;;737;0,03%;922
61;;;121;4,81%;933
61;;;127;1,37%;936
61;;;128;0,06%;938
61;;;132;0,15%;942
61;;;591;0,02%;943
61;;;138;0,00%;944
61;;;30;0,03%;1122
61;;;23;1,40%;1279
61;;;96;0,85%;1285
61;;;52;0,67%;1518
61;;;102;0,61%;1522
61;;;107;0,29%;1528
61;;;7;0,05%;1561
61;;;8;5,07%;1562
61;;;142;0,44%;1563
61;;;579;0,05%;1564
61;;;1022;0,00%;1565
61;;;16;1,42%;1566
61;;;19;2,20%;1567
61;;;1163;0,11%;1568
61;;;649;0,00%;1569
61;;;286;0,00%;1570
61;;;658;0,16%;1571
61;;;37;1,30%;1572
61;;;40;0,00%;1573
61;;;42;0,07%;1574
61;;;54;0,64%;1575
61;;;60;8,96%;1576
61;;;715;0,17%;1577
61;;;65;1,93%;1578
61;;;83;0,15%;1579
61;;;85;7,92%;1580
61;;;89;1,68%;1581
61;;;454;0,17%;1582
61;;;59;0,53%;1583
61;;;762;0,00%;1584
61;;;108;0,11%;1585
61;;;123;0,46%;1586
61;;;114;2,22%;1587
61;;;501;3,81%;1588
61;;;940;0,93%;1589
61;;;118;0,50%;1590
61;;;120;0,84%;1591
61;;;567;0,69%;1592
61;;;139;0,06%;1593
60;;;215;0,01%;311
60;;;7;0,05%;312
60;;;579;0,05%;315
60;;;12;0,46%;320
60;;;93;0,04%;328
60;;;33;0,14%;329
60;;;649;0,00%;332
60;;;39;0,00%;338
60;;;48;0,42%;344
60;;;715;0,17%;356
60;;;94;0,08%;359
60;;;66;0,02%;360
60;;;77;0,05%;364
60;;;1041;0,02%;365
60;;;79;0,14%;366
60;;;83;0,15%;372
60;;;24;0,10%;376
60;;;87;0,28%;377
60;;;1043;0,00%;379
60;;;454;0,17%;382
60;;;102;0,61%;384
60;;;108;0,11%;389
60;;;111;0,54%;392
60;;;790;0,27%;401
60;;;541;0,70%;404
60;;;782;0,00%;406
60;;;584;0,28%;412
60;;;592;0,00%;422
60;;;141;0,31%;429
60;;;19;2,20%;433
60;;;16;1,42%;436
60;;;29;0,00%;442
60;;;40;0,00%;444
60;;;54;0,64%;447
60;;;882;0,04%;451
60;;;81;0,00%;459
60;;;100;2,27%;461
60;;;59;0,53%;462
60;;;123;0,46%;464
60;;;107;0,29%;469
60;;;940;0,93%;470
60;;;884;0,00%;474
60;;;909;0,95%;478
60;;;127;1,37%;479
60;;;130;0,73%;482
60;;;132;0,15%;483
60;;;906;0,00%;484
60;;;689;0,50%;487
60;;;15;0,02%;528
60;;;114;2,22%;546
60;;;96;0,85%;548
60;;;128;0,06%;554
60;;;139;0,06%;555
60;;;807;0,01%;788
60;;;737;0,03%;1067
60;;;8;5,07%;1080
60;;;37;1,30%;1089
60;;;57;0,02%;1093
60;;;70;0,00%;1096
60;;;106;1,35%;1101
60;;;120;0,84%;1106
60;;;89;1,68%;1190
60;;;42;0,07%;1280
60;;;138;0,00%;1288
60;;;234;0,27%;1530
60;;;80;0,00%;1535
60;;;661;0,23%;1536
60;;;5;1,15%;1543
60;;;142;0,44%;1544
60;;;13;0,21%;1545
60;;;22;0,00%;1546
60;;;23;1,40%;1547
60;;;25;0,00%;1548
60;;;610;0,00%;1549
60;;;43;0,00%;1550
60;;;49;2,28%;1551
60;;;60;8,96%;1552
60;;;62;6,38%;1553
60;;;410;0,00%;1554
60;;;76;1,75%;1555
60;;;88;1,68%;1556
60;;;762;0,00%;1557
60;;;501;3,81%;1558
60;;;121;4,81%;1559
60;;;129;0,21%;1560
59;;;799;0,04%;204
59;;;215;0,01%;311
59;;;7;0,05%;312
59;;;649;0,00%;332
59;;;39;0,00%;338
59;;;669;0,32%;342
59;;;48;0,42%;344
59;;;715;0,17%;356
59;;;749;0,02%;357
59;;;94;0,08%;359
59;;;66;0,02%;360
59;;;77;0,05%;364
59;;;1041;0,02%;365
59;;;79;0,14%;366
59;;;83;0,15%;372
59;;;426;0,01%;374
59;;;24;0,10%;376
59;;;612;0,60%;381
59;;;454;0,17%;382
59;;;102;0,61%;384
59;;;475;0,10%;388
59;;;108;0,11%;389
59;;;111;0,54%;392
59;;;584;0,28%;412
59;;;128;0,06%;416
59;;;592;0,00%;422
59;;;141;0,31%;429
59;;;19;2,20%;433
59;;;16;1,42%;436
59;;;40;0,00%;444
59;;;54;0,64%;447
59;;;882;0,04%;451
59;;;81;0,00%;459
59;;;59;0,53%;462
59;;;501;3,81%;468
59;;;107;0,29%;469
59;;;127;1,37%;479
59;;;132;0,15%;483
59;;;906;0,00%;484
59;;;5;1,15%;526
59;;;89;1,68%;543
59;;;114;2,22%;546
59;;;96;0,85%;548
59;;;567;0,69%;551
59;;;143;0,14%;556
59;;;807;0,01%;788
59;;;737;0,03%;1067
59;;;582;1,17%;1073
59;;;8;5,07%;1080
59;;;142;0,44%;1081
59;;;13;0,21%;1082
59;;;18;0,23%;1083
59;;;1163;0,11%;1085
59;;;26;0,29%;1087
59;;;37;1,30%;1089
59;;;57;0,02%;1093
59;;;60;8,96%;1094
59;;;70;0,00%;1096
59;;;106;1,35%;1101
59;;;123;0,46%;1103
59;;;120;0,84%;1106
59;;;23;1,40%;1279
59;;;42;0,07%;1280
59;;;138;0,00%;1288
59;;;234;0,27%;1530
59;;;28;2,03%;1531
59;;;610;0,00%;1532
59;;;62;6,38%;1533
59;;;65;1,93%;1534
59;;;80;0,00%;1535
59;;;661;0,23%;1536
59;;;88;1,68%;1537
59;;;100;2,27%;1538
59;;;118;0,50%;1539
59;;;121;4,81%;1540
59;;;909;0,95%;1541
59;;;130;0,73%;1542
58;;;55;0,01%;350
58;;;69;0,42%;833
58;;;234;0,27%;857
58;;;33;0,14%;864
58;;;39;0,00%;876
58;;;59;0,53%;913
58;;;108;0,11%;919
58;;;30;0,03%;1122
58;;;5;1,15%;1509
58;;;6;0,58%;1510
58;;;8;5,07%;1511
58;;;23;1,40%;1512
58;;;722;0,00%;1513
58;;;1056;0,00%;1514
58;;;34;0,15%;1515
58;;;49;2,28%;1516
58;;;336;0,00%;1517
58;;;52;0,67%;1518
58;;;62;6,38%;1519
58;;;390;0,00%;1520
58;;;76;1,75%;1521
58;;;102;0,61%;1522
58;;;633;0,33%;1523
58;;;106;1,35%;1524
58;;;475;0,10%;1525
58;;;111;0,54%;1526
58;;;501;3,81%;1527
58;;;107;0,29%;1528
58;;;4;0,00%;1529
57;;;7;0,05%;3
57;;;12;0,46%;10
57;;;29;0,00%;17
57;;;715;0,17%;33
57;;;882;0,04%;35
57;;;77;0,05%;41
57;;;661;0,23%;44
57;;;457;0,32%;51
57;;;108;0,11%;53
57;;;118;0,50%;62
57;;;130;0,73%;67
57;;;13;0,21%;79
57;;;256;0,33%;81
57;;;88;1,68%;94
57;;;128;0,06%;106
57;;;592;0,00%;108
57;;;16;1,42%;113
57;;;23;1,40%;118
57;;;28;2,03%;120
57;;;65;1,93%;132
57;;;66;0,02%;167
57;;;69;0,42%;168
57;;;111;0,54%;174
57;;;112;0,53%;175
57;;;114;2,22%;176
57;;;501;3,81%;177
57;;;50;0,00%;181
57;;;584;0,28%;182
57;;;52;0,67%;195
57;;;790;0,27%;205
57;;;121;4,81%;208
57;;;141;0,31%;210
57;;;30;0,03%;213
57;;;426;0,01%;222
57;;;106;1,35%;228
57;;;54;0,64%;292
57;;;90;0,15%;298
57;;;142;0,44%;498
57;;;143;0,14%;508
57;;;940;0,93%;680
57;;;22;0,00%;952
57;;;612;0,60%;954
57;;;658;0,16%;967
57;;;8;5,07%;977
57;;;49;2,28%;987
57;;;689;0,50%;1253
57;;;79;0,14%;1372
57;;;139;0,06%;1376
57;;;60;8,96%;1379
57;;;567;0,69%;1382
57;;;1033;0,01%;1388
57;;;110;0,09%;1389
57;;;18;0,23%;1479
57;;;85;7,92%;1484
57;;;62;6,38%;1490
57;;;5;1,15%;1499
57;;;6;0,58%;1500
57;;;92;0,00%;1501
57;;;34;0,15%;1502
57;;;48;0,42%;1503
57;;;57;0,02%;1504
57;;;59;0,53%;1505
57;;;102;0,61%;1506
57;;;123;0,46%;1507
57;;;129;0,21%;1508
56;;;7;0,05%;3
56;;;29;0,00%;17
56;;;715;0,17%;33
56;;;77;0,05%;41
56;;;79;0,14%;42
56;;;457;0,32%;51
56;;;108;0,11%;53
56;;;592;0,00%;69
56;;;143;0,14%;75
56;;;139;0,06%;109
56;;;93;0,04%;116
56;;;12;0,46%;157
56;;;111;0,54%;174
56;;;50;0,00%;181
56;;;52;0,67%;195
56;;;790;0,27%;205
56;;;13;0,21%;510
56;;;102;0,61%;516
56;;;33;0,14%;522
56;;;475;0,10%;525
56;;;34;0,15%;1183
56;;;54;0,64%;1385
56;;;416;0,23%;1386
56;;;1033;0,01%;1388
56;;;128;0,06%;1472
56;;;8;5,07%;1485
56;;;142;0,44%;1486
56;;;28;2,03%;1487
56;;;658;0,16%;1488
56;;;60;8,96%;1489
56;;;62;6,38%;1490
56;;;882;0,04%;1491
56;;;65;1,93%;1492
56;;;66;0,02%;1493
56;;;68;0,00%;1494
56;;;612;0,60%;1495
56;;;100;2,27%;1496
56;;;633;0,33%;1497
56;;;129;0,21%;1498
55;;;142;0,44%;5
55;;;12;0,46%;10
55;;;29;0,00%;17
55;;;54;0,64%;27
55;;;715;0,17%;33
55;;;882;0,04%;35
55;;;77;0,05%;41
55;;;661;0,23%;44
55;;;457;0,32%;51
55;;;737;0,03%;56
55;;;130;0,73%;67
55;;;592;0,00%;69
55;;;143;0,14%;75
55;;;13;0,21%;79
55;;;49;2,28%;85
55;;;129;0,21%;107
55;;;28;2,03%;120
55;;;633;0,33%;139
55;;;107;0,29%;143
55;;;582;1,17%;151
55;;;8;5,07%;156
55;;;37;1,30%;160
55;;;62;6,38%;166
55;;;112;0,53%;175
55;;;114;2,22%;176
55;;;501;3,81%;177
55;;;50;0,00%;181
55;;;52;0,67%;195
55;;;141;0,31%;210
55;;;426;0,01%;222
55;;;111;0,54%;247
55;;;16;1,42%;255
55;;;90;0,15%;298
55;;;106;1,35%;306
55;;;69;0,42%;501
55;;;120;0,84%;505
55;;;59;0,53%;515
55;;;102;0,61%;516
55;;;475;0,10%;525
55;;;23;1,40%;568
55;;;34;0,15%;569
55;;;22;0,00%;952
55;;;612;0,60%;954
55;;;658;0,16%;967
55;;;65;1,93%;1186
55;;;33;0,14%;1244
55;;;689;0,50%;1253
55;;;139;0,06%;1376
55;;;416;0,23%;1386
55;;;1033;0,01%;1388
55;;;44;0,00%;1424
55;;;121;4,81%;1464
55;;;909;0,95%;1467
55;;;128;0,06%;1472
55;;;18;0,23%;1479
55;;;30;0,03%;1480
55;;;286;0,00%;1481
55;;;48;0,42%;1482
55;;;66;0,02%;1483
55;;;85;7,92%;1484
54;;;26;0,29%;16
54;;;29;0,00%;17
54;;;658;0,16%;19
54;;;56;0,00%;28
54;;;83;0,15%;45
54;;;1043;0,00%;48
54;;;68;0,00%;89
54;;;457;0,32%;97
54;;;65;1,93%;132
54;;;107;0,29%;143
54;;;584;0,28%;149
54;;;12;0,46%;157
54;;;62;6,38%;166
54;;;59;0,53%;171
54;;;114;2,22%;176
54;;;972;0,00%;178
54;;;48;0,42%;194
54;;;799;0,04%;204
54;;;426;0,01%;222
54;;;567;0,69%;235
54;;;111;0,54%;247
54;;;37;1,30%;260
54;;;93;0,04%;328
54;;;1041;0,02%;365
54;;;286;0,00%;561
54;;;23;1,40%;568
54;;;96;0,85%;575
54;;;72;0,09%;603
54;;;1072;0,07%;786
54;;;22;0,00%;952
54;;;108;0,11%;1031
54;;;138;0,00%;1155
54;;;826;0,00%;1167
54;;;11;0,58%;1182
54;;;689;0,50%;1253
54;;;33;0,14%;1256
54;;;66;0,02%;1371
54;;;139;0,06%;1376
54;;;52;0,67%;1378
54;;;231;0,19%;1383
54;;;110;0,09%;1389
54;;;5;1,15%;1407
54;;;6;0,58%;1408
54;;;829;0,00%;1409
54;;;8;5,07%;1410
54;;;1173;0,00%;1411
54;;;142;0,44%;1412
54;;;16;1,42%;1413
54;;;19;2,20%;1414
54;;;792;0,00%;1415
54;;;1163;0,11%;1416
54;;;976;0,00%;1417
54;;;27;0,08%;1418
54;;;28;2,03%;1419
54;;;34;0,15%;1420
54;;;944;0,00%;1421
54;;;42;0,07%;1422
54;;;861;0,00%;1423
54;;;44;0,00%;1424
54;;;45;0,06%;1425
54;;;769;0,30%;1426
54;;;49;2,28%;1427
54;;;825;0,00%;1428
54;;;54;0,64%;1429
54;;;995;0,00%;1430
54;;;60;8,96%;1431
54;;;94;0,08%;1432
54;;;1091;0,00%;1433
54;;;1147;0,00%;1434
54;;;69;0,42%;1435
54;;;75;0,01%;1436
54;;;76;1,75%;1437
54;;;661;0,23%;1438
54;;;612;0,60%;1439
54;;;85;7,92%;1440
54;;;960;0,00%;1441
54;;;894;0,00%;1442
54;;;733;0,00%;1443
54;;;914;0,00%;1444
54;;;1104;0,00%;1445
54;;;89;1,68%;1446
54;;;1033;0,01%;1447
54;;;1116;0,00%;1448
54;;;986;0,00%;1449
54;;;1140;0,00%;1450
54;;;102;0,61%;1451
54;;;898;0,00%;1452
54;;;475;0,10%;1453
54;;;123;0,46%;1454
54;;;501;3,81%;1455
54;;;1039;0,00%;1456
54;;;621;0,00%;1457
54;;;940;0,93%;1458
54;;;989;0,00%;1459
54;;;956;0,00%;1460
54;;;819;0,00%;1461
54;;;118;0,50%;1462
54;;;795;0,00%;1463
54;;;121;4,81%;1464
54;;;565;0,00%;1465
54;;;1036;0,00%;1466
54;;;909;0,95%;1467
54;;;1191;0,00%;1468
54;;;1051;0,00%;1469
54;;;127;1,37%;1470
54;;;582;1,17%;1471
54;;;128;0,06%;1472
54;;;841;0,00%;1473
54;;;883;0,00%;1474
54;;;837;0,00%;1475
54;;;1160;0,00%;1476
54;;;953;0,01%;1477
54;;;1068;0,00%;1478
53;;;24;0,10%;376
53;;;142;0,44%;1044
53;;;10;2,20%;1045
53;;;13;0,21%;1046
53;;;100;2,27%;1054
53;;;8;5,07%;1390
53;;;16;1,42%;1391
53;;;19;2,20%;1392
53;;;37;1,30%;1393
53;;;42;0,07%;1394
53;;;610;0,00%;1395
53;;;60;8,96%;1396
53;;;76;1,75%;1397
53;;;85;7,92%;1398
53;;;89;1,68%;1399
53;;;123;0,46%;1400
53;;;114;2,22%;1401
53;;;501;3,81%;1402
53;;;96;0,85%;1403
53;;;118;0,50%;1404
53;;;121;4,81%;1405
53;;;567;0,69%;1406
52;;;12;0,46%;10
52;;;33;0,14%;14
52;;;29;0,00%;17
52;;;77;0,05%;41
52;;;457;0,32%;51
52;;;737;0,03%;56
52;;;592;0,00%;69
52;;;689;0,50%;71
52;;;13;0,21%;79
52;;;16;1,42%;80
52;;;49;2,28%;85
52;;;68;0,00%;89
52;;;661;0,23%;91
52;;;501;3,81%;102
52;;;128;0,06%;106
52;;;129;0,21%;107
52;;;139;0,06%;109
52;;;93;0,04%;116
52;;;28;2,03%;120
52;;;52;0,67%;126
52;;;60;8,96%;130
52;;;62;6,38%;131
52;;;40;0,00%;136
52;;;633;0,33%;139
52;;;584;0,28%;149
52;;;582;1,17%;151
52;;;37;1,30%;160
52;;;50;0,00%;181
52;;;909;0,95%;183
52;;;790;0,27%;205
52;;;141;0,31%;210
52;;;426;0,01%;222
52;;;567;0,69%;235
52;;;111;0,54%;247
52;;;106;1,35%;306
52;;;142;0,44%;498
52;;;120;0,84%;505
52;;;286;0,00%;561
52;;;23;1,40%;568
52;;;34;0,15%;569
52;;;612;0,60%;954
52;;;107;0,29%;964
52;;;658;0,16%;967
52;;;231;0,19%;1383
52;;;90;0,15%;1384
52;;;54;0,64%;1385
52;;;416;0,23%;1386
52;;;83;0,15%;1387
52;;;1033;0,01%;1388
52;;;110;0,09%;1389
51;;;215;0,01%;2
51;;;77;0,05%;41
51;;;661;0,23%;44
51;;;457;0,32%;51
51;;;737;0,03%;56
51;;;601;0,00%;73
51;;;143;0,14%;75
51;;;48;0,42%;84
51;;;129;0,21%;107
51;;;592;0,00%;108
51;;;93;0,04%;116
51;;;65;1,93%;132
51;;;12;0,46%;157
51;;;16;1,42%;158
51;;;108;0,11%;172
51;;;111;0,54%;174
51;;;112;0,53%;175
51;;;501;3,81%;177
51;;;54;0,64%;196
51;;;790;0,27%;205
51;;;426;0,01%;222
51;;;123;0,46%;229
51;;;49;2,28%;291
51;;;582;1,17%;308
51;;;142;0,44%;498
51;;;13;0,21%;510
51;;;102;0,61%;516
51;;;6;0,58%;567
51;;;612;0,60%;954
51;;;66;0,02%;1249
51;;;689;0,50%;1253
51;;;79;0,14%;1372
51;;;28;2,03%;1377
51;;;52;0,67%;1378
51;;;60;8,96%;1379
51;;;62;6,38%;1380
51;;;85;7,92%;1381
51;;;567;0,69%;1382
50;;;215;0,01%;2
50;;;7;0,05%;3
50;;;658;0,16%;19
50;;;56;0,00%;28
50;;;77;0,05%;41
50;;;80;0,00%;43
50;;;661;0,23%;44
50;;;457;0,32%;51
50;;;592;0,00%;69
50;;;601;0,00%;73
50;;;143;0,14%;75
50;;;68;0,00%;89
50;;;426;0,01%;93
50;;;129;0,21%;107
50;;;93;0,04%;116
50;;;633;0,33%;139
50;;;12;0,46%;157
50;;;37;1,30%;160
50;;;108;0,11%;172
50;;;50;0,00%;181
50;;;57;0,02%;197
50;;;582;1,17%;308
50;;;13;0,21%;510
50;;;59;0,53%;515
50;;;33;0,14%;522
50;;;23;1,40%;568
50;;;102;0,61%;971
50;;;65;1,93%;1186
50;;;689;0,50%;1253
50;;;8;5,07%;1363
50;;;142;0,44%;1364
50;;;16;1,42%;1365
50;;;28;2,03%;1366
50;;;34;0,15%;1367
50;;;52;0,67%;1368
50;;;54;0,64%;1369
50;;;60;8,96%;1370
50;;;66;0,02%;1371
50;;;79;0,14%;1372
50;;;612;0,60%;1373
50;;;85;7,92%;1374
50;;;111;0,54%;1375
50;;;139;0,06%;1376
49;;;94;0,08%;602
49;;;60;8,96%;656
49;;;102;0,61%;673
49;;;112;0,53%;676
49;;;121;4,81%;683
49;;;53;0,00%;1018
49;;;759;0,00%;1170
49;;;5;1,15%;1289
49;;;93;0,04%;1296
49;;;128;0,06%;1316
49;;;689;0,50%;1319
49;;;8;5,07%;1321
49;;;142;0,44%;1322
49;;;11;0,58%;1323
49;;;13;0,21%;1324
49;;;15;0,02%;1325
49;;;16;1,42%;1326
49;;;18;0,23%;1327
49;;;19;2,20%;1328
49;;;33;0,14%;1329
49;;;26;0,29%;1330
49;;;27;0,08%;1331
49;;;28;2,03%;1332
49;;;286;0,00%;1333
49;;;658;0,16%;1334
49;;;47;0,53%;1335
49;;;54;0,64%;1336
49;;;731;0,98%;1337
49;;;62;6,38%;1338
49;;;715;0,17%;1339
49;;;75;0,01%;1340
49;;;79;0,14%;1341
49;;;76;1,75%;1342
49;;;661;0,23%;1343
49;;;85;7,92%;1344
49;;;24;0,10%;1345
49;;;454;0,17%;1346
49;;;59;0,53%;1347
49;;;457;0,32%;1348
49;;;967;0,00%;1349
49;;;108;0,11%;1350
49;;;114;2,22%;1351
49;;;1072;0,07%;1352
49;;;541;0,70%;1353
49;;;120;0,84%;1354
49;;;584;0,28%;1355
49;;;127;1,37%;1356
49;;;582;1,17%;1357
49;;;129;0,21%;1358
49;;;130;0,73%;1359
49;;;139;0,06%;1360
49;;;601;0,00%;1361
49;;;141;0,31%;1362
48;;;29;0,00%;17
48;;;139;0,06%;518
48;;;670;0,80%;604
48;;;26;0,29%;648
48;;;54;0,64%;654
48;;;79;0,14%;662
48;;;454;0,17%;669
48;;;102;0,61%;673
48;;;112;0,53%;676
48;;;501;3,81%;679
48;;;940;0,93%;680
48;;;130;0,73%;685
48;;;141;0,31%;688
48;;;53;0,00%;1018
48;;;47;0,53%;1162
48;;;759;0,00%;1170
48;;;13;0,21%;1255
48;;;65;1,93%;1265
48;;;120;0,84%;1275
48;;;5;1,15%;1289
48;;;5;1,15%;1290
48;;;8;5,07%;1291
48;;;142;0,44%;1292
48;;;16;1,42%;1293
48;;;19;2,20%;1294
48;;;92;0,00%;1295
48;;;93;0,04%;1296
48;;;33;0,14%;1297
48;;;27;0,08%;1298
48;;;28;2,03%;1299
48;;;37;1,30%;1300
48;;;48;0,42%;1301
48;;;52;0,67%;1302
48;;;811;0,03%;1303
48;;;715;0,17%;1304
48;;;94;0,08%;1305
48;;;69;0,42%;1306
48;;;75;0,01%;1307
48;;;661;0,23%;1308
48;;;1154;0,00%;1309
48;;;85;7,92%;1310
48;;;24;0,10%;1311
48;;;89;1,68%;1312
48;;;59;0,53%;1313
48;;;492;2,40%;1314
48;;;114;2,22%;1315
48;;;128;0,06%;1316
48;;;129;0,21%;1317
48;;;132;0,15%;1318
48;;;689;0,50%;1319
48;;;143;0,14%;1320
47;;;83;0,15%;45
47;;;799;0,04%;204
47;;;7;0,05%;312
47;;;30;0,03%;334
47;;;669;0,32%;342
47;;;48;0,42%;344
47;;;94;0,08%;359
47;;;77;0,05%;364
47;;;79;0,14%;366
47;;;426;0,01%;374
47;;;24;0,10%;376
47;;;102;0,61%;384
47;;;111;0,54%;392
47;;;584;0,28%;412
47;;;129;0,21%;417
47;;;592;0,00%;422
47;;;19;2,20%;433
47;;;1087;0,00%;435
47;;;17;0,17%;437
47;;;18;0,23%;438
47;;;40;0,00%;444
47;;;610;0,00%;445
47;;;54;0,64%;447
47;;;81;0,00%;459
47;;;100;2,27%;461
47;;;59;0,53%;462
47;;;501;3,81%;468
47;;;107;0,29%;469
47;;;567;0,69%;477
47;;;127;1,37%;479
47;;;582;1,17%;480
47;;;128;0,06%;481
47;;;130;0,73%;482
47;;;132;0,15%;483
47;;;906;0,00%;484
47;;;689;0,50%;487
47;;;5;1,15%;526
47;;;62;6,38%;534
47;;;670;0,80%;538
47;;;139;0,06%;555
47;;;143;0,14%;556
47;;;807;0,01%;788
47;;;737;0,03%;1067
47;;;6;0,58%;1078
47;;;142;0,44%;1081
47;;;13;0,21%;1082
47;;;37;1,30%;1089
47;;;70;0,00%;1096
47;;;76;1,75%;1097
47;;;88;1,68%;1100
47;;;106;1,35%;1101
47;;;123;0,46%;1103
47;;;541;0,70%;1202
47;;;23;1,40%;1279
47;;;42;0,07%;1280
47;;;60;8,96%;1281
47;;;65;1,93%;1282
47;;;1043;0,00%;1283
47;;;114;2,22%;1284
47;;;96;0,85%;1285
47;;;118;0,50%;1286
47;;;121;4,81%;1287
47;;;138;0,00%;1288
46;;;715;0,17%;33
46;;;54;0,64%;654
46;;;60;8,96%;656
46;;;66;0,02%;659
46;;;454;0,17%;669
46;;;112;0,53%;676
46;;;940;0,93%;680
46;;;130;0,73%;685
46;;;139;0,06%;687
46;;;114;2,22%;1175
46;;;142;0,44%;1254
46;;;13;0,21%;1255
46;;;33;0,14%;1256
46;;;26;0,29%;1257
46;;;30;0,03%;1258
46;;;658;0,16%;1259
46;;;42;0,07%;1260
46;;;48;0,42%;1261
46;;;52;0,67%;1262
46;;;731;0,98%;1263
46;;;882;0,04%;1264
46;;;65;1,93%;1265
46;;;75;0,01%;1266
46;;;661;0,23%;1267
46;;;85;7,92%;1268
46;;;24;0,10%;1269
46;;;106;1,35%;1270
46;;;108;0,11%;1271
46;;;492;2,40%;1272
46;;;538;0,45%;1273
46;;;541;0,70%;1274
46;;;120;0,84%;1275
46;;;128;0,06%;1276
46;;;689;0,50%;1277
46;;;141;0,31%;1278
45;;;215;0,01%;2
45;;;12;0,46%;10
45;;;29;0,00%;17
45;;;77;0,05%;41
45;;;79;0,14%;42
45;;;661;0,23%;44
45;;;106;1,35%;52
45;;;118;0,50%;62
45;;;13;0,21%;79
45;;;16;1,42%;80
45;;;100;2,27%;95
45;;;457;0,32%;97
45;;;129;0,21%;107
45;;;592;0,00%;108
45;;;139;0,06%;109
45;;;28;2,03%;120
45;;;52;0,67%;126
45;;;102;0,61%;138
45;;;37;1,30%;160
45;;;966;0,24%;186
45;;;54;0,64%;196
45;;;790;0,27%;205
45;;;141;0,31%;210
45;;;426;0,01%;222
45;;;8;5,07%;239
45;;;47;0,53%;243
45;;;142;0,44%;498
45;;;59;0,53%;515
45;;;85;7,92%;638
45;;;22;0,00%;952
45;;;612;0,60%;954
45;;;501;3,81%;957
45;;;658;0,16%;967
45;;;33;0,14%;1244
45;;;34;0,15%;1245
45;;;48;0,42%;1246
45;;;60;8,96%;1247
45;;;882;0,04%;1248
45;;;66;0,02%;1249
45;;;67;0,00%;1250
45;;;123;0,46%;1251
45;;;1148;0,10%;1252
45;;;689;0,50%;1253
44;;;7;0,05%;3
44;;;30;0,03%;272
44;;;47;0,53%;273
44;;;93;0,04%;584
44;;;33;0,14%;712
44;;;790;0,27%;785
44;;;8;5,07%;1206
44;;;142;0,44%;1207
44;;;19;2,20%;1208
44;;;1163;0,11%;1209
44;;;23;1,40%;1210
44;;;28;2,03%;1211
44;;;286;0,00%;1212
44;;;37;1,30%;1213
44;;;52;0,67%;1214
44;;;822;0,00%;1215
44;;;55;0,01%;1216
44;;;56;0,00%;1217
44;;;62;6,38%;1218
44;;;749;0,02%;1219
44;;;65;1,93%;1220
44;;;94;0,08%;1221
44;;;66;0,02%;1222
44;;;670;0,80%;1223
44;;;77;0,05%;1224
44;;;410;0,00%;1225
44;;;661;0,23%;1226
44;;;24;0,10%;1227
44;;;454;0,17%;1228
44;;;457;0,32%;1229
44;;;106;1,35%;1230
44;;;475;0,10%;1231
44;;;108;0,11%;1232
44;;;123;0,46%;1233
44;;;111;0,54%;1234
44;;;112;0,53%;1235
44;;;107;0,29%;1236
44;;;541;0,70%;1237
44;;;1016;0,00%;1238
44;;;121;4,81%;1239
44;;;582;1,17%;1240
44;;;132;0,15%;1241
44;;;139;0,06%;1242
44;;;141;0,31%;1243
43;;;799;0,04%;204
43;;;215;0,01%;311
43;;;7;0,05%;312
43;;;579;0,05%;315
43;;;16;1,42%;321
43;;;256;0,33%;323
43;;;19;2,20%;325
43;;;93;0,04%;328
43;;;33;0,14%;329
43;;;28;2,03%;333
43;;;39;0,00%;338
43;;;41;0,10%;340
43;;;48;0,42%;344
43;;;49;2,28%;345
43;;;52;0,67%;346
43;;;53;0,00%;347
43;;;793;0,12%;349
43;;;60;8,96%;354
43;;;62;6,38%;355
43;;;715;0,17%;356
43;;;749;0,02%;357
43;;;94;0,08%;359
43;;;66;0,02%;360
43;;;72;0,09%;362
43;;;79;0,14%;366
43;;;81;0,00%;368
43;;;83;0,15%;372
43;;;426;0,01%;374
43;;;454;0,17%;382
43;;;102;0,61%;384
43;;;475;0,10%;388
43;;;123;0,46%;390
43;;;111;0,54%;392
43;;;1089;0,02%;394
43;;;114;2,22%;396
43;;;501;3,81%;397
43;;;851;0,01%;398
43;;;782;0,00%;406
43;;;118;0,50%;409
43;;;584;0,28%;412
43;;;127;1,37%;414
43;;;129;0,21%;417
43;;;888;0,01%;425
43;;;141;0,31%;429
43;;;567;0,69%;477
43;;;24;0,10%;542
43;;;5;1,15%;1061
43;;;811;0,03%;1065
43;;;77;0,05%;1066
43;;;737;0,03%;1067
43;;;107;0,29%;1068
43;;;95;0,02%;1069
43;;;1072;0,07%;1072
43;;;582;1,17%;1073
43;;;128;0,06%;1074
43;;;953;0,01%;1075
43;;;26;0,29%;1087
43;;;130;0,73%;1110
43;;;8;5,07%;1191
43;;;142;0,44%;1192
43;;;234;0,27%;1193
43;;;1163;0,11%;1194
43;;;23;1,40%;1195
43;;;37;1,30%;1196
43;;;47;0,53%;1197
43;;;661;0,23%;1198
43;;;108;0,11%;1199
43;;;96;0,85%;1200
43;;;538;0,45%;1201
43;;;541;0,70%;1202
43;;;120;0,84%;1203
43;;;121;4,81%;1204
43;;;966;0,24%;1205
42;;;584;0,28%;412
42;;;37;1,30%;443
42;;;906;0,00%;484
42;;;138;0,00%;486
42;;;69;0,42%;536
42;;;114;2,22%;546
42;;;13;0,21%;1082
42;;;121;4,81%;1107
42;;;29;0,00%;1121
42;;;89;1,68%;1190
41;;;215;0,01%;2
41;;;7;0,05%;3
41;;;12;0,46%;10
41;;;33;0,14%;14
41;;;29;0,00%;17
41;;;54;0,64%;27
41;;;882;0,04%;35
41;;;77;0,05%;41
41;;;80;0,00%;43
41;;;457;0,32%;51
41;;;108;0,11%;53
41;;;737;0,03%;56
41;;;592;0,00%;69
41;;;13;0,21%;79
41;;;16;1,42%;80
41;;;48;0,42%;84
41;;;49;2,28%;85
41;;;670;0,80%;90
41;;;501;3,81%;102
41;;;128;0,06%;106
41;;;129;0,21%;107
41;;;30;0,03%;121
41;;;52;0,67%;126
41;;;66;0,02%;133
41;;;102;0,61%;138
41;;;633;0,33%;139
41;;;37;1,30%;160
41;;;79;0,14%;200
41;;;106;1,35%;203
41;;;790;0,27%;205
41;;;426;0,01%;222
41;;;111;0,54%;247
41;;;8;5,07%;289
41;;;582;1,17%;308
41;;;142;0,44%;498
41;;;28;2,03%;500
41;;;120;0,84%;505
41;;;139;0,06%;507
41;;;123;0,46%;566
41;;;22;0,00%;952
41;;;612;0,60%;954
41;;;658;0,16%;967
41;;;5;1,15%;1180
41;;;6;0,58%;1181
41;;;11;0,58%;1182
41;;;34;0,15%;1183
41;;;60;8,96%;1184
41;;;62;6,38%;1185
41;;;65;1,93%;1186
41;;;661;0,23%;1187
41;;;100;2,27%;1188
41;;;689;0,50%;1189
40;;;29;0,00%;17
40;;;1043;0,00%;48
40;;;72;0,09%;603
40;;;454;0,17%;609
40;;;8;5,07%;642
40;;;142;0,44%;643
40;;;13;0,21%;644
40;;;38;0,07%;651
40;;;52;0,67%;653
40;;;60;8,96%;656
40;;;62;6,38%;657
40;;;661;0,23%;664
40;;;612;0,60%;665
40;;;120;0,84%;682
40;;;130;0,73%;685
40;;;141;0,31%;688
40;;;286;0,00%;1016
40;;;53;0,00%;1018
40;;;108;0,11%;1031
40;;;121;4,81%;1040
40;;;100;2,27%;1137
40;;;782;0,00%;1145
40;;;234;0,27%;1156
40;;;16;1,42%;1157
40;;;33;0,14%;1158
40;;;27;0,08%;1159
40;;;28;2,03%;1160
40;;;610;0,00%;1161
40;;;47;0,53%;1162
40;;;54;0,64%;1163
40;;;822;0,00%;1164
40;;;65;1,93%;1165
40;;;94;0,08%;1166
40;;;826;0,00%;1167
40;;;1108;0,24%;1168
40;;;76;1,75%;1169
40;;;759;0,00%;1170
40;;;85;7,92%;1171
40;;;24;0,10%;1172
40;;;102;0,61%;1173
40;;;106;1,35%;1174
40;;;114;2,22%;1175
40;;;96;0,85%;1176
40;;;567;0,69%;1177
40;;;592;0,00%;1178
40;;;139;0,06%;1179
39;;;1043;0,00%;48
39;;;584;0,28%;105
39;;;132;0,15%;209
39;;;793;0,12%;349
39;;;410;0,00%;456
39;;;5;1,15%;576
39;;;234;0,27%;578
39;;;93;0,04%;584
39;;;34;0,15%;589
39;;;47;0,53%;592
39;;;49;2,28%;594
39;;;54;0,64%;596
39;;;1088;0,00%;600
39;;;65;1,93%;601
39;;;72;0,09%;603
39;;;120;0,84%;619
39;;;1033;0,01%;762
39;;;60;8,96%;829
39;;;48;0,42%;884
39;;;1032;0,00%;910
39;;;6;0,58%;1005
39;;;142;0,44%;1008
39;;;1163;0,11%;1013
39;;;1014;0,00%;1027
39;;;457;0,32%;1030
39;;;108;0,11%;1031
39;;;689;0,50%;1043
39;;;8;5,07%;1111
39;;;12;0,46%;1112
39;;;1087;0,00%;1113
39;;;16;1,42%;1114
39;;;18;0,23%;1115
39;;;19;2,20%;1116
39;;;92;0,00%;1117
39;;;23;1,40%;1118
39;;;27;0,08%;1119
39;;;28;2,03%;1120
39;;;29;0,00%;1121
39;;;30;0,03%;1122
39;;;37;1,30%;1123
39;;;42;0,07%;1124
39;;;53;0,00%;1125
39;;;62;6,38%;1126
39;;;94;0,08%;1127
39;;;67;0,00%;1128
39;;;75;0,01%;1129
39;;;1108;0,24%;1130
39;;;76;1,75%;1131
39;;;85;7,92%;1132
39;;;24;0,10%;1133
39;;;89;1,68%;1134
39;;;454;0,17%;1135
39;;;615;0,00%;1136
39;;;100;2,27%;1137
39;;;123;0,46%;1138
39;;;114;2,22%;1139
39;;;501;3,81%;1140
39;;;96;0,85%;1141
39;;;790;0,27%;1142
39;;;541;0,70%;1143
39;;;884;0,00%;1144
39;;;782;0,00%;1145
39;;;118;0,50%;1146
39;;;121;4,81%;1147
39;;;567;0,69%;1148
39;;;909;0,95%;1149
39;;;127;1,37%;1150
39;;;582;1,17%;1151
39;;;129;0,21%;1152
39;;;592;0,00%;1153
39;;;708;0,00%;1154
39;;;138;0,00%;1155
38;;;799;0,04%;204
38;;;215;0,01%;311
38;;;12;0,46%;320
38;;;33;0,14%;329
38;;;649;0,00%;332
38;;;39;0,00%;338
38;;;749;0,02%;357
38;;;94;0,08%;359
38;;;66;0,02%;360
38;;;72;0,09%;362
38;;;77;0,05%;364
38;;;1041;0,02%;365
38;;;79;0,14%;366
38;;;661;0,23%;371
38;;;87;0,28%;377
38;;;1043;0,00%;379
38;;;612;0,60%;381
38;;;454;0,17%;382
38;;;475;0,10%;388
38;;;111;0,54%;392
38;;;851;0,01%;398
38;;;584;0,28%;412
38;;;129;0,21%;417
38;;;592;0,00%;422
38;;;10;2,20%;433
38;;;16;1,42%;436
38;;;29;0,00%;442
38;;;40;0,00%;444
38;;;882;0,04%;451
38;;;81;0,00%;459
38;;;100;2,27%;461
38;;;59;0,53%;462
38;;;737;0,03%;466
38;;;127;1,37%;479
38;;;582;1,17%;480
38;;;132;0,15%;483
38;;;906;0,00%;484
38;;;689;0,50%;487
38;;;670;0,80%;538
38;;;1108;0,24%;539
38;;;114;2,22%;546
38;;;107;0,29%;547
38;;;96;0,85%;548
38;;;139;0,06%;555
38;;;143;0,14%;556
38;;;5;1,15%;1077
38;;;6;0,58%;1078
38;;;7;0,05%;1079
38;;;8;5,07%;1080
38;;;142;0,44%;1081
38;;;13;0,21%;1082
38;;;18;0,23%;1083
38;;;19;2,20%;1084
38;;;1163;0,11%;1085
38;;;23;1,40%;1086
38;;;26;0,29%;1087
38;;;27;0,08%;1088
38;;;37;1,30%;1089
38;;;610;0,00%;1090
38;;;48;0,42%;1091
38;;;54;0,64%;1092
38;;;57;0,02%;1093
38;;;60;8,96%;1094
38;;;69;0,42%;1095
38;;;70;0,00%;1096
38;;;76;1,75%;1097
38;;;80;0,00%;1098
38;;;426;0,01%;1099
38;;;88;1,68%;1100
38;;;106;1,35%;1101
38;;;108;0,11%;1102
38;;;123;0,46%;1103
38;;;501;3,81%;1104
38;;;118;0,50%;1105
38;;;120;0,84%;1106
38;;;121;4,81%;1107
38;;;567;0,69%;1108
38;;;128;0,06%;1109
38;;;130;0,73%;1110
37;;;799;0,04%;204
37;;;215;0,01%;311
37;;;7;0,05%;312
37;;;579;0,05%;315
37;;;234;0,27%;316
37;;;16;1,42%;321
37;;;256;0,33%;323
37;;;18;0,23%;324
37;;;1163;0,11%;327
37;;;93;0,04%;328
37;;;33;0,14%;329
37;;;23;1,40%;330
37;;;649;0,00%;332
37;;;28;2,03%;333
37;;;30;0,03%;334
37;;;40;0,00%;339
37;;;669;0,32%;342
37;;;48;0,42%;344
37;;;49;2,28%;345
37;;;52;0,67%;346
37;;;54;0,64%;348
37;;;55;0,01%;350
37;;;60;8,96%;354
37;;;62;6,38%;355
37;;;749;0,02%;357
37;;;94;0,08%;359
37;;;66;0,02%;360
37;;;69;0,42%;361
37;;;72;0,09%;362
37;;;1041;0,02%;365
37;;;79;0,14%;366
37;;;80;0,00%;367
37;;;81;0,00%;368
37;;;416;0,23%;369
37;;;759;0,00%;370
37;;;83;0,15%;372
37;;;426;0,01%;374
37;;;24;0,10%;376
37;;;87;0,28%;377
37;;;89;1,68%;378
37;;;1043;0,00%;379
37;;;612;0,60%;381
37;;;454;0,17%;382
37;;;100;2,27%;383
37;;;102;0,61%;384
37;;;475;0,10%;388
37;;;108;0,11%;389
37;;;123;0,46%;390
37;;;111;0,54%;392
37;;;1089;0,02%;394
37;;;112;0,53%;395
37;;;114;2,22%;396
37;;;501;3,81%;397
37;;;851;0,01%;398
37;;;127;1,37%;414
37;;;129;0,21%;417
37;;;132;0,15%;420
37;;;592;0,00%;422
37;;;888;0,01%;425
37;;;601;0,00%;428
37;;;141;0,31%;429
37;;;37;1,30%;443
37;;;130;0,73%;482
37;;;670;0,80%;538
37;;;5;1,15%;1061
37;;;142;0,44%;1062
37;;;19;2,20%;1063
37;;;658;0,16%;1064
37;;;811;0,03%;1065
37;;;77;0,05%;1066
37;;;737;0,03%;1067
37;;;107;0,29%;1068
37;;;95;0,02%;1069
37;;;96;0,85%;1070
37;;;790;0,27%;1071
37;;;1072;0,07%;1072
37;;;582;1,17%;1073
37;;;128;0,06%;1074
37;;;953;0,01%;1075
37;;;139;0,06%;1076
36;;;24;0,10%;376
36;;;142;0,44%;1044
36;;;10;2,20%;1045
36;;;13;0,21%;1046
36;;;19;2,20%;1047
36;;;37;1,30%;1048
36;;;52;0,67%;1049
36;;;54;0,64%;1050
36;;;62;6,38%;1051
36;;;76;1,75%;1052
36;;;89;1,68%;1053
36;;;100;2,27%;1054
36;;;114;2,22%;1055
36;;;96;0,85%;1056
36;;;118;0,50%;1057
36;;;121;4,81%;1058
36;;;127;1,37%;1059
36;;;128;0,06%;1060
35;;;584;0,28%;105
35;;;132;0,15%;209
35;;;234;0,27%;578
35;;;93;0,04%;584
35;;;28;2,03%;587
35;;;49;2,28%;594
35;;;65;1,93%;601
35;;;94;0,08%;602
35;;;454;0,17%;609
35;;;120;0,84%;619
35;;;6;0,58%;1005
35;;;7;0,05%;1006
35;;;8;5,07%;1007
35;;;142;0,44%;1008
35;;;13;0,21%;1009
35;;;15;0,02%;1010
35;;;16;1,42%;1011
35;;;19;2,20%;1012
35;;;1163;0,11%;1013
35;;;22;0,00%;1014
35;;;23;1,40%;1015
35;;;286;0,00%;1016
35;;;34;0,15%;1017
35;;;53;0,00%;1018
35;;;54;0,64%;1019
35;;;822;0,00%;1020
35;;;62;6,38%;1021
35;;;1122;0,00%;1022
35;;;66;0,02%;1023
35;;;67;0,00%;1024
35;;;826;0,00%;1025
35;;;69;0,42%;1026
35;;;1014;0,00%;1027
35;;;89;1,68%;1028
35;;;1043;0,00%;1029
35;;;457;0,32%;1030
35;;;108;0,11%;1031
35;;;123;0,46%;1032
35;;;112;0,53%;1033
35;;;114;2,22%;1034
35;;;501;3,81%;1035
35;;;96;0,85%;1036
35;;;541;0,70%;1037
35;;;782;0,00%;1038
35;;;118;0,50%;1039
35;;;121;4,81%;1040
35;;;567;0,69%;1041
35;;;138;0,00%;1042
35;;;689;0,50%;1043
34;;;90;0,15%;11
34;;;29;0,00%;17
34;;;658;0,16%;19
34;;;52;0,67%;26
34;;;882;0,04%;35
34;;;426;0,01%;47
34;;;457;0,32%;51
34;;;108;0,11%;53
34;;;501;3,81%;58
34;;;121;4,81%;63
34;;;130;0,73%;67
34;;;592;0,00%;69
34;;;708;0,00%;70
34;;;689;0,50%;71
34;;;139;0,06%;72
34;;;670;0,80%;90
34;;;129;0,21%;107
34;;;102;0,61%;138
34;;;909;0,95%;183
34;;;79;0,14%;200
34;;;612;0,60%;224
34;;;96;0,85%;249
34;;;118;0,50%;965
34;;;5;1,15%;975
34;;;215;0,01%;976
34;;;8;5,07%;977
34;;;142;0,44%;978
34;;;579;0,05%;979
34;;;11;0,58%;980
34;;;16;1,42%;981
34;;;23;1,40%;982
34;;;25;0,00%;983
34;;;28;2,03%;984
34;;;37;1,30%;985
34;;;48;0,42%;986
34;;;49;2,28%;987
34;;;54;0,64%;988
34;;;56;0,00%;989
34;;;60;8,96%;990
34;;;65;1,93%;991
34;;;66;0,02%;992
34;;;68;0,00%;993
34;;;69;0,42%;994
34;;;77;0,05%;995
34;;;59;0,53%;996
34;;;106;1,35%;997
34;;;475;0,10%;998
34;;;111;0,54%;999
34;;;541;0,70%;1000
34;;;120;0,84%;1001
34;;;127;1,37%;1002
34;;;582;1,17%;1003
34;;;128;0,06%;1004
33;;;215;0,01%;2
33;;;7;0,05%;3
33;;;29;0,00%;17
33;;;715;0,17%;33
33;;;457;0,32%;51
33;;;110;0,09%;55
33;;;130;0,73%;67
33;;;592;0,00%;69
33;;;689;0,50%;71
33;;;13;0,21%;79
33;;;48;0,42%;84
33;;;49;2,28%;85
33;;;68;0,00%;89
33;;;670;0,80%;90
33;;;661;0,23%;91
33;;;128;0,06%;106
33;;;129;0,21%;107
33;;;16;1,42%;113
33;;;28;2,03%;120
33;;;286;0,00%;122
33;;;633;0,33%;139
33;;;37;1,30%;160
33;;;66;0,02%;167
33;;;112;0,53%;175
33;;;114;2,22%;176
33;;;501;3,81%;177
33;;;52;0,67%;195
33;;;54;0,64%;196
33;;;79;0,14%;200
33;;;106;1,35%;203
33;;;111;0,54%;247
33;;;582;1,17%;308
33;;;142;0,44%;498
33;;;139;0,06%;507
33;;;5;1,15%;509
33;;;59;0,53%;515
33;;;33;0,14%;522
33;;;85;7,92%;638
33;;;612;0,60%;954
33;;;107;0,29%;964
33;;;658;0,16%;967
33;;;34;0,15%;968
33;;;60;8,96%;969
33;;;426;0,01%;970
33;;;102;0,61%;971
33;;;108;0,11%;972
33;;;541;0,70%;973
33;;;141;0,31%;974
32;;;80;0,00%;43
32;;;68;0,00%;89
32;;;426;0,01%;93
32;;;16;1,42%;158
32;;;112;0,53%;175
32;;;54;0,64%;196
32;;;582;1,17%;308
32;;;142;0,44%;498
32;;;612;0,60%;954
32;;;47;0,53%;960
32;;;52;0,67%;961
32;;;100;2,27%;962
32;;;106;1,35%;963
32;;;107;0,29%;964
32;;;118;0,50%;965
32;;;139;0,06%;966
31;;;7;0,05%;3
31;;;29;0,00%;17
31;;;658;0,16%;19
31;;;65;1,93%;36
31;;;457;0,32%;51
31;;;108;0,11%;53
31;;;592;0,00%;69
31;;;689;0,50%;71
31;;;48;0,42%;84
31;;;49;2,28%;85
31;;;68;0,00%;89
31;;;670;0,80%;90
31;;;661;0,23%;91
31;;;85;7,92%;92
31;;;114;2,22%;101
31;;;129;0,21%;107
31;;;93;0,04%;116
31;;;52;0,67%;126
31;;;66;0,02%;133
31;;;102;0,61%;138
31;;;582;1,17%;151
31;;;37;1,30%;160
31;;;50;0,00%;181
31;;;584;0,28%;182
31;;;909;0,95%;183
31;;;54;0,64%;196
31;;;57;0,02%;197
31;;;79;0,14%;200
31;;;106;1,35%;203
31;;;69;0,42%;219
31;;;426;0,01%;222
31;;;28;2,03%;241
31;;;111;0,54%;247
31;;;42;0,07%;261
31;;;807;0,01%;268
31;;;141;0,31%;295
31;;;90;0,15%;298
31;;;142;0,44%;498
31;;;139;0,06%;507
31;;;59;0,53%;515
31;;;33;0,14%;522
31;;;60;8,96%;564
31;;;34;0,15%;569
31;;;96;0,85%;575
31;;;16;1,42%;950
31;;;92;0,00%;951
31;;;22;0,00%;952
31;;;62;6,38%;953
31;;;612;0,60%;954
31;;;100;2,27%;955
31;;;112;0,53%;956
31;;;501;3,81%;957
31;;;118;0,50%;958
31;;;131;0,03%;959
30;;;579;0,05%;6
30;;;862;0,00%;30
30;;;749;0,02%;34
30;;;83;0,15%;45
30;;;799;0,04%;204
30;;;1010;0,00%;234
30;;;5;1,15%;309
30;;;93;0,04%;328
30;;;416;0,23%;369
30;;;759;0,00%;370
30;;;1154;0,00%;373
30;;;110;0,09%;391
30;;;1089;0,02%;394
30;;;782;0,00%;406
30;;;1041;0,02%;455
30;;;410;0,00%;456
30;;;909;0,95%;478
30;;;15;0,02%;528
30;;;1033;0,01%;762
30;;;1165;0,00%;779
30;;;807;0,01%;788
30;;;8;5,07%;811
30;;;16;1,42%;815
30;;;18;0,23%;818
30;;;22;0,00%;820
30;;;44;0,00%;824
30;;;62;6,38%;830
30;;;69;0,42%;833
30;;;79;0,14%;835
30;;;76;1,75%;836
30;;;107;0,29%;846
30;;;584;0,28%;852
30;;;7;0,05%;855
30;;;142;0,44%;856
30;;;234;0,27%;857
30;;;64;0,01%;858
30;;;12;0,46%;859
30;;;17;0,17%;860
30;;;256;0,33%;861
30;;;19;2,20%;862
30;;;1163;0,11%;863
30;;;33;0,14%;864
30;;;23;1,40%;865
30;;;25;0,00%;866
30;;;649;0,00%;867
30;;;27;0,08%;868
30;;;28;2,03%;869
30;;;29;0,00%;870
30;;;30;0,03%;871
30;;;658;0,16%;872
30;;;34;0,15%;873
30;;;37;1,30%;874
30;;;38;0,07%;875
30;;;39;0,00%;876
30;;;40;0,00%;877
30;;;41;0,10%;878
30;;;42;0,07%;879
30;;;610;0,00%;880
30;;;43;0,00%;881
30;;;669;0,32%;882
30;;;47;0,53%;883
30;;;48;0,42%;884
30;;;769;0,30%;885
30;;;49;2,28%;886
30;;;52;0,67%;887
30;;;53;0,00%;888
30;;;54;0,64%;889
30;;;822;0,00%;890
30;;;793;0,12%;891
30;;;56;0,00%;892
30;;;811;0,03%;893
30;;;60;8,96%;894
30;;;715;0,17%;895
30;;;882;0,04%;896
30;;;94;0,08%;897
30;;;66;0,02%;898
30;;;68;0,00%;899
30;;;70;0,00%;900
30;;;72;0,09%;901
30;;;75;0,01%;902
30;;;80;0,00%;903
30;;;81;0,00%;904
30;;;1121;0,17%;905
30;;;661;0,23%;906
30;;;612;0,60%;907
30;;;85;7,92%;908
30;;;426;0,01%;909
30;;;1032;0,00%;910
30;;;88;1,68%;911
30;;;454;0,17%;912
30;;;59;0,53%;913
30;;;102;0,61%;914
30;;;105;0,27%;915
30;;;633;0,33%;916
30;;;106;1,35%;917
30;;;475;0,10%;918
30;;;108;0,11%;919
30;;;1151;0,02%;920
30;;;123;0,46%;921
30;;;737;0,03%;922
30;;;114;2,22%;923
30;;;505;0,00%;924
30;;;116;0,00%;925
30;;;95;0,02%;926
30;;;940;0,93%;927
30;;;790;0,27%;928
30;;;1072;0,07%;929
30;;;538;0,45%;930
30;;;884;0,00%;931
30;;;120;0,84%;932
30;;;121;4,81%;933
30;;;1025;0,00%;934
30;;;567;0,69%;935
30;;;127;1,37%;936
30;;;582;1,17%;937
30;;;128;0,06%;938
30;;;129;0,21%;939
30;;;130;0,73%;940
30;;;131;0,03%;941
30;;;132;0,15%;942
30;;;591;0,02%;943
30;;;138;0,00%;944
30;;;888;0,01%;945
30;;;953;0,01%;946
30;;;966;0,24%;947
30;;;139;0,06%;948
30;;;141;0,31%;949
29;;;579;0,05%;6
29;;;799;0,04%;204
29;;;759;0,00%;370
29;;;7;0,05%;810
29;;;8;5,07%;811
29;;;234;0,27%;812
29;;;12;0,46%;813
29;;;1019;0,00%;814
29;;;16;1,42%;815
29;;;17;0,17%;816
29;;;256;0,33%;817
29;;;18;0,23%;818
29;;;21;0,01%;819
29;;;22;0,00%;820
29;;;649;0,00%;821
29;;;28;2,03%;822
29;;;40;0,00%;823
29;;;44;0,00%;824
29;;;47;0,53%;825
29;;;52;0,67%;826
29;;;54;0,64%;827
29;;;793;0,12%;828
29;;;60;8,96%;829
29;;;62;6,38%;830
29;;;65;1,93%;831
29;;;68;0,00%;832
29;;;69;0,42%;833
29;;;72;0,09%;834
29;;;79;0,14%;835
29;;;76;1,75%;836
29;;;81;0,00%;837
29;;;426;0,01%;838
29;;;88;1,68%;839
29;;;100;2,27%;840
29;;;106;1,35%;841
29;;;1151;0,02%;842
29;;;123;0,46%;843
29;;;114;2,22%;844
29;;;117;0,01%;845
29;;;107;0,29%;846
29;;;95;0,02%;847
29;;;790;0,27%;848
29;;;118;0,50%;849
29;;;121;4,81%;850
29;;;1036;0,00%;851
29;;;584;0,28%;852
29;;;128;0,06%;853
29;;;129;0,21%;854
28;;;19;2,20%;271
28;;;30;0,03%;272
28;;;1145;0,00%;352
28;;;1154;0,00%;373
28;;;1085;0,01%;407
28;;;1067;0,00%;424
28;;;953;0,01%;426
28;;;1087;0,00%;435
28;;;5;1,15%;697
28;;;6;0,58%;698
28;;;7;0,05%;699
28;;;8;5,07%;700
28;;;142;0,44%;701
28;;;231;0,19%;702
28;;;234;0,27%;703
28;;;13;0,21%;704
28;;;16;1,42%;705
28;;;17;0,17%;706
28;;;256;0,33%;707
28;;;18;0,23%;708
28;;;92;0,00%;709
28;;;1163;0,11%;710
28;;;93;0,04%;711
28;;;33;0,14%;712
28;;;23;1,40%;713
28;;;25;0,00%;714
28;;;26;0,29%;715
28;;;649;0,00%;716
28;;;28;2,03%;717
28;;;658;0,16%;718
28;;;37;1,30%;719
28;;;40;0,00%;720
28;;;41;0,10%;721
28;;;42;0,07%;722
28;;;610;0,00%;723
28;;;43;0,00%;724
28;;;44;0,00%;725
28;;;669;0,32%;726
28;;;45;0,06%;727
28;;;47;0,53%;728
28;;;48;0,42%;729
28;;;769;0,30%;730
28;;;49;2,28%;731
28;;;52;0,67%;732
28;;;53;0,00%;733
28;;;54;0,64%;734
28;;;793;0,12%;735
28;;;60;8,96%;736
28;;;62;6,38%;737
28;;;715;0,17%;738
28;;;882;0,04%;739
28;;;1122;0,00%;740
28;;;65;1,93%;741
28;;;94;0,08%;742
28;;;390;0,00%;743
28;;;66;0,02%;744
28;;;68;0,00%;745
28;;;69;0,42%;746
28;;;70;0,00%;747
28;;;670;0,80%;748
28;;;77;0,05%;749
28;;;1041;0,02%;750
28;;;410;0,00%;751
28;;;79;0,14%;752
28;;;76;1,75%;753
28;;;80;0,00%;754
28;;;81;0,00%;755
28;;;1121;0,17%;756
28;;;759;0,00%;757
28;;;85;7,92%;758
28;;;1032;0,00%;759
28;;;86;0,00%;760
28;;;89;1,68%;761
28;;;1033;0,01%;762
28;;;454;0,17%;763
28;;;100;2,27%;764
28;;;59;0,53%;765
28;;;105;0,27%;766
28;;;106;1,35%;767
28;;;475;0,10%;768
28;;;799;0,04%;769
28;;;108;0,11%;770
28;;;1151;0,02%;771
28;;;123;0,46%;772
28;;;487;0,28%;773
28;;;110;0,09%;774
28;;;111;0,54%;775
28;;;737;0,03%;776
28;;;1089;0,02%;777
28;;;112;0,53%;778
28;;;1165;0,00%;779
28;;;114;2,22%;780
28;;;501;3,81%;781
28;;;107;0,29%;782
28;;;95;0,02%;783
28;;;940;0,93%;784
28;;;790;0,27%;785
28;;;1072;0,07%;786
28;;;538;0,45%;787
28;;;807;0,01%;788
28;;;541;0,70%;789
28;;;782;0,00%;790
28;;;1114;0,00%;791
28;;;118;0,50%;792
28;;;121;4,81%;793
28;;;567;0,69%;794
28;;;909;0,95%;795
28;;;127;1,37%;796
28;;;582;1,17%;797
28;;;128;0,06%;798
28;;;129;0,21%;799
28;;;130;0,73%;800
28;;;131;0,03%;801
28;;;132;0,15%;802
28;;;689;0,50%;803
28;;;888;0,01%;804
28;;;966;0,24%;805
28;;;139;0,06%;806
28;;;601;0,00%;807
28;;;141;0,31%;808
28;;;143;0,14%;809
27;;;30;0,03%;18
27;;;114;2,22%;101
27;;;52;0,67%;163
27;;;143;0,14%;187
27;;;19;2,20%;256
27;;;28;2,03%;258
27;;;42;0,07%;261
27;;;62;6,38%;265
27;;;106;1,35%;267
27;;;16;1,42%;632
27;;;67;0,00%;636
27;;;141;0,31%;640
27;;;23;1,40%;689
27;;;60;8,96%;690
27;;;85;7,92%;691
27;;;123;0,46%;692
27;;;111;0,54%;693
27;;;501;3,81%;694
27;;;120;0,84%;695
27;;;127;1,37%;696
26;;;670;0,80%;604
26;;;541;0,70%;617
26;;;5;1,15%;641
26;;;8;5,07%;642
26;;;142;0,44%;643
26;;;13;0,21%;644
26;;;16;1,42%;645
26;;;256;0,33%;646
26;;;19;2,20%;647
26;;;26;0,29%;648
26;;;28;2,03%;649
26;;;29;0,00%;650
26;;;38;0,07%;651
26;;;47;0,53%;652
26;;;52;0,67%;653
26;;;54;0,64%;654
26;;;731;0,98%;655
26;;;60;8,96%;656
26;;;62;6,38%;657
26;;;65;1,93%;658
26;;;66;0,02%;659
26;;;69;0,42%;660
26;;;77;0,05%;661
26;;;79;0,14%;662
26;;;76;1,75%;663
26;;;661;0,23%;664
26;;;612;0,60%;665
26;;;85;7,92%;666
26;;;426;0,01%;667
26;;;88;1,68%;668
26;;;454;0,17%;669
26;;;100;2,27%;670
26;;;59;0,53%;671
26;;;457;0,32%;672
26;;;102;0,61%;673
26;;;105;0,27%;674
26;;;123;0,46%;675
26;;;112;0,53%;676
26;;;492;2,40%;677
26;;;114;2,22%;678
26;;;501;3,81%;679
26;;;940;0,93%;680
26;;;538;0,45%;681
26;;;120;0,84%;682
26;;;121;4,81%;683
26;;;582;1,17%;684
26;;;130;0,73%;685
26;;;132;0,15%;686
26;;;139;0,06%;687
26;;;141;0,31%;688
25;;;7;0,05%;3
25;;;29;0,00%;17
25;;;882;0,04%;35
25;;;79;0,14%;42
25;;;80;0,00%;43
25;;;457;0,32%;51
25;;;130;0,73%;67
25;;;592;0,00%;69
25;;;49;2,28%;85
25;;;68;0,00%;89
25;;;114;2,22%;101
25;;;52;0,67%;126
25;;;102;0,61%;138
25;;;582;1,17%;151
25;;;62;6,38%;166
25;;;69;0,42%;168
25;;;612;0,60%;169
25;;;143;0,14%;187
25;;;54;0,64%;196
25;;;57;0,02%;197
25;;;121;4,81%;208
25;;;286;0,00%;242
25;;;111;0,54%;247
25;;;5;1,15%;251
25;;;65;1,93%;266
25;;;28;2,03%;500
25;;;12;0,46%;558
25;;;142;0,44%;631
25;;;16;1,42%;632
25;;;19;2,20%;633
25;;;731;0,98%;634
25;;;60;8,96%;635
25;;;67;0,00%;636
25;;;661;0,23%;637
25;;;85;7,92%;638
25;;;567;0,69%;639
25;;;141;0,31%;640
24;;;793;0,12%;349
24;;;759;0,00%;370
24;;;15;0,02%;528
24;;;5;1,15%;576
24;;;8;5,07%;577
24;;;234;0,27%;578
24;;;16;1,42%;579
24;;;256;0,33%;580
24;;;19;2,20%;581
24;;;21;0,01%;582
24;;;1163;0,11%;583
24;;;93;0,04%;584
24;;;22;0,00%;585
24;;;23;1,40%;586
24;;;28;2,03%;587
24;;;30;0,03%;588
24;;;34;0,15%;589
24;;;37;1,30%;590
24;;;42;0,07%;591
24;;;47;0,53%;592
24;;;48;0,42%;593
24;;;49;2,28%;594
24;;;52;0,67%;595
24;;;54;0,64%;596
24;;;55;0,01%;597
24;;;60;8,96%;598
24;;;62;6,38%;599
24;;;1088;0,00%;600
24;;;65;1,93%;601
24;;;94;0,08%;602
24;;;72;0,09%;603
24;;;670;0,80%;604
24;;;77;0,05%;605
24;;;76;1,75%;606
24;;;85;7,92%;607
24;;;89;1,68%;608
24;;;454;0,17%;609
24;;;100;2,27%;610
24;;;59;0,53%;611
24;;;106;1,35%;612
24;;;123;0,46%;613
24;;;114;2,22%;614
24;;;501;3,81%;615
24;;;96;0,85%;616
24;;;541;0,70%;617
24;;;118;0,50%;618
24;;;120;0,84%;619
24;;;121;4,81%;620
24;;;122;0,00%;621
24;;;584;0,28%;622
24;;;909;0,95%;623
24;;;127;1,37%;624
24;;;582;1,17%;625
24;;;130;0,73%;626
24;;;132;0,15%;627
24;;;1067;0,00%;628
24;;;689;0,50%;629
24;;;601;0,00%;630
23;;;7;0,05%;3
23;;;12;0,46%;10
23;;;33;0,14%;14
23;;;29;0,00%;17
23;;;658;0,16%;19
23;;;715;0,17%;33
23;;;882;0,04%;35
23;;;77;0,05%;41
23;;;79;0,14%;42
23;;;457;0,32%;51
23;;;108;0,11%;53
23;;;110;0,09%;55
23;;;130;0,73%;67
23;;;592;0,00%;69
23;;;689;0,50%;71
23;;;601;0,00%;73
23;;;13;0,21%;79
23;;;49;2,28%;85
23;;;661;0,23%;91
23;;;426;0,01%;93
23;;;128;0,06%;106
23;;;129;0,21%;107
23;;;139;0,06%;109
23;;;93;0,04%;116
23;;;28;2,03%;120
23;;;66;0,02%;133
23;;;102;0,61%;138
23;;;107;0,29%;143
23;;;8;5,07%;156
23;;;62;6,38%;166
23;;;69;0,42%;168
23;;;612;0,60%;169
23;;;112;0,53%;175
23;;;501;3,81%;177
23;;;48;0,42%;194
23;;;54;0,64%;196
23;;;57;0,02%;197
23;;;106;1,35%;203
23;;;790;0,27%;205
23;;;118;0,50%;207
23;;;121;4,81%;208
23;;;141;0,31%;210
23;;;22;0,00%;212
23;;;111;0,54%;247
23;;;16;1,42%;255
23;;;92;0,00%;257
23;;;142;0,44%;498
23;;;120;0,84%;505
23;;;143;0,14%;508
23;;;5;1,15%;509
23;;;567;0,69%;517
23;;;475;0,10%;525
23;;;25;0,00%;559
23;;;286;0,00%;561
23;;;60;8,96%;564
23;;;6;0,58%;567
23;;;23;1,40%;568
23;;;34;0,15%;569
23;;;37;1,30%;570
23;;;67;0,00%;571
23;;;80;0,00%;572
23;;;85;7,92%;573
23;;;100;2,27%;574
23;;;96;0,85%;575
19;;;33;0,14%;14
19;;;658;0,16%;19
19;;;715;0,17%;33
19;;;882;0,04%;35
19;;;661;0,23%;44
19;;;457;0,32%;51
19;;;737;0,03%;56
19;;;130;0,73%;67
19;;;592;0,00%;69
19;;;13;0,21%;79
19;;;48;0,42%;84
19;;;49;2,28%;85
19;;;52;0,67%;86
19;;;68;0,00%;89
19;;;85;7,92%;92
19;;;100;2,27%;95
19;;;633;0,33%;98
19;;;501;3,81%;102
19;;;129;0,21%;107
19;;;93;0,04%;116
19;;;28;2,03%;120
19;;;62;6,38%;131
19;;;66;0,02%;133
19;;;102;0,61%;138
19;;;909;0,95%;150
19;;;582;1,17%;151
19;;;37;1,30%;160
19;;;59;0,53%;171
19;;;50;0,00%;181
19;;;54;0,64%;196
19;;;79;0,14%;200
19;;;790;0,27%;205
19;;;30;0,03%;213
19;;;69;0,42%;219
19;;;65;1,93%;245
19;;;111;0,54%;247
19;;;92;0,00%;257
19;;;141;0,31%;295
19;;;34;0,15%;299
19;;;612;0,60%;304
19;;;120;0,84%;505
19;;;139;0,06%;507
19;;;256;0,33%;511
19;;;8;5,07%;557
19;;;12;0,46%;558
19;;;25;0,00%;559
19;;;29;0,00%;560
19;;;286;0,00%;561
19;;;35;0,00%;562
19;;;55;0,01%;563
19;;;60;8,96%;564
19;;;106;1,35%;565
19;;;123;0,46%;566
18;;;799;0,04%;204
18;;;215;0,01%;311
18;;;7;0,05%;312
18;;;12;0,46%;320
18;;;48;0,42%;344
18;;;749;0,02%;357
18;;;94;0,08%;359
18;;;66;0,02%;360
18;;;77;0,05%;364
18;;;1041;0,02%;365
18;;;79;0,14%;366
18;;;661;0,23%;371
18;;;426;0,01%;374
18;;;87;0,28%;377
18;;;1043;0,00%;379
18;;;612;0,60%;381
18;;;102;0,61%;384
18;;;475;0,10%;388
18;;;541;0,70%;404
18;;;584;0,28%;412
18;;;129;0,21%;417
18;;;592;0,00%;422
18;;;8;5,07%;431
18;;;1087;0,00%;435
18;;;16;1,42%;436
18;;;23;1,40%;440
18;;;29;0,00%;442
18;;;37;1,30%;443
18;;;40;0,00%;444
18;;;49;2,28%;446
18;;;54;0,64%;447
18;;;80;0,00%;458
18;;;81;0,00%;459
18;;;100;2,27%;461
18;;;123;0,46%;464
18;;;501;3,81%;468
18;;;940;0,93%;470
18;;;790;0,27%;472
18;;;127;1,37%;479
18;;;130;0,73%;482
18;;;132;0,15%;483
18;;;5;1,15%;526
18;;;9;0,00%;527
18;;;15;0,02%;528
18;;;256;0,33%;529
18;;;28;2,03%;530
18;;;610;0,00%;531
18;;;769;0,30%;532
18;;;60;8,96%;533
18;;;62;6,38%;534
18;;;65;1,93%;535
18;;;69;0,42%;536
18;;;70;0,00%;537
18;;;670;0,80%;538
18;;;1108;0,24%;539
18;;;76;1,75%;540
18;;;76;1,75%;541
18;;;24;0,10%;542
18;;;89;1,68%;543
18;;;106;1,35%;544
18;;;111;0,54%;545
18;;;114;2,22%;546
18;;;107;0,29%;547
18;;;96;0,85%;548
18;;;884;0,00%;549
18;;;121;4,81%;550
18;;;567;0,69%;551
18;;;909;0,95%;552
18;;;582;1,17%;553
18;;;128;0,06%;554
18;;;139;0,06%;555
18;;;143;0,14%;556
17;;;90;0,15%;11
17;;;29;0,00%;17
17;;;52;0,67%;26
17;;;715;0,17%;33
17;;;77;0,05%;41
17;;;80;0,00%;43
17;;;85;7,92%;46
17;;;457;0,32%;51
17;;;118;0,50%;62
17;;;582;1,17%;65
17;;;130;0,73%;67
17;;;592;0,00%;69
17;;;689;0,50%;71
17;;;13;0,21%;79
17;;;49;2,28%;85
17;;;68;0,00%;89
17;;;670;0,80%;90
17;;;661;0,23%;91
17;;;59;0,53%;96
17;;;129;0,21%;107
17;;;28;2,03%;120
17;;;65;1,93%;132
17;;;66;0,02%;133
17;;;102;0,61%;138
17;;;106;1,35%;140
17;;;851;0,01%;142
17;;;37;1,30%;160
17;;;62;6,38%;166
17;;;69;0,42%;168
17;;;50;0,00%;181
17;;;54;0,64%;196
17;;;79;0,14%;200
17;;;96;0,85%;249
17;;;111;0,54%;280
17;;;909;0,95%;294
17;;;142;0,44%;498
17;;;139;0,06%;518
17;;;8;5,07%;519
17;;;11;0,58%;520
17;;;16;1,42%;521
17;;;33;0,14%;522
17;;;658;0,16%;523
17;;;426;0,01%;524
17;;;475;0,10%;525
16;;;7;0,05%;3
16;;;33;0,14%;14
16;;;29;0,00%;17
16;;;658;0,16%;19
16;;;882;0,04%;35
16;;;77;0,05%;41
16;;;661;0,23%;44
16;;;457;0,32%;51
16;;;110;0,09%;55
16;;;130;0,73%;67
16;;;689;0,50%;71
16;;;48;0,42%;84
16;;;49;2,28%;85
16;;;68;0,00%;89
16;;;670;0,80%;90
16;;;426;0,01%;93
16;;;129;0,21%;107
16;;;592;0,00%;108
16;;;16;1,42%;113
16;;;52;0,67%;126
16;;;65;1,93%;132
16;;;66;0,02%;133
16;;;582;1,17%;151
16;;;8;5,07%;156
16;;;69;0,42%;168
16;;;111;0,54%;174
16;;;501;3,81%;177
16;;;909;0,95%;183
16;;;37;1,30%;192
16;;;54;0,64%;196
16;;;106;1,35%;203
16;;;123;0,46%;229
16;;;286;0,00%;242
16;;;142;0,44%;498
16;;;143;0,14%;508
16;;;5;1,15%;509
16;;;13;0,21%;510
16;;;256;0,33%;511
16;;;47;0,53%;512
16;;;62;6,38%;513
16;;;79;0,14%;514
16;;;59;0,53%;515
16;;;102;0,61%;516
16;;;567;0,69%;517
16;;;139;0,06%;518
15;;;12;0,46%;10
15;;;33;0,14%;14
15;;;29;0,00%;17
15;;;658;0,16%;19
15;;;715;0,17%;33
15;;;882;0,04%;35
15;;;77;0,05%;41
15;;;737;0,03%;56
15;;;689;0,50%;71
15;;;48;0,42%;84
15;;;49;2,28%;85
15;;;52;0,67%;86
15;;;68;0,00%;89
15;;;661;0,23%;91
15;;;85;7,92%;92
15;;;128;0,06%;106
15;;;129;0,21%;107
15;;;592;0,00%;108
15;;;93;0,04%;116
15;;;23;1,40%;118
15;;;60;8,96%;130
15;;;65;1,93%;132
15;;;66;0,02%;133
15;;;102;0,61%;138
15;;;582;1,17%;151
15;;;37;1,30%;160
15;;;54;0,64%;196
15;;;57;0,02%;197
15;;;79;0,14%;200
15;;;426;0,01%;222
15;;;286;0,00%;242
15;;;111;0,54%;247
15;;;112;0,53%;248
15;;;59;0,53%;279
15;;;141;0,31%;295
15;;;90;0,15%;298
15;;;34;0,15%;299
15;;;62;6,38%;302
15;;;55;0,01%;350
15;;;215;0,01%;497
15;;;142;0,44%;498
15;;;16;1,42%;499
15;;;28;2,03%;500
15;;;69;0,42%;501
15;;;633;0,33%;502
15;;;106;1,35%;503
15;;;123;0,46%;504
15;;;120;0,84%;505
15;;;121;4,81%;506
15;;;139;0,06%;507
15;;;143;0,14%;508
14;;;28;2,03%;488
14;;;62;6,38%;489
14;;;65;1,93%;490
14;;;76;1,75%;491
14;;;661;0,23%;492
14;;;85;7,92%;493
14;;;121;4,81%;494
14;;;582;1,17%;495
14;;;594;0,00%;496
13;;;215;0,01%;311
13;;;7;0,05%;312
13;;;12;0,46%;320
13;;;93;0,04%;328
13;;;33;0,14%;329
13;;;649;0,00%;332
13;;;34;0,15%;336
13;;;39;0,00%;338
13;;;669;0,32%;342
13;;;47;0,53%;343
13;;;48;0,42%;344
13;;;749;0,02%;357
13;;;94;0,08%;359
13;;;66;0,02%;360
13;;;77;0,05%;364
13;;;79;0,14%;366
13;;;661;0,23%;371
13;;;83;0,15%;372
13;;;426;0,01%;374
13;;;24;0,10%;376
13;;;1043;0,00%;379
13;;;612;0,60%;381
13;;;102;0,61%;384
13;;;110;0,09%;391
13;;;541;0,70%;404
13;;;584;0,28%;412
13;;;129;0,21%;417
13;;;592;0,00%;422
13;;;141;0,31%;429
13;;;5;1,15%;430
13;;;8;5,07%;431
13;;;142;0,44%;432
13;;;10;2,20%;433
13;;;13;0,21%;434
13;;;1087;0,00%;435
13;;;16;1,42%;436
13;;;17;0,17%;437
13;;;18;0,23%;438
13;;;19;2,20%;439
13;;;23;1,40%;440
13;;;28;2,03%;441
13;;;29;0,00%;442
13;;;37;1,30%;443
13;;;40;0,00%;444
13;;;610;0,00%;445
13;;;49;2,28%;446
13;;;54;0,64%;447
13;;;793;0,12%;448
13;;;60;8,96%;449
13;;;62;6,38%;450
13;;;882;0,04%;451
13;;;67;0,00%;452
13;;;69;0,42%;453
13;;;70;0,00%;454
13;;;1041;0,02%;455
13;;;410;0,00%;456
13;;;76;1,75%;457
13;;;80;0,00%;458
13;;;81;0,00%;459
13;;;89;1,68%;460
13;;;100;2,27%;461
13;;;59;0,53%;462
13;;;106;1,35%;463
13;;;123;0,46%;464
13;;;111;0,54%;465
13;;;737;0,03%;466
13;;;114;2,22%;467
13;;;501;3,81%;468
13;;;107;0,29%;469
13;;;940;0,93%;470
13;;;96;0,85%;471
13;;;790;0,27%;472
13;;;807;0,01%;473
13;;;884;0,00%;474
13;;;118;0,50%;475
13;;;121;4,81%;476
13;;;567;0,69%;477
13;;;909;0,95%;478
13;;;127;1,37%;479
13;;;582;1,17%;480
13;;;128;0,06%;481
13;;;130;0,73%;482
13;;;132;0,15%;483
13;;;906;0,00%;484
13;;;708;0,00%;485
13;;;138;0,00%;486
13;;;689;0,50%;487
12;;;862;0,00%;30
12;;;799;0,04%;204
12;;;5;1,15%;309
12;;;6;0,58%;310
12;;;215;0,01%;311
12;;;7;0,05%;312
12;;;8;5,07%;313
12;;;142;0,44%;314
12;;;579;0,05%;315
12;;;234;0,27%;316
12;;;10;2,20%;317
12;;;64;0,01%;318
12;;;1022;0,00%;319
12;;;12;0,46%;320
12;;;16;1,42%;321
12;;;17;0,17%;322
12;;;256;0,33%;323
12;;;18;0,23%;324
12;;;19;2,20%;325
12;;;92;0,00%;326
12;;;1163;0,11%;327
12;;;93;0,04%;328
12;;;33;0,14%;329
12;;;23;1,40%;330
12;;;25;0,00%;331
12;;;649;0,00%;332
12;;;28;2,03%;333
12;;;30;0,03%;334
12;;;658;0,16%;335
12;;;34;0,15%;336
12;;;37;1,30%;337
12;;;39;0,00%;338
12;;;40;0,00%;339
12;;;41;0,10%;340
12;;;610;0,00%;341
12;;;669;0,32%;342
12;;;47;0,53%;343
12;;;48;0,42%;344
12;;;49;2,28%;345
12;;;52;0,67%;346
12;;;53;0,00%;347
12;;;54;0,64%;348
12;;;793;0,12%;349
12;;;55;0,01%;350
12;;;56;0,00%;351
12;;;1145;0,00%;352
12;;;811;0,03%;353
12;;;60;8,96%;354
12;;;62;6,38%;355
12;;;715;0,17%;356
12;;;749;0,02%;357
12;;;65;1,93%;358
12;;;94;0,08%;359
12;;;66;0,02%;360
12;;;69;0,42%;361
12;;;72;0,09%;362
12;;;670;0,80%;363
12;;;77;0,05%;364
12;;;1041;0,02%;365
12;;;79;0,14%;366
12;;;80;0,00%;367
12;;;81;0,00%;368
12;;;416;0,23%;369
12;;;759;0,00%;370
12;;;661;0,23%;371
12;;;83;0,15%;372
12;;;1154;0,00%;373
12;;;426;0,01%;374
12;;;1032;0,00%;375
12;;;24;0,10%;376
12;;;87;0,28%;377
12;;;89;1,68%;378
12;;;1043;0,00%;379
12;;;88;1,68%;380
12;;;612;0,00%;381
12;;;454;0,17%;382
12;;;100;2,27%;383
12;;;102;0,61%;384
12;;;967;0,00%;385
12;;;633;0,33%;386
12;;;106;1,35%;387
12;;;475;0,10%;388
12;;;108;0,11%;389
12;;;123;0,46%;390
12;;;110;0,09%;391
12;;;111;0,54%;392
12;;;737;0,03%;393
12;;;1089;0,02%;394
12;;;112;0,53%;395
12;;;114;2,22%;396
12;;;501;3,81%;397
12;;;851;0,01%;398
12;;;95;0,02%;399
12;;;96;0,85%;400
12;;;790;0,27%;401
12;;;1072;0,07%;402
12;;;538;0,45%;403
12;;;541;0,70%;404
12;;;884;0,00%;405
12;;;782;0,00%;406
12;;;1085;0,01%;407
12;;;118;0,50%;408
12;;;118;0,50%;409
12;;;121;4,81%;410
12;;;50;0,00%;411
12;;;584;0,28%;412
12;;;909;0,95%;413
12;;;127;1,37%;414
12;;;582;1,17%;415
12;;;128;0,06%;416
12;;;129;0,21%;417
12;;;130;0,73%;418
12;;;131;0,03%;419
12;;;132;0,15%;420
12;;;591;0,02%;421
12;;;592;0,00%;422
12;;;708;0,00%;423
12;;;1067;0,00%;424
12;;;888;0,01%;425
12;;;953;0,01%;426
12;;;139;0,06%;427
12;;;601;0,00%;428
12;;;141;0,31%;429
11;;;142;0,44%;5
11;;;12;0,46%;10
11;;;29;0,00%;17
11;;;658;0,16%;19
11;;;882;0,04%;35
11;;;77;0,05%;41
11;;;80;0,00%;43
11;;;457;0,32%;51
11;;;737;0,03%;56
11;;;592;0,00%;69
11;;;256;0,33%;81
11;;;48;0,42%;84
11;;;49;2,28%;85
11;;;52;0,67%;86
11;;;670;0,80%;90
11;;;661;0,23%;91
11;;;100;2,27%;95
11;;;59;0,53%;96
11;;;129;0,21%;107
11;;;139;0,06%;109
11;;;93;0,04%;116
11;;;28;2,03%;120
11;;;60;8,96%;130
11;;;66;0,02%;133
11;;;102;0,61%;138
11;;;37;1,30%;160
11;;;69;0,42%;168
11;;;50;0,00%;181
11;;;16;1,42%;188
11;;;57;0,02%;197
11;;;79;0,14%;200
11;;;790;0,27%;205
11;;;22;0,00%;212
11;;;426;0,01%;222
11;;;111;0,54%;247
11;;;54;0,64%;292
11;;;8;5,07%;296
11;;;33;0,14%;297
11;;;90;0,15%;298
11;;;34;0,15%;299
11;;;40;0,00%;300
11;;;47;0,53%;301
11;;;62;6,38%;302
11;;;73;0,33%;303
11;;;612;0,60%;304
11;;;633;0,33%;305
11;;;106;1,35%;306
11;;;1089;0,02%;307
11;;;582;1,17%;308
10;;;142;0,44%;5
10;;;12;0,46%;10
10;;;33;0,14%;14
10;;;29;0,00%;17
10;;;658;0,16%;19
10;;;882;0,04%;35
10;;;77;0,05%;41
10;;;457;0,32%;51
10;;;130;0,73%;67
10;;;256;0,33%;81
10;;;48;0,42%;84
10;;;68;0,00%;89
10;;;670;0,80%;90
10;;;129;0,21%;107
10;;;592;0,00%;108
10;;;93;0,04%;116
10;;;23;1,40%;118
10;;;28;2,03%;120
10;;;47;0,53%;125
10;;;52;0,67%;126
10;;;60;8,96%;130
10;;;65;1,93%;132
10;;;66;0,02%;133
10;;;102;0,61%;138
10;;;69;0,42%;168
10;;;79;0,14%;200
10;;;121;4,81%;208
10;;;567;0,69%;235
10;;;111;0,54%;247
10;;;16;1,42%;255
10;;;37;1,30%;260
10;;;59;0,53%;279
10;;;8;5,07%;289
10;;;42;0,07%;290
10;;;49;2,28%;291
10;;;54;0,64%;292
10;;;106;1,35%;293
10;;;909;0,95%;294
10;;;141;0,31%;295
9;;;658;0,16%;19
9;;;882;0,04%;35
9;;;582;1,17%;151
9;;;8;5,07%;156
9;;;612;0,60%;169
9;;;50;0,00%;181
9;;;34;0,15%;191
9;;;123;0,46%;229
9;;;139;0,06%;237
9;;;19;2,20%;271
9;;;30;0,03%;272
9;;;47;0,53%;273
9;;;54;0,64%;274
9;;;60;8,96%;275
9;;;69;0,42%;276
9;;;76;1,75%;277
9;;;426;0,01%;278
9;;;59;0,53%;279
9;;;111;0,54%;280
9;;;737;0,03%;281
9;;;114;2,22%;282
9;;;541;0,70%;283
9;;;121;4,81%;284
9;;;584;0,28%;285
9;;;127;1,37%;286
9;;;128;0,06%;287
9;;;130;0,73%;288
9;;;52;0,67%;s/i
8;;;142;0,44%;5
8;;;12;0,46%;10
8;;;658;0,16%;19
8;;;715;0,17%;33
8;;;882;0,04%;35
8;;;73;0,33%;40
8;;;77;0,05%;41
8;;;79;0,14%;42
8;;;541;0,70%;61
8;;;601;0,00%;73
8;;;141;0,31%;74
8;;;68;0,00%;89
8;;;670;0,80%;90
8;;;100;2,27%;95
8;;;457;0,32%;97
8;;;114;2,22%;101
8;;;128;0,06%;106
8;;;592;0,00%;108
8;;;139;0,06%;109
8;;;93;0,04%;116
8;;;52;0,67%;126
8;;;60;8,96%;130
8;;;66;0,02%;133
8;;;107;0,29%;143
8;;;909;0,95%;150
8;;;582;1,17%;151
8;;;54;0,64%;196
8;;;112;0,53%;248
8;;;5;1,15%;251
8;;;215;0,01%;252
8;;;8;5,07%;253
8;;;11;0,58%;254
8;;;16;1,42%;255
8;;;19;2,20%;256
8;;;92;0,00%;257
8;;;28;2,03%;258
8;;;34;0,15%;259
8;;;37;1,30%;260
8;;;42;0,07%;261
8;;;669;0,32%;262
8;;;48;0,42%;263
8;;;57;0,02%;264
8;;;62;6,38%;265
8;;;65;1,93%;266
8;;;106;1,35%;267
8;;;807;0,01%;268
8;;;118;0,50%;269
8;;;129;0,21%;270
7;;;142;0,44%;5
7;;;579;0,05%;6
7;;;12;0,46%;10
7;;;90;0,15%;11
7;;;29;0,00%;17
7;;;658;0,16%;19
7;;;34;0,15%;20
7;;;862;0,00%;30
7;;;715;0,17%;33
7;;;882;0,04%;35
7;;;77;0,05%;41
7;;;80;0,00%;43
7;;;661;0,23%;44
7;;;85;7,92%;46
7;;;1043;0,00%;48
7;;;59;0,53%;50
7;;;457;0,32%;51
7;;;106;1,35%;52
7;;;108;0,11%;53
7;;;123;0,46%;54
7;;;130;0,73%;67
7;;;592;0,00%;69
7;;;689;0,50%;71
7;;;601;0,00%;73
7;;;48;0,42%;84
7;;;68;0,00%;89
7;;;88;1,68%;94
7;;;501;3,81%;102
7;;;128;0,06%;106
7;;;129;0,21%;107
7;;;139;0,06%;109
7;;;93;0,04%;116
7;;;52;0,67%;126
7;;;66;0,02%;133
7;;;102;0,61%;138
7;;;851;0,01%;142
7;;;584;0,28%;149
7;;;909;0,95%;150
7;;;582;1,17%;151
7;;;612;0,60%;169
7;;;54;0,64%;196
7;;;57;0,02%;197
7;;;79;0,14%;200
7;;;22;0,00%;212
7;;;215;0,01%;238
7;;;8;5,07%;239
7;;;16;1,42%;240
7;;;28;2,03%;241
7;;;286;0,00%;242
7;;;47;0,53%;243
7;;;62;6,38%;244
7;;;65;1,93%;245
7;;;100;2,27%;246
7;;;111;0,54%;247
7;;;112;0,53%;248
7;;;96;0,85%;249
7;;;567;0,69%;250
6;;;7;0,02%;3
6;;;142;0,45%;5
6;;;579;0,05%;6
6;;;33;0,15%;14
6;;;29;0,00%;17
6;;;658;0,16%;19
6;;;715;0,15%;33
6;;;77;0,04%;41
6;;;108;0,14%;53
6;;;592;0,00%;69
6;;;13;0,19%;79
6;;;16;1,36%;80
6;;;48;0,43%;84
6;;;68;0,00%;89
6;;;5;1,18%;110
6;;;28;1,97%;120
6;;;107;0,30%;143
6;;;909;1,04%;150
6;;;582;1,22%;151
6;;;6;0,14%;155
6;;;66;0,01%;167
6;;;501;3,42%;177
6;;;50;0,00%;181
6;;;584;0,03%;182
6;;;54;0,62%;196
6;;;121;5,20%;208
6;;;8;5,66%;211
6;;;22;0,00%;212
6;;;30;0,04%;213
6;;;37;1,33%;214
6;;;49;2,30%;215
6;;;862;0,00%;216
6;;;62;6,30%;217
6;;;882;0,04%;218
6;;;69;0,38%;219
6;;;76;1,80%;220
6;;;85;8,41%;221
6;;;426;0,01%;222
6;;;87;0,17%;223
6;;;612;0,62%;224
6;;;100;2,19%;225
6;;;59;0,59%;226
6;;;102;0,52%;227
6;;;106;1,21%;228
6;;;123;0,36%;229
6;;;114;2,09%;230
6;;;96;1,07%;231
6;;;541;0,66%;232
6;;;118;0,56%;233
6;;;1010;0,00%;234
6;;;567;0,68%;235
6;;;130;0,67%;236
6;;;139;0,05%;237
5;;;215;0,01%;2
5;;;7;0,05%;3
5;;;12;0,46%;10
5;;;33;0,14%;14
5;;;658;0,16%;19
5;;;862;0,00%;30
5;;;715;0,17%;33
5;;;882;0,04%;35
5;;;73;0,33%;40
5;;;661;0,23%;44
5;;;59;0,53%;50
5;;;457;0,32%;51
5;;;108;0,11%;53
5;;;110;0,09%;55
5;;;737;0,03%;56
5;;;909;0,95%;64
5;;;130;0,73%;67
5;;;592;0,00%;69
5;;;689;0,50%;71
5;;;601;0,00%;73
5;;;143;0,14%;75
5;;;142;0,44%;78
5;;;13;0,21%;79
5;;;49;2,28%;85
5;;;68;0,00%;89
5;;;670;0,80%;90
5;;;426;0,01%;93
5;;;114;2,22%;101
5;;;128;0,06%;106
5;;;129;0,21%;107
5;;;139;0,06%;109
5;;;5;1,15%;110
5;;;93;0,04%;116
5;;;28;2,03%;120
5;;;633;0,33%;139
5;;;107;0,29%;143
5;;;584;0,28%;149
5;;;8;5,07%;156
5;;;62;6,38%;166
5;;;69;0,42%;168
5;;;612;0,60%;169
5;;;112;0,53%;175
5;;;501;3,81%;177
5;;;16;1,42%;188
5;;;22;0,00%;189
5;;;29;0,00%;190
5;;;34;0,15%;191
5;;;37;1,30%;192
5;;;47;0,53%;193
5;;;48;0,42%;194
5;;;52;0,67%;195
5;;;54;0,64%;196
5;;;57;0,02%;197
5;;;94;0,08%;198
5;;;66;0,02%;199
5;;;79;0,14%;200
5;;;1033;0,01%;201
5;;;102;0,61%;202
5;;;106;1,35%;203
5;;;799;0,04%;204
5;;;790;0,27%;205
5;;;541;0,70%;206
5;;;118;0,50%;207
5;;;121;4,81%;208
5;;;132;0,15%;209
5;;;141;0,31%;210
4;;;215;0,01%;2
4;;;7;0,05%;3
4;;;142;0,44%;5
4;;;579;0,05%;6
4;;;33;0,14%;14
4;;;658;0,16%;19
4;;;862;0,00%;30
4;;;882;0,04%;35
4;;;73;0,33%;40
4;;;79;0,14%;42
4;;;83;0,15%;45
4;;;1043;0,00%;48
4;;;130;0,73%;67
4;;;592;0,00%;69
4;;;689;0,50%;71
4;;;601;0,00%;73
4;;;13;0,21%;79
4;;;68;0,00%;89
4;;;670;0,80%;90
4;;;426;0,01%;93
4;;;100;2,27%;95
4;;;106;1,35%;99
4;;;128;0,06%;106
4;;;129;0,21%;107
4;;;28;2,03%;120
4;;;30;0,03%;121
4;;;661;0,23%;134
4;;;5;1,15%;154
4;;;6;0,58%;155
4;;;8;5,07%;156
4;;;12;0,46%;157
4;;;16;1,42%;158
4;;;29;0,00%;159
4;;;37;1,30%;160
4;;;48;0,42%;161
4;;;49;2,28%;162
4;;;52;0,67%;163
4;;;54;0,64%;164
4;;;958;0,00%;165
4;;;62;6,38%;166
4;;;66;0,02%;167
4;;;69;0,42%;168
4;;;612;0,60%;169
4;;;85;7,92%;170
4;;;59;0,53%;171
4;;;108;0,11%;172
4;;;123;0,46%;173
4;;;111;0,54%;174
4;;;112;0,53%;175
4;;;114;2,22%;176
4;;;501;3,81%;177
4;;;972;0,00%;178
4;;;541;0,70%;179
4;;;121;4,81%;180
4;;;50;0,00%;181
4;;;584;0,28%;182
4;;;909;0,95%;183
4;;;582;1,17%;184
4;;;801;0,00%;185
4;;;966;0,24%;186
4;;;143;0,14%;187
3;;;215;0,01%;2
3;;;7;0,05%;3
3;;;142;0,44%;5
3;;;9;0,00%;7
3;;;12;0,46%;10
3;;;29;0,00%;17
3;;;658;0,16%;19
3;;;57;0,02%;29
3;;;862;0,00%;30
3;;;882;0,04%;35
3;;;73;0,33%;40
3;;;77;0,05%;41
3;;;80;0,00%;43
3;;;83;0,15%;45
3;;;1043;0,00%;48
3;;;457;0,32%;51
3;;;108;0,11%;53
3;;;501;3,81%;58
3;;;130;0,73%;67
3;;;592;0,00%;69
3;;;689;0,50%;71
3;;;601;0,00%;73
3;;;13;0,21%;79
3;;;256;0,33%;81
3;;;48;0,42%;84
3;;;49;2,28%;85
3;;;68;0,00%;89
3;;;670;0,80%;90
3;;;88;1,68%;94
3;;;112;0,53%;100
3;;;114;2,22%;101
3;;;128;0,06%;106
3;;;129;0,21%;107
3;;;139;0,06%;109
3;;;5;1,15%;110
3;;;8;5,07%;111
3;;;11;0,58%;112
3;;;16;1,42%;113
3;;;18;0,23%;114
3;;;19;2,20%;115
3;;;93;0,04%;116
3;;;33;0,14%;117
3;;;23;1,40%;118
3;;;90;0,15%;119
3;;;28;2,03%;120
3;;;30;0,03%;121
3;;;286;0,00%;122
3;;;37;1,30%;123
3;;;44;0,00%;124
3;;;47;0,53%;125
3;;;52;0,67%;126
3;;;54;0,64%;127
3;;;1027;0,02%;128
3;;;56;0,00%;129
3;;;60;8,96%;130
3;;;62;6,38%;131
3;;;65;1,93%;132
3;;;66;0,02%;133
3;;;661;0,23%;134
3;;;612;0,60%;135
3;;;85;7,92%;136
3;;;426;0,01%;137
3;;;102;0,61%;138
3;;;633;0,33%;139
3;;;106;1,35%;140
3;;;111;0,54%;141
3;;;851;0,01%;142
3;;;107;0,29%;143
3;;;538;0,45%;144
3;;;884;0,00%;145
3;;;118;0,50%;146
3;;;121;4,81%;147
3;;;567;0,69%;148
3;;;584;0,28%;149
3;;;126;0,00%;150
3;;;582;1,17%;151
3;;;708;0,00%;152
3;;;141;0,31%;153
2;;;579;0,05%;6
2;;;12;0,46%;10
2;;;33;0,14%;14
2;;;29;0,00%;17
2;;;658;0,16%;19
2;;;862;0,00%;30
2;;;715;0,17%;33
2;;;882;0,04%;35
2;;;73;0,33%;40
2;;;77;0,05%;41
2;;;80;0,00%;43
2;;;1043;0,00%;48
2;;;108;0,11%;53
2;;;130;0,73%;67
2;;;5;1,15%;76
2;;;7;0,05%;77
2;;;142;0,44%;78
2;;;13;0,21%;79
2;;;16;1,42%;80
2;;;256;0,33%;81
2;;;30;0,03%;82
2;;;669;0,32%;83
2;;;48;0,42%;84
2;;;49;2,28%;85
2;;;52;0,67%;86
2;;;62;6,38%;87
2;;;65;1,93%;88
2;;;68;0,00%;89
2;;;670;0,80%;90
2;;;661;0,23%;91
2;;;85;7,92%;92
2;;;426;0,01%;93
2;;;88;1,68%;94
2;;;100;2,27%;95
2;;;59;0,53%;96
2;;;457;0,32%;97
2;;;633;0,33%;98
2;;;106;1,35%;99
2;;;112;0,53%;100
2;;;114;2,22%;101
2;;;501;3,81%;102
2;;;118;0,50%;103
2;;;121;4,81%;104
2;;;584;0,28%;105
2;;;128;0,06%;106
2;;;129;0,21%;107
2;;;592;0,00%;108
2;;;139;0,06%;109
1;;;5;1,15%;1
1;;;215;0,01%;2
1;;;7;0,05%;3
1;;;8;5,07%;4
1;;;142;0,44%;5
1;;;579;0,05%;6
1;;;9;0,00%;7
1;;;10;2,20%;8
1;;;11;0,58%;9
1;;;12;0,46%;10
1;;;13;0,21%;11
1;;;16;1,42%;12
1;;;18;0,23%;13
1;;;33;0,14%;14
1;;;23;1,40%;15
1;;;26;0,29%;16
1;;;29;0,00%;17
1;;;30;0,03%;18
1;;;658;0,16%;19
1;;;34;0,15%;20
1;;;610;0,00%;21
1;;;44;0,00%;22
1;;;47;0,53%;23
1;;;48;0,42%;24
1;;;769;0,30%;25
1;;;52;0,67%;26
1;;;54;0,64%;27
1;;;56;0,00%;28
1;;;57;0,02%;29
1;;;862;0,00%;30
1;;;60;8,96%;31
1;;;62;6,38%;32
1;;;715;0,17%;33
1;;;749;0,02%;34
1;;;882;0,04%;35
1;;;65;1,93%;36
1;;;67;0,00%;37
1;;;68;0,00%;38
1;;;69;0,42%;39
1;;;73;0,33%;40
1;;;77;0,05%;41
1;;;79;0,14%;42
1;;;80;0,00%;43
1;;;661;0,23%;44
1;;;83;0,15%;45
1;;;85;7,92%;46
1;;;426;0,01%;47
1;;;1043;0,00%;48
1;;;100;2,27%;49
1;;;59;0,53%;50
1;;;457;0,32%;51
1;;;106;1,35%;52
1;;;108;0,11%;53
1;;;123;0,46%;54
1;;;110;0,09%;55
1;;;737;0,03%;56
1;;;114;2,22%;57
1;;;501;3,81%;58
1;;;107;0,29%;59
1;;;96;0,85%;60
1;;;541;0,70%;61
1;;;118;0,50%;62
1;;;121;4,81%;63
1;;;909;0,95%;64
1;;;582;1,17%;65
1;;;128;0,06%;66
1;;;130;0,73%;67
1;;;132;0,15%;68
1;;;592;0,00%;69
1;;;708;0,00%;70
1;;;689;0,50%;71
1;;;139;0,06%;72
1;;;601;0,00%;73
1;;;141;0,31%;74
1;;;143;0,14%;75
